state,district,taluk,village
Andhra Pradesh,Alluri Sitharama Raju,Addateegala,Addateegala
Andhra Pradesh,Alluri Sitharama Raju,Addateegala,Anigeru
Andhra Pradesh,Alluri Sitharama Raju,Addateegala,Annampalem
Andhra Pradesh,Alluri Sitharama Raju,Addateegala,Anukulapalem
Andhra Pradesh,Alluri Sitharama Raju,Addateegala,Atchiyyapeta
Andhra Pradesh,Alluri Sitharama Raju,Addateegala,Badadam
Andhra Pradesh,Alluri Sitharama Raju,Addateegala,Bandakonda
Andhra Pradesh,Alluri Sitharama Raju,Addateegala,Bandamamillu
Andhra Pradesh,Alluri Sitharama Raju,Addateegala,Bhimavaram
Andhra Pradesh,Alluri Sitharama Raju,Addateegala,Bhimudupakalu
Andhra Pradesh,Alluri Sitharama Raju,Addateegala,Bodlanka
Andhra Pradesh,Alluri Sitharama Raju,Addateegala,Chakirevula
Andhra Pradesh,Alluri Sitharama Raju,Addateegala,Chaparatipalem
Andhra Pradesh,Alluri Sitharama Raju,Addateegala,Chikkapugedda
Andhra Pradesh,Alluri Sitharama Raju,Addateegala,Chinamunakanagedda
Andhra Pradesh,Alluri Sitharama Raju,Addateegala,Chinavadisakarra
Andhra Pradesh,Alluri Sitharama Raju,Addateegala,Chinna Addateegala
Andhra Pradesh,Alluri Sitharama Raju,Addateegala,Chinnampadu
Andhra Pradesh,Alluri Sitharama Raju,Addateegala,Chodavaram
Andhra Pradesh,Alluri Sitharama Raju,Addateegala,Choppanagadda
Andhra Pradesh,Alluri Sitharama Raju,Addateegala,Dabbapalem
Andhra Pradesh,Alluri Sitharama Raju,Addateegala,Dakodu
Andhra Pradesh,Alluri Sitharama Raju,Addateegala,D. Ammapeta
Andhra Pradesh,Alluri Sitharama Raju,Addateegala,Darsinuthula @ Regulapadu
Andhra Pradesh,Alluri Sitharama Raju,Addateegala,Dhanayampalem
Andhra Pradesh,Alluri Sitharama Raju,Addateegala,D. Kothuru
Andhra Pradesh,Alluri Sitharama Raju,Addateegala,D. Krishnavaram
Andhra Pradesh,Alluri Sitharama Raju,Addateegala,Doddivaka
Andhra Pradesh,Alluri Sitharama Raju,Addateegala,Dokkapalem
Andhra Pradesh,Alluri Sitharama Raju,Addateegala,Doramamidi
Andhra Pradesh,Alluri Sitharama Raju,Addateegala,D. Pinjarikonda
Andhra Pradesh,Alluri Sitharama Raju,Addateegala,D. Ramavaram
Andhra Pradesh,Alluri Sitharama Raju,Addateegala,Ducherthi
Andhra Pradesh,Alluri Sitharama Raju,Addateegala,Duppalapalem
Andhra Pradesh,Alluri Sitharama Raju,Addateegala,Gadichinnampalem
Andhra Pradesh,Alluri Sitharama Raju,Addateegala,Gangampalem
Andhra Pradesh,Alluri Sitharama Raju,Addateegala,Gavarayyapeta
Andhra Pradesh,Alluri Sitharama Raju,Addateegala,Gondolu
Andhra Pradesh,Alluri Sitharama Raju,Addateegala,Gontuvanipalem
Andhra Pradesh,Alluri Sitharama Raju,Addateegala,Gottilapadu
Andhra Pradesh,Alluri Sitharama Raju,Addateegala,Jajipalem
Andhra Pradesh,Alluri Sitharama Raju,Addateegala,Jalluru
Andhra Pradesh,Alluri Sitharama Raju,Addateegala,Jayachintalapalem
Andhra Pradesh,Alluri Sitharama Raju,Addateegala,Kalimamidi
Andhra Pradesh,Alluri Sitharama Raju,Addateegala,Kimmuru
Andhra Pradesh,Alluri Sitharama Raju,Addateegala,Kinaparti
Andhra Pradesh,Alluri Sitharama Raju,Addateegala,Konalova
Andhra Pradesh,Alluri Sitharama Raju,Addateegala,Kothurupadu
Andhra Pradesh,Alluri Sitharama Raju,Addateegala,Kothurupadu
Andhra Pradesh,Alluri Sitharama Raju,Addateegala,Kottampalem
Andhra Pradesh,Alluri Sitharama Raju,Addateegala,Kottampalem
Andhra Pradesh,Alluri Sitharama Raju,Addateegala,Kovelapalem
Andhra Pradesh,Alluri Sitharama Raju,Addateegala,Languparti
Andhra Pradesh,Alluri Sitharama Raju,Addateegala,Latchireddipalem
Andhra Pradesh,Alluri Sitharama Raju,Addateegala,Makaram
Andhra Pradesh,Alluri Sitharama Raju,Addateegala,Mallavaram Mamillu
Andhra Pradesh,Alluri Sitharama Raju,Addateegala,Mamidipalem
Andhra Pradesh,Alluri Sitharama Raju,Addateegala,Matlapadu
Andhra Pradesh,Alluri Sitharama Raju,Addateegala,Mitlapalem
Andhra Pradesh,Alluri Sitharama Raju,Addateegala,Mulakayala Bhimavaram
Andhra Pradesh,Alluri Sitharama Raju,Addateegala,Nadimpalem
Andhra Pradesh,Alluri Sitharama Raju,Addateegala,Nimmalapalem
Andhra Pradesh,Alluri Sitharama Raju,Addateegala,Nukarai
Andhra Pradesh,Alluri Sitharama Raju,Addateegala,Paidiputtapadu
Andhra Pradesh,Alluri Sitharama Raju,Addateegala,Panasaloddi
Andhra Pradesh,Alluri Sitharama Raju,Addateegala,Panukuratipalem
Andhra Pradesh,Alluri Sitharama Raju,Addateegala,Papampeta
Andhra Pradesh,Alluri Sitharama Raju,Addateegala,Pedamunakanagedda
Andhra Pradesh,Alluri Sitharama Raju,Addateegala,Peddavadisakarra
Andhra Pradesh,Alluri Sitharama Raju,Addateegala,Penikelapadu
Andhra Pradesh,Alluri Sitharama Raju,Addateegala,Pothuluru
Andhra Pradesh,Alluri Sitharama Raju,Addateegala,Puligogulapadu
Andhra Pradesh,Alluri Sitharama Raju,Addateegala,Rajanagaram
Andhra Pradesh,Alluri Sitharama Raju,Addateegala,Rajavaram
Andhra Pradesh,Alluri Sitharama Raju,Addateegala,Ratnampalem
Andhra Pradesh,Alluri Sitharama Raju,Addateegala,Ravigudem
Andhra Pradesh,Alluri Sitharama Raju,Addateegala,Ravulapalem
Andhra Pradesh,Alluri Sitharama Raju,Addateegala,Rayapalle
Andhra Pradesh,Alluri Sitharama Raju,Addateegala,Rollagedda
Andhra Pradesh,Alluri Sitharama Raju,Addateegala,Sarampeta
Andhra Pradesh,Alluri Sitharama Raju,Addateegala,Sarampetapadu
Andhra Pradesh,Alluri Sitharama Raju,Addateegala,Seetharam
Andhra Pradesh,Alluri Sitharama Raju,Addateegala,Settipalle
Andhra Pradesh,Alluri Sitharama Raju,Addateegala,Somannapalem
Andhra Pradesh,Alluri Sitharama Raju,Addateegala,Thimmapuram
Andhra Pradesh,Alluri Sitharama Raju,Addateegala,Thungamadugula
Andhra Pradesh,Alluri Sitharama Raju,Addateegala,Tirumalawada
Andhra Pradesh,Alluri Sitharama Raju,Addateegala,Tiyyamamidi
Andhra Pradesh,Alluri Sitharama Raju,Addateegala,Uligogula
Andhra Pradesh,Alluri Sitharama Raju,Addateegala,Uppalapadu
Andhra Pradesh,Alluri Sitharama Raju,Addateegala,Vangalamadugu
Andhra Pradesh,Alluri Sitharama Raju,Addateegala,Vedullakonda
Andhra Pradesh,Alluri Sitharama Raju,Addateegala,Veerabhadrapuram
Andhra Pradesh,Alluri Sitharama Raju,Addateegala,Veeravaram
Andhra Pradesh,Alluri Sitharama Raju,Addateegala,Venkatanagaram
Andhra Pradesh,Alluri Sitharama Raju,Addateegala,Vetamamidi
Andhra Pradesh,Alluri Sitharama Raju,Addateegala,Vutlapalem
Andhra Pradesh,Alluri Sitharama Raju,Addateegala,Yellapuram
Andhra Pradesh,Alluri Sitharama Raju,Addateegala,Yellavaram
Andhra Pradesh,Alluri Sitharama Raju,Ananthagiri,Addategela
Andhra Pradesh,Alluri Sitharama Raju,Ananthagiri,Ananthagiri
Andhra Pradesh,Alluri Sitharama Raju,Ananthagiri,Baliaguda @ Cheedivalasa
Andhra Pradesh,Alluri Sitharama Raju,Ananthagiri,Baliyaguda
Andhra Pradesh,Alluri Sitharama Raju,Ananthagiri,Ballagaruvu
Andhra Pradesh,Alluri Sitharama Raju,Ananthagiri,Ballamamidi
Andhra Pradesh,Alluri Sitharama Raju,Ananthagiri,Bandakonda
Andhra Pradesh,Alluri Sitharama Raju,Ananthagiri,Bandavalasa
Andhra Pradesh,Alluri Sitharama Raju,Ananthagiri,Bangarampeta
Andhra Pradesh,Alluri Sitharama Raju,Ananthagiri,Banjoda
Andhra Pradesh,Alluri Sitharama Raju,Ananthagiri,Bediliguda
Andhra Pradesh,Alluri Sitharama Raju,Ananthagiri,Bembi
Andhra Pradesh,Alluri Sitharama Raju,Ananthagiri,Bhagamarivalasa
Andhra Pradesh,Alluri Sitharama Raju,Ananthagiri,Bhalluguda
Andhra Pradesh,Alluri Sitharama Raju,Ananthagiri,Bheemavaram
Andhra Pradesh,Alluri Sitharama Raju,Ananthagiri,Bheesupuram
Andhra Pradesh,Alluri Sitharama Raju,Ananthagiri,Billakamba
Andhra Pradesh,Alluri Sitharama Raju,Ananthagiri,Billakota
Andhra Pradesh,Alluri Sitharama Raju,Ananthagiri,Bithragadda
Andhra Pradesh,Alluri Sitharama Raju,Ananthagiri,Bodaguda
Andhra Pradesh,Alluri Sitharama Raju,Ananthagiri,Boddaputtu
Andhra Pradesh,Alluri Sitharama Raju,Ananthagiri,Bonduguda
Andhra Pradesh,Alluri Sitharama Raju,Ananthagiri,Bondyaguda
Andhra Pradesh,Alluri Sitharama Raju,Ananthagiri,Bongija
Andhra Pradesh,Alluri Sitharama Raju,Ananthagiri,Bongija
Andhra Pradesh,Alluri Sitharama Raju,Ananthagiri,Bonuru
Andhra Pradesh,Alluri Sitharama Raju,Ananthagiri,Boodi
Andhra Pradesh,Alluri Sitharama Raju,Ananthagiri,Boraborivalasa
Andhra Pradesh,Alluri Sitharama Raju,Ananthagiri,Boringuvalasa
Andhra Pradesh,Alluri Sitharama Raju,Ananthagiri,Borra
Andhra Pradesh,Alluri Sitharama Raju,Ananthagiri,Borrapalem
Andhra Pradesh,Alluri Sitharama Raju,Ananthagiri,Buddigaruvu
Andhra Pradesh,Alluri Sitharama Raju,Ananthagiri,Buliyaguda @ Buruju
Andhra Pradesh,Alluri Sitharama Raju,Ananthagiri,Buruga
Andhra Pradesh,Alluri Sitharama Raju,Ananthagiri,Burugulapadu
Andhra Pradesh,Alluri Sitharama Raju,Ananthagiri,Busipadu
Andhra Pradesh,Alluri Sitharama Raju,Ananthagiri,Chappadi
Andhra Pradesh,Alluri Sitharama Raju,Ananthagiri,Chatakamba
Andhra Pradesh,Alluri Sitharama Raju,Ananthagiri,Cheedigaruvu
Andhra Pradesh,Alluri Sitharama Raju,Ananthagiri,Cheedimetta
Andhra Pradesh,Alluri Sitharama Raju,Ananthagiri,Cheedivalasa
Andhra Pradesh,Alluri Sitharama Raju,Ananthagiri,Cheedivalasa
Andhra Pradesh,Alluri Sitharama Raju,Ananthagiri,Cheedivalasa
Andhra Pradesh,Alluri Sitharama Raju,Ananthagiri,Cheedivalasa
Andhra Pradesh,Alluri Sitharama Raju,Ananthagiri,Cheedivalasa
Andhra Pradesh,Alluri Sitharama Raju,Ananthagiri,Cherukubidda
Andhra Pradesh,Alluri Sitharama Raju,Ananthagiri,Cherukumadata
Andhra Pradesh,Alluri Sitharama Raju,Ananthagiri,Chilakalagedda
Andhra Pradesh,Alluri Sitharama Raju,Ananthagiri,Chimiti
Andhra Pradesh,Alluri Sitharama Raju,Ananthagiri,Chinaburuga
Andhra Pradesh,Alluri Sitharama Raju,Ananthagiri,China Konela
Andhra Pradesh,Alluri Sitharama Raju,Ananthagiri,China Rabha
Andhra Pradesh,Alluri Sitharama Raju,Ananthagiri,Chindugulapadu
Andhra Pradesh,Alluri Sitharama Raju,Ananthagiri,Chintalapalem
Andhra Pradesh,Alluri Sitharama Raju,Ananthagiri,Chintapaka
Andhra Pradesh,Alluri Sitharama Raju,Ananthagiri,Chippapalle
Andhra Pradesh,Alluri Sitharama Raju,Ananthagiri,Chitrallapalem
Andhra Pradesh,Alluri Sitharama Raju,Ananthagiri,Chittampadu
Andhra Pradesh,Alluri Sitharama Raju,Ananthagiri,Chittamvalasa
Andhra Pradesh,Alluri Sitharama Raju,Ananthagiri,Chittamvalasa
Andhra Pradesh,Alluri Sitharama Raju,Ananthagiri,Dabbalapadu
Andhra Pradesh,Alluri Sitharama Raju,Ananthagiri,Dabbalapadu
Andhra Pradesh,Alluri Sitharama Raju,Ananthagiri,Dabbalapalem
Andhra Pradesh,Alluri Sitharama Raju,Ananthagiri,Dalimputtu
Andhra Pradesh,Alluri Sitharama Raju,Ananthagiri,Damsalavalasa
Andhra Pradesh,Alluri Sitharama Raju,Ananthagiri,Damsarai
Andhra Pradesh,Alluri Sitharama Raju,Ananthagiri,Damuku
Andhra Pradesh,Alluri Sitharama Raju,Ananthagiri,Damukurai
Andhra Pradesh,Alluri Sitharama Raju,Ananthagiri,Dandabadu
Andhra Pradesh,Alluri Sitharama Raju,Ananthagiri,Dayarti
Andhra Pradesh,Alluri Sitharama Raju,Ananthagiri,Dekkapuram
Andhra Pradesh,Alluri Sitharama Raju,Ananthagiri,Dhanukota
Andhra Pradesh,Alluri Sitharama Raju,Ananthagiri,Dibbapalem
Andhra Pradesh,Alluri Sitharama Raju,Ananthagiri,Diguva Kambavalasa
Andhra Pradesh,Alluri Sitharama Raju,Ananthagiri,Diguvamallelu
Andhra Pradesh,Alluri Sitharama Raju,Ananthagiri,Diguvasobha
Andhra Pradesh,Alluri Sitharama Raju,Ananthagiri,Diguvasonabha
Andhra Pradesh,Alluri Sitharama Raju,Ananthagiri,Dimbrivanivandlavada
Andhra Pradesh,Alluri Sitharama Raju,Ananthagiri,Donkaiputtu
Andhra Pradesh,Alluri Sitharama Raju,Ananthagiri,Donumuru
Andhra Pradesh,Alluri Sitharama Raju,Ananthagiri,Doraguda
Andhra Pradesh,Alluri Sitharama Raju,Ananthagiri,Dumbrivalasa
Andhra Pradesh,Alluri Sitharama Raju,Ananthagiri,Eetamanuvalasa
Andhra Pradesh,Alluri Sitharama Raju,Ananthagiri,Eguvamallelu
Andhra Pradesh,Alluri Sitharama Raju,Ananthagiri,Eguvamamidi
Andhra Pradesh,Alluri Sitharama Raju,Ananthagiri,Eguvasobha
Andhra Pradesh,Alluri Sitharama Raju,Ananthagiri,Gaddibanda
Andhra Pradesh,Alluri Sitharama Raju,Ananthagiri,Gaddibanda
Andhra Pradesh,Alluri Sitharama Raju,Ananthagiri,Gadiguda
Andhra Pradesh,Alluri Sitharama Raju,Ananthagiri,Gadilalova
Andhra Pradesh,Alluri Sitharama Raju,Ananthagiri,Gangavaram
Andhra Pradesh,Alluri Sitharama Raju,Ananthagiri,Gangavaram
Andhra Pradesh,Alluri Sitharama Raju,Ananthagiri,Gangudivalasa
Andhra Pradesh,Alluri Sitharama Raju,Ananthagiri,Garugubilli
Andhra Pradesh,Alluri Sitharama Raju,Ananthagiri,Gatuguda
Andhra Pradesh,Alluri Sitharama Raju,Ananthagiri,Gazzellagaruvu
Andhra Pradesh,Alluri Sitharama Raju,Ananthagiri,Getuvalasa
Andhra Pradesh,Alluri Sitharama Raju,Ananthagiri,Godugumamidipalem
Andhra Pradesh,Alluri Sitharama Raju,Ananthagiri,Gommangipadu
Andhra Pradesh,Alluri Sitharama Raju,Ananthagiri,Gondiguda
Andhra Pradesh,Alluri Sitharama Raju,Ananthagiri,Goppulapalem
Andhra Pradesh,Alluri Sitharama Raju,Ananthagiri,Gorregommu
Andhra Pradesh,Alluri Sitharama Raju,Ananthagiri,Gottipadu
Andhra Pradesh,Alluri Sitharama Raju,Ananthagiri,Gudem
Andhra Pradesh,Alluri Sitharama Raju,Ananthagiri,Gujjali
Andhra Pradesh,Alluri Sitharama Raju,Ananthagiri,Gulamalapalle
Andhra Pradesh,Alluri Sitharama Raju,Ananthagiri,Gumma
Andhra Pradesh,Alluri Sitharama Raju,Ananthagiri,Gummanti
Andhra Pradesh,Alluri Sitharama Raju,Ananthagiri,Gummanti
Andhra Pradesh,Alluri Sitharama Raju,Ananthagiri,Gummidipadu
Andhra Pradesh,Alluri Sitharama Raju,Ananthagiri,Gurajala
Andhra Pradesh,Alluri Sitharama Raju,Ananthagiri,Gurilova
Andhra Pradesh,Alluri Sitharama Raju,Ananthagiri,Heetaguda
Andhra Pradesh,Alluri Sitharama Raju,Ananthagiri,Jakariguda
Andhra Pradesh,Alluri Sitharama Raju,Ananthagiri,Jalada
Andhra Pradesh,Alluri Sitharama Raju,Ananthagiri,Jampaputtu
Andhra Pradesh,Alluri Sitharama Raju,Ananthagiri,Jamuguda
Andhra Pradesh,Alluri Sitharama Raju,Ananthagiri,Jeelugulapadu
Andhra Pradesh,Alluri Sitharama Raju,Ananthagiri,Jeenapadu
Andhra Pradesh,Alluri Sitharama Raju,Ananthagiri,Jeerugedda
Andhra Pradesh,Alluri Sitharama Raju,Ananthagiri,Jorlaguda
Andhra Pradesh,Alluri Sitharama Raju,Ananthagiri,Kadarevu
Andhra Pradesh,Alluri Sitharama Raju,Ananthagiri,Kagulagaruvu
Andhra Pradesh,Alluri Sitharama Raju,Ananthagiri,Kakarapadu
Andhra Pradesh,Alluri Sitharama Raju,Ananthagiri,Kamalapuram
Andhra Pradesh,Alluri Sitharama Raju,Ananthagiri,Kambavalasa
Andhra Pradesh,Alluri Sitharama Raju,Ananthagiri,Kambavalasa
Andhra Pradesh,Alluri Sitharama Raju,Ananthagiri,Kannamgaruvu
Andhra Pradesh,Alluri Sitharama Raju,Ananthagiri,Kantipuram
Andhra Pradesh,Alluri Sitharama Raju,Ananthagiri,Kapativalasa
Andhra Pradesh,Alluri Sitharama Raju,Ananthagiri,Karaiguda
Andhra Pradesh,Alluri Sitharama Raju,Ananthagiri,Karaiguda
Andhra Pradesh,Alluri Sitharama Raju,Ananthagiri,Karakavalasa
Andhra Pradesh,Alluri Sitharama Raju,Ananthagiri,Karakavalasa
Andhra Pradesh,Alluri Sitharama Raju,Ananthagiri,Karakavalasa
Andhra Pradesh,Alluri Sitharama Raju,Ananthagiri,Karivesu
Andhra Pradesh,Alluri Sitharama Raju,Ananthagiri,Karriguda
Andhra Pradesh,Alluri Sitharama Raju,Ananthagiri,Kasipatnam
Andhra Pradesh,Alluri Sitharama Raju,Ananthagiri,Katika
Andhra Pradesh,Alluri Sitharama Raju,Ananthagiri,Katimanuvalasa
Andhra Pradesh,Alluri Sitharama Raju,Ananthagiri,Katturu
Andhra Pradesh,Alluri Sitharama Raju,Ananthagiri,Kavaliguda
Andhra Pradesh,Alluri Sitharama Raju,Ananthagiri,Kittalingi
Andhra Pradesh,Alluri Sitharama Raju,Ananthagiri,Kittayyatota
Andhra Pradesh,Alluri Sitharama Raju,Ananthagiri,Kivarla
Andhra Pradesh,Alluri Sitharama Raju,Ananthagiri,Kodamaguda
Andhra Pradesh,Alluri Sitharama Raju,Ananthagiri,Kondavenkatapuram
Andhra Pradesh,Alluri Sitharama Raju,Ananthagiri,Kondemkota
Andhra Pradesh,Alluri Sitharama Raju,Ananthagiri,Kondiba
Andhra Pradesh,Alluri Sitharama Raju,Ananthagiri,Kontysimidi
Andhra Pradesh,Alluri Sitharama Raju,Ananthagiri,Kosamamidi
Andhra Pradesh,Alluri Sitharama Raju,Ananthagiri,Kotaparti
Andhra Pradesh,Alluri Sitharama Raju,Ananthagiri,Kotaparti
Andhra Pradesh,Alluri Sitharama Raju,Ananthagiri,Kotapartivalasa
Andhra Pradesh,Alluri Sitharama Raju,Ananthagiri,Kotharevallapalem
Andhra Pradesh,Alluri Sitharama Raju,Ananthagiri,Kothavalasa
Andhra Pradesh,Alluri Sitharama Raju,Ananthagiri,Kothavalasa
Andhra Pradesh,Alluri Sitharama Raju,Ananthagiri,Kottamguda
Andhra Pradesh,Alluri Sitharama Raju,Ananthagiri,Kottavalasa
Andhra Pradesh,Alluri Sitharama Raju,Ananthagiri,Kottavalasa
Andhra Pradesh,Alluri Sitharama Raju,Ananthagiri,Kottavalasa @ Verumulapuram
Andhra Pradesh,Alluri Sitharama Raju,Ananthagiri,Kotturu
Andhra Pradesh,Alluri Sitharama Raju,Ananthagiri,Kotyaguda
Andhra Pradesh,Alluri Sitharama Raju,Ananthagiri,Krishnapuram
Andhra Pradesh,Alluri Sitharama Raju,Ananthagiri,Kudiya
Andhra Pradesh,Alluri Sitharama Raju,Ananthagiri,Kumburti
Andhra Pradesh,Alluri Sitharama Raju,Ananthagiri,Kummarivalasa
Andhra Pradesh,Alluri Sitharama Raju,Ananthagiri,Kunapuram
Andhra Pradesh,Alluri Sitharama Raju,Ananthagiri,Lanjilaguda
Andhra Pradesh,Alluri Sitharama Raju,Ananthagiri,Laxmipuram
Andhra Pradesh,Alluri Sitharama Raju,Ananthagiri,Laxmipuram
Andhra Pradesh,Alluri Sitharama Raju,Ananthagiri,Liddangi
Andhra Pradesh,Alluri Sitharama Raju,Ananthagiri,Limbaguda @ Nimmada
Andhra Pradesh,Alluri Sitharama Raju,Ananthagiri,Lungaparti
Andhra Pradesh,Alluri Sitharama Raju,Ananthagiri,Maddigaruvu
Andhra Pradesh,Alluri Sitharama Raju,Ananthagiri,Maddipadu
Andhra Pradesh,Alluri Sitharama Raju,Ananthagiri,Madrebu
Andhra Pradesh,Alluri Sitharama Raju,Ananthagiri,Makanapalle
Andhra Pradesh,Alluri Sitharama Raju,Ananthagiri,Malingavalasa
Andhra Pradesh,Alluri Sitharama Raju,Ananthagiri,Malipadu
Andhra Pradesh,Alluri Sitharama Raju,Ananthagiri,Mallampeta
Andhra Pradesh,Alluri Sitharama Raju,Ananthagiri,Mandaparti
Andhra Pradesh,Alluri Sitharama Raju,Ananthagiri,Mandruvalasa
Andhra Pradesh,Alluri Sitharama Raju,Ananthagiri,Mangagumma
Andhra Pradesh,Alluri Sitharama Raju,Ananthagiri,Mardaguda
Andhra Pradesh,Alluri Sitharama Raju,Ananthagiri,Marrimanuvalasa
Andhra Pradesh,Alluri Sitharama Raju,Ananthagiri,Marrivalasa @ Manuvalasa
Andhra Pradesh,Alluri Sitharama Raju,Ananthagiri,Medaparti
Andhra Pradesh,Alluri Sitharama Raju,Ananthagiri,Mettavalasa
Andhra Pradesh,Alluri Sitharama Raju,Ananthagiri,Mettavalasa
Andhra Pradesh,Alluri Sitharama Raju,Ananthagiri,Mirithidungada
Andhra Pradesh,Alluri Sitharama Raju,Ananthagiri,Mondijanguda
Andhra Pradesh,Alluri Sitharama Raju,Ananthagiri,Moolapatnam
Andhra Pradesh,Alluri Sitharama Raju,Ananthagiri,Mulyaguda
Andhra Pradesh,Alluri Sitharama Raju,Ananthagiri,Muvvamvalasa
Andhra Pradesh,Alluri Sitharama Raju,Ananthagiri,Nadimivalasa
Andhra Pradesh,Alluri Sitharama Raju,Ananthagiri,Nakkalamamidi
Andhra Pradesh,Alluri Sitharama Raju,Ananthagiri,Nandanapuram
Andhra Pradesh,Alluri Sitharama Raju,Ananthagiri,Nandigummi
Andhra Pradesh,Alluri Sitharama Raju,Ananthagiri,Nandiguni
Andhra Pradesh,Alluri Sitharama Raju,Ananthagiri,Nandikota
Andhra Pradesh,Alluri Sitharama Raju,Ananthagiri,Nandulavalasa
Andhra Pradesh,Alluri Sitharama Raju,Ananthagiri,Nelapalem
Andhra Pradesh,Alluri Sitharama Raju,Ananthagiri,Nerellavalasa
Andhra Pradesh,Alluri Sitharama Raju,Ananthagiri,Nimmalapadu
Andhra Pradesh,Alluri Sitharama Raju,Ananthagiri,Nimmavuta
Andhra Pradesh,Alluri Sitharama Raju,Ananthagiri,Ninnimamidi
Andhra Pradesh,Alluri Sitharama Raju,Ananthagiri,Nisaniguda
Andhra Pradesh,Alluri Sitharama Raju,Ananthagiri,Nunemamid
Andhra Pradesh,Alluri Sitharama Raju,Ananthagiri,Onikannela
Andhra Pradesh,Alluri Sitharama Raju,Ananthagiri,Onukonda
Andhra Pradesh,Alluri Sitharama Raju,Ananthagiri,Palabandavalasa
Andhra Pradesh,Alluri Sitharama Raju,Ananthagiri,Pallamvanivalasa
Andhra Pradesh,Alluri Sitharama Raju,Ananthagiri,Panasamanuvalasa
Andhra Pradesh,Alluri Sitharama Raju,Ananthagiri,Pandirimamidi
Andhra Pradesh,Alluri Sitharama Raju,Ananthagiri,Pandirimamidi
Andhra Pradesh,Alluri Sitharama Raju,Ananthagiri,Pandirimamidivalasa
Andhra Pradesh,Alluri Sitharama Raju,Ananthagiri,Patakota
Andhra Pradesh,Alluri Sitharama Raju,Ananthagiri,Patipalle
Andhra Pradesh,Alluri Sitharama Raju,Ananthagiri,Patti
Andhra Pradesh,Alluri Sitharama Raju,Ananthagiri,Pedabayalu
Andhra Pradesh,Alluri Sitharama Raju,Ananthagiri,Pedabayalu
Andhra Pradesh,Alluri Sitharama Raju,Ananthagiri,Pedabidda
Andhra Pradesh,Alluri Sitharama Raju,Ananthagiri,Peda Buruga-I
Andhra Pradesh,Alluri Sitharama Raju,Ananthagiri,Pedaburugu II
Andhra Pradesh,Alluri Sitharama Raju,Ananthagiri,Pedagangavaram
Andhra Pradesh,Alluri Sitharama Raju,Ananthagiri,Pedakonela
Andhra Pradesh,Alluri Sitharama Raju,Ananthagiri,Pedakota
Andhra Pradesh,Alluri Sitharama Raju,Ananthagiri,Peda Rabha
Andhra Pradesh,Alluri Sitharama Raju,Ananthagiri,Pedduru
Andhra Pradesh,Alluri Sitharama Raju,Ananthagiri,Pedduru
Andhra Pradesh,Alluri Sitharama Raju,Ananthagiri,Pempuduvalasa
Andhra Pradesh,Alluri Sitharama Raju,Ananthagiri,Penamarti
Andhra Pradesh,Alluri Sitharama Raju,Ananthagiri,Pinakota
Andhra Pradesh,Alluri Sitharama Raju,Ananthagiri,Poderti
Andhra Pradesh,Alluri Sitharama Raju,Ananthagiri,Pooluguda
Andhra Pradesh,Alluri Sitharama Raju,Ananthagiri,Pooluguda
Andhra Pradesh,Alluri Sitharama Raju,Ananthagiri,Pooluguda
Andhra Pradesh,Alluri Sitharama Raju,Ananthagiri,Porlu
Andhra Pradesh,Alluri Sitharama Raju,Ananthagiri,Porlubanda
Andhra Pradesh,Alluri Sitharama Raju,Ananthagiri,Pulusumamidi
Andhra Pradesh,Alluri Sitharama Raju,Ananthagiri,Purulabanda
Andhra Pradesh,Alluri Sitharama Raju,Ananthagiri,Putikaputtu
Andhra Pradesh,Alluri Sitharama Raju,Ananthagiri,Pynampadu
Andhra Pradesh,Alluri Sitharama Raju,Ananthagiri,Rachakilam
Andhra Pradesh,Alluri Sitharama Raju,Ananthagiri,Rajupaka
Andhra Pradesh,Alluri Sitharama Raju,Ananthagiri,Rallagaruvu
Andhra Pradesh,Alluri Sitharama Raju,Ananthagiri,Rampalle
Andhra Pradesh,Alluri Sitharama Raju,Ananthagiri,Ranjaliguda @ Ranginiguda
Andhra Pradesh,Alluri Sitharama Raju,Ananthagiri,Rayavalasa
Andhra Pradesh,Alluri Sitharama Raju,Ananthagiri,Rayipadu
Andhra Pradesh,Alluri Sitharama Raju,Ananthagiri,Regam
Andhra Pradesh,Alluri Sitharama Raju,Ananthagiri,Regapunayagiri
Andhra Pradesh,Alluri Sitharama Raju,Ananthagiri,Regulapalem
Andhra Pradesh,Alluri Sitharama Raju,Ananthagiri,Revallapalem
Andhra Pradesh,Alluri Sitharama Raju,Ananthagiri,R.T.Puram
Andhra Pradesh,Alluri Sitharama Raju,Ananthagiri,Sada
Andhra Pradesh,Alluri Sitharama Raju,Ananthagiri,Samareddipalem
Andhra Pradesh,Alluri Sitharama Raju,Ananthagiri,Sankuparti
Andhra Pradesh,Alluri Sitharama Raju,Ananthagiri,Saraiguda
Andhra Pradesh,Alluri Sitharama Raju,Ananthagiri,Saravani Palem
Andhra Pradesh,Alluri Sitharama Raju,Ananthagiri,Sariapalle
Andhra Pradesh,Alluri Sitharama Raju,Ananthagiri,Sariya
Andhra Pradesh,Alluri Sitharama Raju,Ananthagiri,Seesaguda
Andhra Pradesh,Alluri Sitharama Raju,Ananthagiri,Seesamanda
Andhra Pradesh,Alluri Sitharama Raju,Ananthagiri,Seetampeta
Andhra Pradesh,Alluri Sitharama Raju,Ananthagiri,Singarbha
Andhra Pradesh,Alluri Sitharama Raju,Ananthagiri,Singavaram
Andhra Pradesh,Alluri Sitharama Raju,Ananthagiri,Sivalingapuram
Andhra Pradesh,Alluri Sitharama Raju,Ananthagiri,Solabongu
Andhra Pradesh,Alluri Sitharama Raju,Ananthagiri,Sorasapodaru
Andhra Pradesh,Alluri Sitharama Raju,Ananthagiri,Sottadivalasa
Andhra Pradesh,Alluri Sitharama Raju,Ananthagiri,Sukuduputtu
Andhra Pradesh,Alluri Sitharama Raju,Ananthagiri,Tadiguda
Andhra Pradesh,Alluri Sitharama Raju,Ananthagiri,Talaripadu
Andhra Pradesh,Alluri Sitharama Raju,Ananthagiri,Talaripadu
Andhra Pradesh,Alluri Sitharama Raju,Ananthagiri,Tamuta
Andhra Pradesh,Alluri Sitharama Raju,Ananthagiri,Tangellabanda
Andhra Pradesh,Alluri Sitharama Raju,Ananthagiri,Tankota
Andhra Pradesh,Alluri Sitharama Raju,Ananthagiri,Taragam
Andhra Pradesh,Alluri Sitharama Raju,Ananthagiri,Tattapudi
Andhra Pradesh,Alluri Sitharama Raju,Ananthagiri,Tattavalasa
Andhra Pradesh,Alluri Sitharama Raju,Ananthagiri,Teegalamada
Andhra Pradesh,Alluri Sitharama Raju,Ananthagiri,Tekkapuram
Andhra Pradesh,Alluri Sitharama Raju,Ananthagiri,Tenkalavalasa
Andhra Pradesh,Alluri Sitharama Raju,Ananthagiri,Tenkariguda
Andhra Pradesh,Alluri Sitharama Raju,Ananthagiri,Tenkubudda
Andhra Pradesh,Alluri Sitharama Raju,Ananthagiri,Tenteliguda
Andhra Pradesh,Alluri Sitharama Raju,Ananthagiri,Tenuputtu
Andhra Pradesh,Alluri Sitharama Raju,Ananthagiri,Tokavalasa
Andhra Pradesh,Alluri Sitharama Raju,Ananthagiri,Tokuru
Andhra Pradesh,Alluri Sitharama Raju,Ananthagiri,Totavalasa
Andhra Pradesh,Alluri Sitharama Raju,Ananthagiri,Totavalasa
Andhra Pradesh,Alluri Sitharama Raju,Ananthagiri,Tumbarti
Andhra Pradesh,Alluri Sitharama Raju,Ananthagiri,Tummanuvalasa
Andhra Pradesh,Alluri Sitharama Raju,Ananthagiri,Tunisebu
Andhra Pradesh,Alluri Sitharama Raju,Ananthagiri,Valasala Garuvu
Andhra Pradesh,Alluri Sitharama Raju,Ananthagiri,Valasi
Andhra Pradesh,Alluri Sitharama Raju,Ananthagiri,Vandavalova
Andhra Pradesh,Alluri Sitharama Raju,Ananthagiri,Vanjalavalasa
Andhra Pradesh,Alluri Sitharama Raju,Ananthagiri,Vantarbha
Andhra Pradesh,Alluri Sitharama Raju,Ananthagiri,Vanthalamamidi
Andhra Pradesh,Alluri Sitharama Raju,Ananthagiri,Vanthanagaruvu
Andhra Pradesh,Alluri Sitharama Raju,Ananthagiri,Vantinivanipalem
Andhra Pradesh,Alluri Sitharama Raju,Ananthagiri,Varakavadu
Andhra Pradesh,Alluri Sitharama Raju,Ananthagiri,Vatalamamidi
Andhra Pradesh,Alluri Sitharama Raju,Ananthagiri,Vegupadu
Andhra Pradesh,Alluri Sitharama Raju,Ananthagiri,Velagalapadu
Andhra Pradesh,Alluri Sitharama Raju,Ananthagiri,Velagalapadu
Andhra Pradesh,Alluri Sitharama Raju,Ananthagiri,Velamamidi
Andhra Pradesh,Alluri Sitharama Raju,Ananthagiri,Vengada
Andhra Pradesh,Alluri Sitharama Raju,Ananthagiri,Venkayyapalem
Andhra Pradesh,Alluri Sitharama Raju,Ananthagiri,Voobalu
Andhra Pradesh,Alluri Sitharama Raju,Ananthagiri,Vootagedda
Andhra Pradesh,Alluri Sitharama Raju,Ananthagiri,Vootamamidi
Andhra Pradesh,Alluri Sitharama Raju,Ananthagiri,Vulagumma
Andhra Pradesh,Alluri Sitharama Raju,Ananthagiri,Yerraguppa
Andhra Pradesh,Alluri Sitharama Raju,Ananthagiri,Yerrametta
Andhra Pradesh,Alluri Sitharama Raju,Ananthagiri,Y.S.R.Puram
Andhra Pradesh,Alluri Sitharama Raju,Ananthagiri,Zendagaruvu
Andhra Pradesh,Alluri Sitharama Raju,Araku Valley,Adaru
Andhra Pradesh,Alluri Sitharama Raju,Araku Valley,Addumanda
Andhra Pradesh,Alluri Sitharama Raju,Araku Valley,Amalaguda
Andhra Pradesh,Alluri Sitharama Raju,Araku Valley,Antiparthi
Andhra Pradesh,Alluri Sitharama Raju,Araku Valley,Bairuguda
Andhra Pradesh,Alluri Sitharama Raju,Araku Valley,Baliyaguda
Andhra Pradesh,Alluri Sitharama Raju,Araku Valley,Baliyaguda
Andhra Pradesh,Alluri Sitharama Raju,Araku Valley,Bamsuguda
Andhra Pradesh,Alluri Sitharama Raju,Araku Valley,Bandapanuvalasa
Andhra Pradesh,Alluri Sitharama Raju,Araku Valley,Baski
Andhra Pradesh,Alluri Sitharama Raju,Araku Valley,Battivalasa
Andhra Pradesh,Alluri Sitharama Raju,Araku Valley,Beddaguda
Andhra Pradesh,Alluri Sitharama Raju,Araku Valley,Beddaguda
Andhra Pradesh,Alluri Sitharama Raju,Araku Valley,Bishnuguda
Andhra Pradesh,Alluri Sitharama Raju,Araku Valley,Boduguda
Andhra Pradesh,Alluri Sitharama Raju,Araku Valley,Bondaguda
Andhra Pradesh,Alluri Sitharama Raju,Araku Valley,Bondam
Andhra Pradesh,Alluri Sitharama Raju,Araku Valley,Bonduguda
Andhra Pradesh,Alluri Sitharama Raju,Araku Valley,Bonduguda
Andhra Pradesh,Alluri Sitharama Raju,Araku Valley,Borrachinta
Andhra Pradesh,Alluri Sitharama Raju,Araku Valley,Borrakaluvalasa
Andhra Pradesh,Alluri Sitharama Raju,Araku Valley,Borriguda
Andhra Pradesh,Alluri Sitharama Raju,Araku Valley,Bosubeda
Andhra Pradesh,Alluri Sitharama Raju,Araku Valley,Boyiguda
Andhra Pradesh,Alluri Sitharama Raju,Araku Valley,Chandrapoda
Andhra Pradesh,Alluri Sitharama Raju,Araku Valley,Cheedivalasa
Andhra Pradesh,Alluri Sitharama Raju,Araku Valley,Chellubadi
Andhra Pradesh,Alluri Sitharama Raju,Araku Valley,Chendrapodaru
Andhra Pradesh,Alluri Sitharama Raju,Araku Valley,Chinagangagudi
Andhra Pradesh,Alluri Sitharama Raju,Araku Valley,Chinalabudu
Andhra Pradesh,Alluri Sitharama Raju,Araku Valley,Chittamgondi
Andhra Pradesh,Alluri Sitharama Raju,Araku Valley,Chompi
Andhra Pradesh,Alluri Sitharama Raju,Araku Valley,Dabuguda
Andhra Pradesh,Alluri Sitharama Raju,Araku Valley,Daburangini
Andhra Pradesh,Alluri Sitharama Raju,Araku Valley,Dalapatiguda
Andhra Pradesh,Alluri Sitharama Raju,Araku Valley,Danasalavalasa
Andhra Pradesh,Alluri Sitharama Raju,Araku Valley,Danirangini
Andhra Pradesh,Alluri Sitharama Raju,Araku Valley,Dappuguda
Andhra Pradesh,Alluri Sitharama Raju,Araku Valley,Davadaguda
Andhra Pradesh,Alluri Sitharama Raju,Araku Valley,Dellipadu
Andhra Pradesh,Alluri Sitharama Raju,Araku Valley,Devarapalle
Andhra Pradesh,Alluri Sitharama Raju,Araku Valley,Dhoburangini
Andhra Pradesh,Alluri Sitharama Raju,Araku Valley,Dingriputtu
Andhra Pradesh,Alluri Sitharama Raju,Araku Valley,Dolliguda
Andhra Pradesh,Alluri Sitharama Raju,Araku Valley,Domalajoru
Andhra Pradesh,Alluri Sitharama Raju,Araku Valley,Doraguda
Andhra Pradesh,Alluri Sitharama Raju,Araku Valley,Duddikonda
Andhra Pradesh,Alluri Sitharama Raju,Araku Valley,Dumbriguda
Andhra Pradesh,Alluri Sitharama Raju,Araku Valley,Dungiyaputtu
Andhra Pradesh,Alluri Sitharama Raju,Araku Valley,Gadyaguda
Andhra Pradesh,Alluri Sitharama Raju,Araku Valley,Gandametta
Andhra Pradesh,Alluri Sitharama Raju,Araku Valley,Gangasanivalasa
Andhra Pradesh,Alluri Sitharama Raju,Araku Valley,Ganjayavalasa
Andhra Pradesh,Alluri Sitharama Raju,Araku Valley,Gannela
Andhra Pradesh,Alluri Sitharama Raju,Araku Valley,Garudaguda
Andhra Pradesh,Alluri Sitharama Raju,Araku Valley,Gatapadu
Andhra Pradesh,Alluri Sitharama Raju,Araku Valley,Gattanaguda
Andhra Pradesh,Alluri Sitharama Raju,Araku Valley,Gattaraguda
Andhra Pradesh,Alluri Sitharama Raju,Araku Valley,Gatuguda
Andhra Pradesh,Alluri Sitharama Raju,Araku Valley,Girliguda
Andhra Pradesh,Alluri Sitharama Raju,Araku Valley,Gojara
Andhra Pradesh,Alluri Sitharama Raju,Araku Valley,Gondiguda
Andhra Pradesh,Alluri Sitharama Raju,Araku Valley,Gugguda
Andhra Pradesh,Alluri Sitharama Raju,Araku Valley,Hattaguda
Andhra Pradesh,Alluri Sitharama Raju,Araku Valley,Iragai
Andhra Pradesh,Alluri Sitharama Raju,Araku Valley,Jaginivalasa
Andhra Pradesh,Alluri Sitharama Raju,Araku Valley,Janamguda
Andhra Pradesh,Alluri Sitharama Raju,Araku Valley,Janamguda
Andhra Pradesh,Alluri Sitharama Raju,Araku Valley,Jarimanuguda
Andhra Pradesh,Alluri Sitharama Raju,Araku Valley,Jarlangi
Andhra Pradesh,Alluri Sitharama Raju,Araku Valley,Kaguvalasa
Andhra Pradesh,Alluri Sitharama Raju,Araku Valley,Kaguvalasa
Andhra Pradesh,Alluri Sitharama Raju,Araku Valley,Kajjuruguda
Andhra Pradesh,Alluri Sitharama Raju,Araku Valley,Kamalabanda
Andhra Pradesh,Alluri Sitharama Raju,Araku Valley,Kamalatota
Andhra Pradesh,Alluri Sitharama Raju,Araku Valley,Kandulaguddi
Andhra Pradesh,Alluri Sitharama Raju,Araku Valley,Kantabamsuguda (Ct)
Andhra Pradesh,Alluri Sitharama Raju,Araku Valley,Kappalagondi
Andhra Pradesh,Alluri Sitharama Raju,Araku Valley,Karakavalasa
Andhra Pradesh,Alluri Sitharama Raju,Araku Valley,Kentubade
Andhra Pradesh,Alluri Sitharama Raju,Araku Valley,Kikkatiguda
Andhra Pradesh,Alluri Sitharama Raju,Araku Valley,Kinnamguda
Andhra Pradesh,Alluri Sitharama Raju,Araku Valley,Kodipunjuvalasa
Andhra Pradesh,Alluri Sitharama Raju,Araku Valley,Koliyaguda
Andhra Pradesh,Alluri Sitharama Raju,Araku Valley,Korraguda
Andhra Pradesh,Alluri Sitharama Raju,Araku Valley,Korraguda
Andhra Pradesh,Alluri Sitharama Raju,Araku Valley,Korraguda
Andhra Pradesh,Alluri Sitharama Raju,Araku Valley,Kosiguda
Andhra Pradesh,Alluri Sitharama Raju,Araku Valley,Kothaballuguda
Andhra Pradesh,Alluri Sitharama Raju,Araku Valley,Kothavalasa
Andhra Pradesh,Alluri Sitharama Raju,Araku Valley,Kottavalasa
Andhra Pradesh,Alluri Sitharama Raju,Araku Valley,Kottavalasa
Andhra Pradesh,Alluri Sitharama Raju,Araku Valley,Kundiguda
Andhra Pradesh,Alluri Sitharama Raju,Araku Valley,Kuruseela
Andhra Pradesh,Alluri Sitharama Raju,Araku Valley,Kusumguda
Andhra Pradesh,Alluri Sitharama Raju,Araku Valley,Lamtampadu
Andhra Pradesh,Alluri Sitharama Raju,Araku Valley,Landiguda
Andhra Pradesh,Alluri Sitharama Raju,Araku Valley,Leddangi
Andhra Pradesh,Alluri Sitharama Raju,Araku Valley,Lembaguda
Andhra Pradesh,Alluri Sitharama Raju,Araku Valley,Limbaguda
Andhra Pradesh,Alluri Sitharama Raju,Araku Valley,Littiguda
Andhra Pradesh,Alluri Sitharama Raju,Araku Valley,Loteru Musiriguda
Andhra Pradesh,Alluri Sitharama Raju,Araku Valley,Lotheru
Andhra Pradesh,Alluri Sitharama Raju,Araku Valley,Madaguda
Andhra Pradesh,Alluri Sitharama Raju,Araku Valley,Madala
Andhra Pradesh,Alluri Sitharama Raju,Araku Valley,Majjivalasa
Andhra Pradesh,Alluri Sitharama Raju,Araku Valley,Mala Singaram
Andhra Pradesh,Alluri Sitharama Raju,Araku Valley,Manjuguda
Andhra Pradesh,Alluri Sitharama Raju,Araku Valley,Mettapadu
Andhra Pradesh,Alluri Sitharama Raju,Araku Valley,Mettapadu
Andhra Pradesh,Alluri Sitharama Raju,Araku Valley,Morriguda
Andhra Pradesh,Alluri Sitharama Raju,Araku Valley,Mulyagalugu
Andhra Pradesh,Alluri Sitharama Raju,Araku Valley,Musiriguda
Andhra Pradesh,Alluri Sitharama Raju,Araku Valley,Musriguda
Andhra Pradesh,Alluri Sitharama Raju,Araku Valley,Nanda
Andhra Pradesh,Alluri Sitharama Raju,Araku Valley,Nandiguda
Andhra Pradesh,Alluri Sitharama Raju,Araku Valley,Ninnimamidivalasa
Andhra Pradesh,Alluri Sitharama Raju,Araku Valley,Novvaguda
Andhra Pradesh,Alluri Sitharama Raju,Araku Valley,Padmapuram
Andhra Pradesh,Alluri Sitharama Raju,Araku Valley,Pakanaguda
Andhra Pradesh,Alluri Sitharama Raju,Araku Valley,Panirangini
Andhra Pradesh,Alluri Sitharama Raju,Araku Valley,Pappuduvalasa
Andhra Pradesh,Alluri Sitharama Raju,Araku Valley,Pathaballuguda
Andhra Pradesh,Alluri Sitharama Raju,Araku Valley,Pedagangagudi
Andhra Pradesh,Alluri Sitharama Raju,Araku Valley,Pedagaruvu
Andhra Pradesh,Alluri Sitharama Raju,Araku Valley,Pedageddavalasa
Andhra Pradesh,Alluri Sitharama Raju,Araku Valley,Peda Labudu
Andhra Pradesh,Alluri Sitharama Raju,Araku Valley,Peda Valasa
Andhra Pradesh,Alluri Sitharama Raju,Araku Valley,Piribanda
Andhra Pradesh,Alluri Sitharama Raju,Araku Valley,Piripodaru
Andhra Pradesh,Alluri Sitharama Raju,Araku Valley,Pitraguda
Andhra Pradesh,Alluri Sitharama Raju,Araku Valley,Pittamarriguda
Andhra Pradesh,Alluri Sitharama Raju,Araku Valley,Polamguda
Andhra Pradesh,Alluri Sitharama Raju,Araku Valley,Polliguda
Andhra Pradesh,Alluri Sitharama Raju,Araku Valley,Pooluguda
Andhra Pradesh,Alluri Sitharama Raju,Araku Valley,Pottangipadu
Andhra Pradesh,Alluri Sitharama Raju,Araku Valley,Pujaribanda
Andhra Pradesh,Alluri Sitharama Raju,Araku Valley,Raktakandi
Andhra Pradesh,Alluri Sitharama Raju,Araku Valley,Ramakrishnanagar
Andhra Pradesh,Alluri Sitharama Raju,Araku Valley,Rampuduvalasa
Andhra Pradesh,Alluri Sitharama Raju,Araku Valley,Ranajilleda
Andhra Pradesh,Alluri Sitharama Raju,Araku Valley,Ranginiguda
Andhra Pradesh,Alluri Sitharama Raju,Araku Valley,Ravvalaguda
Andhra Pradesh,Alluri Sitharama Raju,Araku Valley,Rega
Andhra Pradesh,Alluri Sitharama Raju,Araku Valley,Sabaka
Andhra Pradesh,Alluri Sitharama Raju,Araku Valley,Sarabhaguda
Andhra Pradesh,Alluri Sitharama Raju,Araku Valley,Sarubedda
Andhra Pradesh,Alluri Sitharama Raju,Araku Valley,Sarubedda
Andhra Pradesh,Alluri Sitharama Raju,Araku Valley,Siragam
Andhra Pradesh,Alluri Sitharama Raju,Araku Valley,Sirasaguda
Andhra Pradesh,Alluri Sitharama Raju,Araku Valley,Somelapadu
Andhra Pradesh,Alluri Sitharama Raju,Araku Valley,Sukuruguda
Andhra Pradesh,Alluri Sitharama Raju,Araku Valley,Sunkarametta
Andhra Pradesh,Alluri Sitharama Raju,Araku Valley,Tadaka
Andhra Pradesh,Alluri Sitharama Raju,Araku Valley,Tangulabedda
Andhra Pradesh,Alluri Sitharama Raju,Araku Valley,Tidiguda
Andhra Pradesh,Alluri Sitharama Raju,Araku Valley,Todubanda
Andhra Pradesh,Alluri Sitharama Raju,Araku Valley,Tokavalasa
Andhra Pradesh,Alluri Sitharama Raju,Araku Valley,Tokavalasa
Andhra Pradesh,Alluri Sitharama Raju,Araku Valley,Toradambuvalasa
Andhra Pradesh,Alluri Sitharama Raju,Araku Valley,Totavalasa
Andhra Pradesh,Alluri Sitharama Raju,Araku Valley,Totavalasa
Andhra Pradesh,Alluri Sitharama Raju,Araku Valley,Totavalasa
Andhra Pradesh,Alluri Sitharama Raju,Araku Valley,Totavalasa
Andhra Pradesh,Alluri Sitharama Raju,Araku Valley,Tudumu
Andhra Pradesh,Alluri Sitharama Raju,Araku Valley,Tungagedda
Andhra Pradesh,Alluri Sitharama Raju,Araku Valley,Urumulu
Andhra Pradesh,Alluri Sitharama Raju,Araku Valley,Validipanasa
Andhra Pradesh,Alluri Sitharama Raju,Araku Valley,Vanthalaguda
Andhra Pradesh,Alluri Sitharama Raju,Araku Valley,Vanthamuru
Andhra Pradesh,Alluri Sitharama Raju,Araku Valley,Varra
Andhra Pradesh,Alluri Sitharama Raju,Araku Valley,Yandapallivalasa
Andhra Pradesh,Alluri Sitharama Raju,Chinthapalli,Anjalam
Andhra Pradesh,Alluri Sitharama Raju,Chinthapalli,Annavaram
Andhra Pradesh,Alluri Sitharama Raju,Chinthapalli,Antharla
Andhra Pradesh,Alluri Sitharama Raju,Chinthapalli,Asirada
Andhra Pradesh,Alluri Sitharama Raju,Chinthapalli,Baddimetta
Andhra Pradesh,Alluri Sitharama Raju,Chinthapalli,Balabadram
Andhra Pradesh,Alluri Sitharama Raju,Chinthapalli,Balajipeta
Andhra Pradesh,Alluri Sitharama Raju,Chinthapalli,Balapam
Andhra Pradesh,Alluri Sitharama Raju,Chinthapalli,Bandabayalu
Andhra Pradesh,Alluri Sitharama Raju,Chinthapalli,Bangarugummi
Andhra Pradesh,Alluri Sitharama Raju,Chinthapalli,Barikadorapakalu @ Rajupakalu
Andhra Pradesh,Alluri Sitharama Raju,Chinthapalli,Basangi Kothuru
Andhra Pradesh,Alluri Sitharama Raju,Chinthapalli,Bayalukinchangi
Andhra Pradesh,Alluri Sitharama Raju,Chinthapalli,Bayapadu
Andhra Pradesh,Alluri Sitharama Raju,Chinthapalli,Bemudichatru
Andhra Pradesh,Alluri Sitharama Raju,Chinthapalli,Bennavaram
Andhra Pradesh,Alluri Sitharama Raju,Chinthapalli,Bennavaram
Andhra Pradesh,Alluri Sitharama Raju,Chinthapalli,Bheemanapalle
Andhra Pradesh,Alluri Sitharama Raju,Chinthapalli,Bheemanupalle
Andhra Pradesh,Alluri Sitharama Raju,Chinthapalli,Bheemasingi
Andhra Pradesh,Alluri Sitharama Raju,Chinthapalli,Boddajuvvi
Andhra Pradesh,Alluri Sitharama Raju,Chinthapalli,Boddaputtu
Andhra Pradesh,Alluri Sitharama Raju,Chinthapalli,Bokkellu
Andhra Pradesh,Alluri Sitharama Raju,Chinthapalli,Borramamidi
Andhra Pradesh,Alluri Sitharama Raju,Chinthapalli,Bourthy
Andhra Pradesh,Alluri Sitharama Raju,Chinthapalli,Bowda
Andhra Pradesh,Alluri Sitharama Raju,Chinthapalli,Boyalagudem
Andhra Pradesh,Alluri Sitharama Raju,Chinthapalli,Budidapadu
Andhra Pradesh,Alluri Sitharama Raju,Chinthapalli,Buradamamidi
Andhra Pradesh,Alluri Sitharama Raju,Chinthapalli,Burisingi
Andhra Pradesh,Alluri Sitharama Raju,Chinthapalli,Burugubailu
Andhra Pradesh,Alluri Sitharama Raju,Chinthapalli,Busibanda
Andhra Pradesh,Alluri Sitharama Raju,Chinthapalli,Busulakota
Andhra Pradesh,Alluri Sitharama Raju,Chinthapalli,Chadalapadu
Andhra Pradesh,Alluri Sitharama Raju,Chinthapalli,Chadipeta
Andhra Pradesh,Alluri Sitharama Raju,Chinthapalli,Chavatapadu
Andhra Pradesh,Alluri Sitharama Raju,Chinthapalli,Cheemalabayalu
Andhra Pradesh,Alluri Sitharama Raju,Chinthapalli,Cherapalle
Andhra Pradesh,Alluri Sitharama Raju,Chinthapalli,Cherukumpakalu
Andhra Pradesh,Alluri Sitharama Raju,Chinthapalli,Cheruvuru
Andhra Pradesh,Alluri Sitharama Raju,Chinthapalli,Chilakalamamidi
Andhra Pradesh,Alluri Sitharama Raju,Chinthapalli,Chinnabarada
Andhra Pradesh,Alluri Sitharama Raju,Chinthapalli,Chinna Gedda
Andhra Pradesh,Alluri Sitharama Raju,Chinthapalli,Chinna Rajupakalu
Andhra Pradesh,Alluri Sitharama Raju,Chinthapalli,Chinnayyapalem
Andhra Pradesh,Alluri Sitharama Raju,Chinthapalli,Chintapalle (Ct)
Andhra Pradesh,Alluri Sitharama Raju,Chinthapalli,Chinthaluru
Andhra Pradesh,Alluri Sitharama Raju,Chinthapalli,Chitrallagoppu
Andhra Pradesh,Alluri Sitharama Raju,Chinthapalli,Chittamgaruvu
Andhra Pradesh,Alluri Sitharama Raju,Chinthapalli,Chowdupalle
Andhra Pradesh,Alluri Sitharama Raju,Chinthapalli,Dasuduveedhi
Andhra Pradesh,Alluri Sitharama Raju,Chinthapalli,Debbagaruvu
Andhra Pradesh,Alluri Sitharama Raju,Chinthapalli,Degalapalem
Andhra Pradesh,Alluri Sitharama Raju,Chinthapalli,Digavalasapalle
Andhra Pradesh,Alluri Sitharama Raju,Chinthapalli,Digijanaba
Andhra Pradesh,Alluri Sitharama Raju,Chinthapalli,Diguvapakalu
Andhra Pradesh,Alluri Sitharama Raju,Chinthapalli,Domalagondhi
Andhra Pradesh,Alluri Sitharama Raju,Chinthapalli,Dongalega
Andhra Pradesh,Alluri Sitharama Raju,Chinthapalli,Donipolalu
Andhra Pradesh,Alluri Sitharama Raju,Chinthapalli,Dovarapalle
Andhra Pradesh,Alluri Sitharama Raju,Chinthapalli,Egajanaba
Andhra Pradesh,Alluri Sitharama Raju,Chinthapalli,Egavalasapalle
Andhra Pradesh,Alluri Sitharama Raju,Chinthapalli,Gadapari
Andhra Pradesh,Alluri Sitharama Raju,Chinthapalli,Gaddibanda
Andhra Pradesh,Alluri Sitharama Raju,Chinthapalli,Gangavaram
Andhra Pradesh,Alluri Sitharama Raju,Chinthapalli,Ganugulapadu
Andhra Pradesh,Alluri Sitharama Raju,Chinthapalli,Gattumpakalu
Andhra Pradesh,Alluri Sitharama Raju,Chinthapalli,Genjigedda
Andhra Pradesh,Alluri Sitharama Raju,Chinthapalli,Genjigedda
Andhra Pradesh,Alluri Sitharama Raju,Chinthapalli,Gerrilagadda
Andhra Pradesh,Alluri Sitharama Raju,Chinthapalli,Gochapalle
Andhra Pradesh,Alluri Sitharama Raju,Chinthapalli,Goddibanda
Andhra Pradesh,Alluri Sitharama Raju,Chinthapalli,Godugulametta
Andhra Pradesh,Alluri Sitharama Raju,Chinthapalli,Godugumamidi
Andhra Pradesh,Alluri Sitharama Raju,Chinthapalli,Godugumamidi
Andhra Pradesh,Alluri Sitharama Raju,Chinthapalli,Godugumamidi
Andhra Pradesh,Alluri Sitharama Raju,Chinthapalli,Gondipakalu
Andhra Pradesh,Alluri Sitharama Raju,Chinthapalli,Goppugudiselu
Andhra Pradesh,Alluri Sitharama Raju,Chinthapalli,Gorrelametta
Andhra Pradesh,Alluri Sitharama Raju,Chinthapalli,Gosaigondhi
Andhra Pradesh,Alluri Sitharama Raju,Chinthapalli,Goyyalametta
Andhra Pradesh,Alluri Sitharama Raju,Chinthapalli,Gummidipalem
Andhra Pradesh,Alluri Sitharama Raju,Chinthapalli,Gunnamamidi
Andhra Pradesh,Alluri Sitharama Raju,Chinthapalli,Itikabedda
Andhra Pradesh,Alluri Sitharama Raju,Chinthapalli,Jaduguru
Andhra Pradesh,Alluri Sitharama Raju,Chinthapalli,Jangambanda
Andhra Pradesh,Alluri Sitharama Raju,Chinthapalli,Jangambuddi
Andhra Pradesh,Alluri Sitharama Raju,Chinthapalli,Jangampakalu
Andhra Pradesh,Alluri Sitharama Raju,Chinthapalli,Jangampakalu
Andhra Pradesh,Alluri Sitharama Raju,Chinthapalli,Jeelugumetta
Andhra Pradesh,Alluri Sitharama Raju,Chinthapalli,Jerrigedda
Andhra Pradesh,Alluri Sitharama Raju,Chinthapalli,Joharu
Andhra Pradesh,Alluri Sitharama Raju,Chinthapalli,Joheru
Andhra Pradesh,Alluri Sitharama Raju,Chinthapalli,Junnulu
Andhra Pradesh,Alluri Sitharama Raju,Chinthapalli,Kadasilpa
Andhra Pradesh,Alluri Sitharama Raju,Chinthapalli,Kagulabanda
Andhra Pradesh,Alluri Sitharama Raju,Chinthapalli,Kandulagodi
Andhra Pradesh,Alluri Sitharama Raju,Chinthapalli,Kapasupadu
Andhra Pradesh,Alluri Sitharama Raju,Chinthapalli,Kappagondhi
Andhra Pradesh,Alluri Sitharama Raju,Chinthapalli,Kappalu
Andhra Pradesh,Alluri Sitharama Raju,Chinthapalli,Karakapalle
Andhra Pradesh,Alluri Sitharama Raju,Chinthapalli,Karakapalle
Andhra Pradesh,Alluri Sitharama Raju,Chinthapalli,Kattubanda
Andhra Pradesh,Alluri Sitharama Raju,Chinthapalli,Kikkisalabanda
Andhra Pradesh,Alluri Sitharama Raju,Chinthapalli,Kilimisingi Durgam
Andhra Pradesh,Alluri Sitharama Raju,Chinthapalli,Kinnerla
Andhra Pradesh,Alluri Sitharama Raju,Chinthapalli,Kitumula
Andhra Pradesh,Alluri Sitharama Raju,Chinthapalli,Kitumula
Andhra Pradesh,Alluri Sitharama Raju,Chinthapalli,Kolanubanda
Andhra Pradesh,Alluri Sitharama Raju,Chinthapalli,Kolapari
Andhra Pradesh,Alluri Sitharama Raju,Chinthapalli,Kommangi
Andhra Pradesh,Alluri Sitharama Raju,Chinthapalli,Kondavanchula
Andhra Pradesh,Alluri Sitharama Raju,Chinthapalli,Korrabanda
Andhra Pradesh,Alluri Sitharama Raju,Chinthapalli,Korukonda
Andhra Pradesh,Alluri Sitharama Raju,Chinthapalli,Korukonda
Andhra Pradesh,Alluri Sitharama Raju,Chinthapalli,Kotagunnalu
Andhra Pradesh,Alluri Sitharama Raju,Chinthapalli,Kothapalem
Andhra Pradesh,Alluri Sitharama Raju,Chinthapalli,Kothaveedhi
Andhra Pradesh,Alluri Sitharama Raju,Chinthapalli,Kothavuru
Andhra Pradesh,Alluri Sitharama Raju,Chinthapalli,Krishnapuram
Andhra Pradesh,Alluri Sitharama Raju,Chinthapalli,Kudumulu
Andhra Pradesh,Alluri Sitharama Raju,Chinthapalli,Kudumusari
Andhra Pradesh,Alluri Sitharama Raju,Chinthapalli,Kudupusingi
Andhra Pradesh,Alluri Sitharama Raju,Chinthapalli,Kummarivanchala
Andhra Pradesh,Alluri Sitharama Raju,Chinthapalli,Kuramanapakalu
Andhra Pradesh,Alluri Sitharama Raju,Chinthapalli,Kurusingi
Andhra Pradesh,Alluri Sitharama Raju,Chinthapalli,Labbangi
Andhra Pradesh,Alluri Sitharama Raju,Chinthapalli,Labbangikothaveedhi
Andhra Pradesh,Alluri Sitharama Raju,Chinthapalli,Lakkavaram
Andhra Pradesh,Alluri Sitharama Raju,Chinthapalli,Lakshmipuram
Andhra Pradesh,Alluri Sitharama Raju,Chinthapalli,Lambadampalle
Andhra Pradesh,Alluri Sitharama Raju,Chinthapalli,Lammadampalle
Andhra Pradesh,Alluri Sitharama Raju,Chinthapalli,Lammasingi
Andhra Pradesh,Alluri Sitharama Raju,Chinthapalli,Lingalagudi
Andhra Pradesh,Alluri Sitharama Raju,Chinthapalli,Lothugedda
Andhra Pradesh,Alluri Sitharama Raju,Chinthapalli,Lubbagunta
Andhra Pradesh,Alluri Sitharama Raju,Chinthapalli,Lumburu
Andhra Pradesh,Alluri Sitharama Raju,Chinthapalli,Madigunta
Andhra Pradesh,Alluri Sitharama Raju,Chinthapalli,Madimabanda
Andhra Pradesh,Alluri Sitharama Raju,Chinthapalli,Mallavaram
Andhra Pradesh,Alluri Sitharama Raju,Chinthapalli,Mamidipalle
Andhra Pradesh,Alluri Sitharama Raju,Chinthapalli,Mandipalle
Andhra Pradesh,Alluri Sitharama Raju,Chinthapalli,Marrichettu Pakalu
Andhra Pradesh,Alluri Sitharama Raju,Chinthapalli,Matchalamamidi
Andhra Pradesh,Alluri Sitharama Raju,Chinthapalli,Meduru
Andhra Pradesh,Alluri Sitharama Raju,Chinthapalli,Merakalu
Andhra Pradesh,Alluri Sitharama Raju,Chinthapalli,Mulusubanda
Andhra Pradesh,Alluri Sitharama Raju,Chinthapalli,Munthamamidi
Andhra Pradesh,Alluri Sitharama Raju,Chinthapalli,Nadimipalem
Andhra Pradesh,Alluri Sitharama Raju,Chinthapalli,Nagraharam
Andhra Pradesh,Alluri Sitharama Raju,Chinthapalli,Nagulagondi
Andhra Pradesh,Alluri Sitharama Raju,Chinthapalli,Nimmalapadu
Andhra Pradesh,Alluri Sitharama Raju,Chinthapalli,Nimmalapalem
Andhra Pradesh,Alluri Sitharama Raju,Chinthapalli,Nuthibanda
Andhra Pradesh,Alluri Sitharama Raju,Chinthapalli,Ona Chakarayabanda
Andhra Pradesh,Alluri Sitharama Raju,Chinthapalli,Pakabu
Andhra Pradesh,Alluri Sitharama Raju,Chinthapalli,Palada
Andhra Pradesh,Alluri Sitharama Raju,Chinthapalli,Palamamidi
Andhra Pradesh,Alluri Sitharama Raju,Chinthapalli,Pamulachintabanda
Andhra Pradesh,Alluri Sitharama Raju,Chinthapalli,Panasalapadu
Andhra Pradesh,Alluri Sitharama Raju,Chinthapalli,Pandlimamidi
Andhra Pradesh,Alluri Sitharama Raju,Chinthapalli,Parikalu
Andhra Pradesh,Alluri Sitharama Raju,Chinthapalli,Pasuvulabanda
Andhra Pradesh,Alluri Sitharama Raju,Chinthapalli,Pathapadu
Andhra Pradesh,Alluri Sitharama Raju,Chinthapalli,Pedabarada
Andhra Pradesh,Alluri Sitharama Raju,Chinthapalli,Pedagaruvu
Andhra Pradesh,Alluri Sitharama Raju,Chinthapalli,Pedagondhi
Andhra Pradesh,Alluri Sitharama Raju,Chinthapalli,Pedakonda
Andhra Pradesh,Alluri Sitharama Raju,Chinthapalli,Pedapakalu
Andhra Pradesh,Alluri Sitharama Raju,Chinthapalli,Pina Kothuru
Andhra Pradesh,Alluri Sitharama Raju,Chinthapalli,Pinapadu
Andhra Pradesh,Alluri Sitharama Raju,Chinthapalli,Pinapadu
Andhra Pradesh,Alluri Sitharama Raju,Chinthapalli,Polamabanda
Andhra Pradesh,Alluri Sitharama Raju,Chinthapalli,Polugonta
Andhra Pradesh,Alluri Sitharama Raju,Chinthapalli,Porlubanda
Andhra Pradesh,Alluri Sitharama Raju,Chinthapalli,Pothurajugummalu
Andhra Pradesh,Alluri Sitharama Raju,Chinthapalli,Pothurajugunnalu
Andhra Pradesh,Alluri Sitharama Raju,Chinthapalli,Puligondhi
Andhra Pradesh,Alluri Sitharama Raju,Chinthapalli,Puligondi
Andhra Pradesh,Alluri Sitharama Raju,Chinthapalli,Pullalamamidi
Andhra Pradesh,Alluri Sitharama Raju,Chinthapalli,Pusalapalem
Andhra Pradesh,Alluri Sitharama Raju,Chinthapalli,Rachapanasa
Andhra Pradesh,Alluri Sitharama Raju,Chinthapalli,Rachapanukulu
Andhra Pradesh,Alluri Sitharama Raju,Chinthapalli,Rajubanda
Andhra Pradesh,Alluri Sitharama Raju,Chinthapalli,Rakota
Andhra Pradesh,Alluri Sitharama Raju,Chinthapalli,Rallagedda
Andhra Pradesh,Alluri Sitharama Raju,Chinthapalli,Rallagedda Kothuru
Andhra Pradesh,Alluri Sitharama Raju,Chinthapalli,Ravimanupakalu
Andhra Pradesh,Alluri Sitharama Raju,Chinthapalli,Rayipalem
Andhra Pradesh,Alluri Sitharama Raju,Chinthapalli,Regallu
Andhra Pradesh,Alluri Sitharama Raju,Chinthapalli,Regubailu
Andhra Pradesh,Alluri Sitharama Raju,Chinthapalli,Relangi
Andhra Pradesh,Alluri Sitharama Raju,Chinthapalli,Rolugunta
Andhra Pradesh,Alluri Sitharama Raju,Chinthapalli,Routhupayalu
Andhra Pradesh,Alluri Sitharama Raju,Chinthapalli,Rowrimthada
Andhra Pradesh,Alluri Sitharama Raju,Chinthapalli,Sadika
Andhra Pradesh,Alluri Sitharama Raju,Chinthapalli,Sallai
Andhra Pradesh,Alluri Sitharama Raju,Chinthapalli,Samagiri
Andhra Pradesh,Alluri Sitharama Raju,Chinthapalli,Sampangiputtu
Andhra Pradesh,Alluri Sitharama Raju,Chinthapalli,Sanivaram
Andhra Pradesh,Alluri Sitharama Raju,Chinthapalli,Sathyavaram
Andhra Pradesh,Alluri Sitharama Raju,Chinthapalli,Seetharamapuram
Andhra Pradesh,Alluri Sitharama Raju,Chinthapalli,Sheekayabanda
Andhra Pradesh,Alluri Sitharama Raju,Chinthapalli,Singavaram
Andhra Pradesh,Alluri Sitharama Raju,Chinthapalli,Singavaram Kothuru
Andhra Pradesh,Alluri Sitharama Raju,Chinthapalli,Siripuram
Andhra Pradesh,Alluri Sitharama Raju,Chinthapalli,Somavaram
Andhra Pradesh,Alluri Sitharama Raju,Chinthapalli,Suddagaruvu
Andhra Pradesh,Alluri Sitharama Raju,Chinthapalli,Tadlapalle
Andhra Pradesh,Alluri Sitharama Raju,Chinthapalli,Tajangi
Andhra Pradesh,Alluri Sitharama Raju,Chinthapalli,Tamarapalle
Andhra Pradesh,Alluri Sitharama Raju,Chinthapalli,Tammingala
Andhra Pradesh,Alluri Sitharama Raju,Chinthapalli,Tappulamamidi
Andhra Pradesh,Alluri Sitharama Raju,Chinthapalli,Teegalametta
Andhra Pradesh,Alluri Sitharama Raju,Chinthapalli,Terapalle
Andhra Pradesh,Alluri Sitharama Raju,Chinthapalli,Thallakota
Andhra Pradesh,Alluri Sitharama Raju,Chinthapalli,Thatibanda
Andhra Pradesh,Alluri Sitharama Raju,Chinthapalli,Thatibanda
Andhra Pradesh,Alluri Sitharama Raju,Chinthapalli,Thatipalem
Andhra Pradesh,Alluri Sitharama Raju,Chinthapalli,Tokapadu
Andhra Pradesh,Alluri Sitharama Raju,Chinthapalli,Totamamidi
Andhra Pradesh,Alluri Sitharama Raju,Chinthapalli,Turamamidi
Andhra Pradesh,Alluri Sitharama Raju,Chinthapalli,Turebongalu
Andhra Pradesh,Alluri Sitharama Raju,Chinthapalli,Turubongulu
Andhra Pradesh,Alluri Sitharama Raju,Chinthapalli,Ubalagaruvu
Andhra Pradesh,Alluri Sitharama Raju,Chinthapalli,Umrasigondi
Andhra Pradesh,Alluri Sitharama Raju,Chinthapalli,Usuruputtu
Andhra Pradesh,Alluri Sitharama Raju,Chinthapalli,Vamigedda
Andhra Pradesh,Alluri Sitharama Raju,Chinthapalli,Vamigedda Kothuru
Andhra Pradesh,Alluri Sitharama Raju,Chinthapalli,Vanajajulu
Andhra Pradesh,Alluri Sitharama Raju,Chinthapalli,Vanchuladurgam
Andhra Pradesh,Alluri Sitharama Raju,Chinthapalli,Vandanapalle
Andhra Pradesh,Alluri Sitharama Raju,Chinthapalli,Vandlamamidi
Andhra Pradesh,Alluri Sitharama Raju,Chinthapalli,Vangasari
Andhra Pradesh,Alluri Sitharama Raju,Chinthapalli,Vanthalapadu
Andhra Pradesh,Alluri Sitharama Raju,Chinthapalli,Vanthamamidi
Andhra Pradesh,Alluri Sitharama Raju,Chinthapalli,Varathanapalle
Andhra Pradesh,Alluri Sitharama Raju,Chinthapalli,Vedurupalle
Andhra Pradesh,Alluri Sitharama Raju,Chinthapalli,Veeravaram
Andhra Pradesh,Alluri Sitharama Raju,Chinthapalli,Velamjuvvi
Andhra Pradesh,Alluri Sitharama Raju,Chinthapalli,Vookabanda
Andhra Pradesh,Alluri Sitharama Raju,Chinthapalli,Votti Busulu
Andhra Pradesh,Alluri Sitharama Raju,Chinthapalli,Vurisingi
Andhra Pradesh,Alluri Sitharama Raju,Chinthapalli,Yernabili
Andhra Pradesh,Alluri Sitharama Raju,Chinthapalli,Yerrabanda
Andhra Pradesh,Alluri Sitharama Raju,Chinthapalli,Yerrabommalu
Andhra Pradesh,Alluri Sitharama Raju,Chinthapalli,Yerranabilli
Andhra Pradesh,Alluri Sitharama Raju,Chinthapalli,Yerravaram
Andhra Pradesh,Alluri Sitharama Raju,Chinturu,Agraharapu Koderu
Andhra Pradesh,Alluri Sitharama Raju,Chinturu,Ahmmadalipeta
Andhra Pradesh,Alluri Sitharama Raju,Chinturu,Alligudem
Andhra Pradesh,Alluri Sitharama Raju,Chinturu,Balimela
Andhra Pradesh,Alluri Sitharama Raju,Chinturu,Bandigumpu
Andhra Pradesh,Alluri Sitharama Raju,Chinturu,Boddugudem
Andhra Pradesh,Alluri Sitharama Raju,Chinturu,Burakanakota
Andhra Pradesh,Alluri Sitharama Raju,Chinturu,Chadalavada
Andhra Pradesh,Alluri Sitharama Raju,Chinturu,Chatti
Andhra Pradesh,Alluri Sitharama Raju,Chinturu,Chidumurum
Andhra Pradesh,Alluri Sitharama Raju,Chinturu,Chinna Seethannapalle
Andhra Pradesh,Alluri Sitharama Raju,Chinturu,Chintur
Andhra Pradesh,Alluri Sitharama Raju,Chinturu,Choppumamide
Andhra Pradesh,Alluri Sitharama Raju,Chinturu,Chowluru
Andhra Pradesh,Alluri Sitharama Raju,Chinturu,Chutur
Andhra Pradesh,Alluri Sitharama Raju,Chinturu,Devarapalle
Andhra Pradesh,Alluri Sitharama Raju,Chinturu,Dondagudem
Andhra Pradesh,Alluri Sitharama Raju,Chinturu,Dongala Jaggaram
Andhra Pradesh,Alluri Sitharama Raju,Chinturu,Gamallakota
Andhra Pradesh,Alluri Sitharama Raju,Chinturu,Ganganametta
Andhra Pradesh,Alluri Sitharama Raju,Chinturu,Gondigudem
Andhra Pradesh,Alluri Sitharama Raju,Chinturu,Gopanapalle
Andhra Pradesh,Alluri Sitharama Raju,Chinturu,Guduru
Andhra Pradesh,Alluri Sitharama Raju,Chinturu,Irkampeta
Andhra Pradesh,Alluri Sitharama Raju,Chinturu,Jalliwada
Andhra Pradesh,Alluri Sitharama Raju,Chinturu,Kalleru
Andhra Pradesh,Alluri Sitharama Raju,Chinturu,Kannapuram
Andhra Pradesh,Alluri Sitharama Raju,Chinturu,Kannayagudem
Andhra Pradesh,Alluri Sitharama Raju,Chinturu,Kansuluru
Andhra Pradesh,Alluri Sitharama Raju,Chinturu,Katukapalle
Andhra Pradesh,Alluri Sitharama Raju,Chinturu,Kesaram
Andhra Pradesh,Alluri Sitharama Raju,Chinturu,Kolthuru
Andhra Pradesh,Alluri Sitharama Raju,Chinturu,Kondapalle
Andhra Pradesh,Alluri Sitharama Raju,Chinturu,Kothapalle
Andhra Pradesh,Alluri Sitharama Raju,Chinturu,Kothuru
Andhra Pradesh,Alluri Sitharama Raju,Chinturu,Kummuru
Andhra Pradesh,Alluri Sitharama Raju,Chinturu,Kuyuguru
Andhra Pradesh,Alluri Sitharama Raju,Chinturu,Lachigudem
Andhra Pradesh,Alluri Sitharama Raju,Chinturu,Lakkagudem
Andhra Pradesh,Alluri Sitharama Raju,Chinturu,Lakkavaram
Andhra Pradesh,Alluri Sitharama Raju,Chinturu,Lakshmipuram
Andhra Pradesh,Alluri Sitharama Raju,Chinturu,Maddigudem
Andhra Pradesh,Alluri Sitharama Raju,Chinturu,Maddilameda
Andhra Pradesh,Alluri Sitharama Raju,Chinturu,Madugur
Andhra Pradesh,Alluri Sitharama Raju,Chinturu,Mallampeta
Andhra Pradesh,Alluri Sitharama Raju,Chinturu,Mallethota
Andhra Pradesh,Alluri Sitharama Raju,Chinturu,Markandeyula Peta
Andhra Pradesh,Alluri Sitharama Raju,Chinturu,Marrimaddi
Andhra Pradesh,Alluri Sitharama Raju,Chinturu,Mittavada
Andhra Pradesh,Alluri Sitharama Raju,Chinturu,Mothugudem
Andhra Pradesh,Alluri Sitharama Raju,Chinturu,Mukkunuru
Andhra Pradesh,Alluri Sitharama Raju,Chinturu,Narakonda
Andhra Pradesh,Alluri Sitharama Raju,Chinturu,Narayanapuram
Andhra Pradesh,Alluri Sitharama Raju,Chinturu,Narsimhapuram
Andhra Pradesh,Alluri Sitharama Raju,Chinturu,Narsingapeta
Andhra Pradesh,Alluri Sitharama Raju,Chinturu,Narsingapeta
Andhra Pradesh,Alluri Sitharama Raju,Chinturu,Nelakota
Andhra Pradesh,Alluri Sitharama Raju,Chinturu,Palagudem
Andhra Pradesh,Alluri Sitharama Raju,Chinturu,Pedda Seetanapalle
Andhra Pradesh,Alluri Sitharama Raju,Chinturu,Pega
Andhra Pradesh,Alluri Sitharama Raju,Chinturu,Pothanapalle
Andhra Pradesh,Alluri Sitharama Raju,Chinturu,Ramannapalem
Andhra Pradesh,Alluri Sitharama Raju,Chinturu,Ratnapuram
Andhra Pradesh,Alluri Sitharama Raju,Chinturu,Sarivela
Andhra Pradesh,Alluri Sitharama Raju,Chinturu,Sigannagudem
Andhra Pradesh,Alluri Sitharama Raju,Chinturu,Sirasanapalle
Andhra Pradesh,Alluri Sitharama Raju,Chinturu,Stafordpeta
Andhra Pradesh,Alluri Sitharama Raju,Chinturu,Suddagudem
Andhra Pradesh,Alluri Sitharama Raju,Chinturu,Surakunta
Andhra Pradesh,Alluri Sitharama Raju,Chinturu,Surannagandi
Andhra Pradesh,Alluri Sitharama Raju,Chinturu,Suravada
Andhra Pradesh,Alluri Sitharama Raju,Chinturu,Tatilanka
Andhra Pradesh,Alluri Sitharama Raju,Chinturu,Tatiyakulagudem
Andhra Pradesh,Alluri Sitharama Raju,Chinturu,Thulasipakalu
Andhra Pradesh,Alluri Sitharama Raju,Chinturu,Thummargudem
Andhra Pradesh,Alluri Sitharama Raju,Chinturu,Tulugonda
Andhra Pradesh,Alluri Sitharama Raju,Chinturu,Tummala
Andhra Pradesh,Alluri Sitharama Raju,Chinturu,Tustigudem
Andhra Pradesh,Alluri Sitharama Raju,Chinturu,Ulumuru
Andhra Pradesh,Alluri Sitharama Raju,Chinturu,Uppanapalle
Andhra Pradesh,Alluri Sitharama Raju,Chinturu,Uppanapalle Gattu
Andhra Pradesh,Alluri Sitharama Raju,Chinturu,Vegithota
Andhra Pradesh,Alluri Sitharama Raju,Chinturu,Vemulrai
Andhra Pradesh,Alluri Sitharama Raju,Chinturu,Venkagudem
Andhra Pradesh,Alluri Sitharama Raju,Chinturu,Venkatrampuram
Andhra Pradesh,Alluri Sitharama Raju,Chinturu,Vepala Padu
Andhra Pradesh,Alluri Sitharama Raju,Chinturu,Vinayakapuram
Andhra Pradesh,Alluri Sitharama Raju,Chinturu,Yedugurallapalle
Andhra Pradesh,Alluri Sitharama Raju,Chinturu,Yerrakondapakalu
Andhra Pradesh,Alluri Sitharama Raju,Chinturu,Yerrampeta
Andhra Pradesh,Alluri Sitharama Raju,Chinturu,Yeruvada
Andhra Pradesh,Alluri Sitharama Raju,Devipatnam,Anguluru
Andhra Pradesh,Alluri Sitharama Raju,Devipatnam,A. Veeravaram
Andhra Pradesh,Alluri Sitharama Raju,Devipatnam,China Ramanayyapeta
Andhra Pradesh,Alluri Sitharama Raju,Devipatnam,Chintalagudem
Andhra Pradesh,Alluri Sitharama Raju,Devipatnam,Choppakonda
Andhra Pradesh,Alluri Sitharama Raju,Devipatnam,Damanapalle
Andhra Pradesh,Alluri Sitharama Raju,Devipatnam,Dandangi
Andhra Pradesh,Alluri Sitharama Raju,Devipatnam,Devaram
Andhra Pradesh,Alluri Sitharama Raju,Devipatnam,Devipatnam
Andhra Pradesh,Alluri Sitharama Raju,Devipatnam,Donalanka
Andhra Pradesh,Alluri Sitharama Raju,Devipatnam,Gangavaram
Andhra Pradesh,Alluri Sitharama Raju,Devipatnam,Ganugulagondi
Andhra Pradesh,Alluri Sitharama Raju,Devipatnam,Gonduru
Andhra Pradesh,Alluri Sitharama Raju,Devipatnam,Gumpanapalle
Andhra Pradesh,Alluri Sitharama Raju,Devipatnam,Indukuru
Andhra Pradesh,Alluri Sitharama Raju,Devipatnam,Indukurupeta
Andhra Pradesh,Alluri Sitharama Raju,Devipatnam,Katchuluru
Andhra Pradesh,Alluri Sitharama Raju,Devipatnam,Kondamodalu
Andhra Pradesh,Alluri Sitharama Raju,Devipatnam,Kothagudem
Andhra Pradesh,Alluri Sitharama Raju,Devipatnam,Kothapalle
Andhra Pradesh,Alluri Sitharama Raju,Devipatnam,Kudakarayi
Andhra Pradesh,Alluri Sitharama Raju,Devipatnam,Lakshmipuram
Andhra Pradesh,Alluri Sitharama Raju,Devipatnam,Lingavaram
Andhra Pradesh,Alluri Sitharama Raju,Devipatnam,Lothupalem
Andhra Pradesh,Alluri Sitharama Raju,Devipatnam,Maddirathigudem
Andhra Pradesh,Alluri Sitharama Raju,Devipatnam,Mamidivalasa
Andhra Pradesh,Alluri Sitharama Raju,Devipatnam,Manturu
Andhra Pradesh,Alluri Sitharama Raju,Devipatnam,Mulagalagudem
Andhra Pradesh,Alluri Sitharama Raju,Devipatnam,Nelakota
Andhra Pradesh,Alluri Sitharama Raju,Devipatnam,Nereduvalasa
Andhra Pradesh,Alluri Sitharama Raju,Devipatnam,Paluru
Andhra Pradesh,Alluri Sitharama Raju,Devipatnam,Pamugandi
Andhra Pradesh,Alluri Sitharama Raju,Devipatnam,Peda Bheempalle
Andhra Pradesh,Alluri Sitharama Raju,Devipatnam,Peddanuthulu
Andhra Pradesh,Alluri Sitharama Raju,Devipatnam,Pedduru
Andhra Pradesh,Alluri Sitharama Raju,Devipatnam,Pothavaram
Andhra Pradesh,Alluri Sitharama Raju,Devipatnam,Pudipalle
Andhra Pradesh,Alluri Sitharama Raju,Devipatnam,Ravilanka
Andhra Pradesh,Alluri Sitharama Raju,Devipatnam,Rayavaram
Andhra Pradesh,Alluri Sitharama Raju,Devipatnam,Sarabhavaram
Andhra Pradesh,Alluri Sitharama Raju,Devipatnam,Thatiwada
Andhra Pradesh,Alluri Sitharama Raju,Devipatnam,Thoyyeru
Andhra Pradesh,Alluri Sitharama Raju,Devipatnam,Thummuru
Andhra Pradesh,Alluri Sitharama Raju,Devipatnam,Velagapalle
Andhra Pradesh,Alluri Sitharama Raju,Devipatnam,V. Ramannapalem
Andhra Pradesh,Alluri Sitharama Raju,Devipatnam,Yerrametla
Andhra Pradesh,Alluri Sitharama Raju,Dumbriguda,Anjoda
Andhra Pradesh,Alluri Sitharama Raju,Dumbriguda,Antriguda
Andhra Pradesh,Alluri Sitharama Raju,Dumbriguda,Araku
Andhra Pradesh,Alluri Sitharama Raju,Dumbriguda,Arama
Andhra Pradesh,Alluri Sitharama Raju,Dumbriguda,Badiyapadu
Andhra Pradesh,Alluri Sitharama Raju,Dumbriguda,Bairaguda
Andhra Pradesh,Alluri Sitharama Raju,Dumbriguda,Billaputtu
Andhra Pradesh,Alluri Sitharama Raju,Dumbriguda,Bitragonda
Andhra Pradesh,Alluri Sitharama Raju,Dumbriguda,Boddaputtu
Andhra Pradesh,Alluri Sitharama Raju,Dumbriguda,Bodimela
Andhra Pradesh,Alluri Sitharama Raju,Dumbriguda,Borrapalem
Andhra Pradesh,Alluri Sitharama Raju,Dumbriguda,Chamadapadu
Andhra Pradesh,Alluri Sitharama Raju,Dumbriguda,Champaputtu
Andhra Pradesh,Alluri Sitharama Raju,Dumbriguda,Chelimarivalasa
Andhra Pradesh,Alluri Sitharama Raju,Dumbriguda,Chinakaguvalasa
Andhra Pradesh,Alluri Sitharama Raju,Dumbriguda,Dathuru
Andhra Pradesh,Alluri Sitharama Raju,Dumbriguda,Demuduvalasa
Andhra Pradesh,Alluri Sitharama Raju,Dumbriguda,Dondalavalasa
Andhra Pradesh,Alluri Sitharama Raju,Dumbriguda,Dumbriguda
Andhra Pradesh,Alluri Sitharama Raju,Dumbriguda,Gadabagolugu
Andhra Pradesh,Alluri Sitharama Raju,Dumbriguda,Gandha
Andhra Pradesh,Alluri Sitharama Raju,Dumbriguda,Gasaba
Andhra Pradesh,Alluri Sitharama Raju,Dumbriguda,Gatharagilleda
Andhra Pradesh,Alluri Sitharama Raju,Dumbriguda,Godasortu
Andhra Pradesh,Alluri Sitharama Raju,Dumbriguda,Gondiguda
Andhra Pradesh,Alluri Sitharama Raju,Dumbriguda,Gondivalasa
Andhra Pradesh,Alluri Sitharama Raju,Dumbriguda,Goppilivalasa
Andhra Pradesh,Alluri Sitharama Raju,Dumbriguda,Gorapur
Andhra Pradesh,Alluri Sitharama Raju,Dumbriguda,Guntagannela
Andhra Pradesh,Alluri Sitharama Raju,Dumbriguda,Guntaseema
Andhra Pradesh,Alluri Sitharama Raju,Dumbriguda,Jamguda
Andhra Pradesh,Alluri Sitharama Raju,Dumbriguda,Jurripadu
Andhra Pradesh,Alluri Sitharama Raju,Dumbriguda,Kamalabanda
Andhra Pradesh,Alluri Sitharama Raju,Dumbriguda,Kandram
Andhra Pradesh,Alluri Sitharama Raju,Dumbriguda,Karakavalasa
Andhra Pradesh,Alluri Sitharama Raju,Dumbriguda,Kinchumanda
Andhra Pradesh,Alluri Sitharama Raju,Dumbriguda,Kinjeru
Andhra Pradesh,Alluri Sitharama Raju,Dumbriguda,Kiridivalasa
Andhra Pradesh,Alluri Sitharama Raju,Dumbriguda,Kithalangi
Andhra Pradesh,Alluri Sitharama Raju,Dumbriguda,Kollaputtu
Andhra Pradesh,Alluri Sitharama Raju,Dumbriguda,Koranjiguda
Andhra Pradesh,Alluri Sitharama Raju,Dumbriguda,Korra
Andhra Pradesh,Alluri Sitharama Raju,Dumbriguda,Korrai
Andhra Pradesh,Alluri Sitharama Raju,Dumbriguda,Kosangi
Andhra Pradesh,Alluri Sitharama Raju,Dumbriguda,Kotragondi
Andhra Pradesh,Alluri Sitharama Raju,Dumbriguda,Kuda
Andhra Pradesh,Alluri Sitharama Raju,Dumbriguda,Kujabangi
Andhra Pradesh,Alluri Sitharama Raju,Dumbriguda,Kuridi
Andhra Pradesh,Alluri Sitharama Raju,Dumbriguda,Kusumavalasa
Andhra Pradesh,Alluri Sitharama Raju,Dumbriguda,Kutti
Andhra Pradesh,Alluri Sitharama Raju,Dumbriguda,Lakka
Andhra Pradesh,Alluri Sitharama Raju,Dumbriguda,Livitiputtu
Andhra Pradesh,Alluri Sitharama Raju,Dumbriguda,Logili
Andhra Pradesh,Alluri Sitharama Raju,Dumbriguda,Lyganda
Andhra Pradesh,Alluri Sitharama Raju,Dumbriguda,Malinguvalasa
Andhra Pradesh,Alluri Sitharama Raju,Dumbriguda,Mallivalasa
Andhra Pradesh,Alluri Sitharama Raju,Dumbriguda,Mamidivalasa
Andhra Pradesh,Alluri Sitharama Raju,Dumbriguda,Morriguda
Andhra Pradesh,Alluri Sitharama Raju,Dumbriguda,Musiri
Andhra Pradesh,Alluri Sitharama Raju,Dumbriguda,Nandiguda
Andhra Pradesh,Alluri Sitharama Raju,Dumbriguda,Nandivalasa
Andhra Pradesh,Alluri Sitharama Raju,Dumbriguda,Nimmagedda
Andhra Pradesh,Alluri Sitharama Raju,Dumbriguda,Ombi
Andhra Pradesh,Alluri Sitharama Raju,Dumbriguda,Padi
Andhra Pradesh,Alluri Sitharama Raju,Dumbriguda,Panasavalasa
Andhra Pradesh,Alluri Sitharama Raju,Dumbriguda,Pantalachinta
Andhra Pradesh,Alluri Sitharama Raju,Dumbriguda,Paridi
Andhra Pradesh,Alluri Sitharama Raju,Dumbriguda,Pariseela
Andhra Pradesh,Alluri Sitharama Raju,Dumbriguda,Pedapadu
Andhra Pradesh,Alluri Sitharama Raju,Dumbriguda,Pothangi
Andhra Pradesh,Alluri Sitharama Raju,Dumbriguda,Rangilisingi
Andhra Pradesh,Alluri Sitharama Raju,Dumbriguda,Ranginiguda
Andhra Pradesh,Alluri Sitharama Raju,Dumbriguda,Ranginivalasa
Andhra Pradesh,Alluri Sitharama Raju,Dumbriguda,Sagara
Andhra Pradesh,Alluri Sitharama Raju,Dumbriguda,Sagirivalasa
Andhra Pradesh,Alluri Sitharama Raju,Dumbriguda,Sangamvalasa
Andhra Pradesh,Alluri Sitharama Raju,Dumbriguda,Sarai
Andhra Pradesh,Alluri Sitharama Raju,Dumbriguda,Seelamgondi
Andhra Pradesh,Alluri Sitharama Raju,Dumbriguda,Sornayakguda @ Surusyaguda
Andhra Pradesh,Alluri Sitharama Raju,Dumbriguda,Sovva
Andhra Pradesh,Alluri Sitharama Raju,Dumbriguda,Thotavalasa
Andhra Pradesh,Alluri Sitharama Raju,Dumbriguda,Thutangi
Andhra Pradesh,Alluri Sitharama Raju,Dumbriguda,Ujjangi
Andhra Pradesh,Alluri Sitharama Raju,Dumbriguda,Uyyalaputtu
Andhra Pradesh,Alluri Sitharama Raju,Dumbriguda,Vadiyavalasa @ Vaddevalasa
Andhra Pradesh,Alluri Sitharama Raju,Dumbriguda,Vantharla
Andhra Pradesh,Alluri Sitharama Raju,Dumbriguda,Vasabanda
Andhra Pradesh,Alluri Sitharama Raju,Dumbriguda,Vayya
Andhra Pradesh,Alluri Sitharama Raju,Gangavaram,Amudalabanda
Andhra Pradesh,Alluri Sitharama Raju,Gangavaram,Barrimamidi
Andhra Pradesh,Alluri Sitharama Raju,Gangavaram,Bayyanapalle
Andhra Pradesh,Alluri Sitharama Raju,Gangavaram,B.Sivaramapatnam
Andhra Pradesh,Alluri Sitharama Raju,Gangavaram,Cheedipalem
Andhra Pradesh,Alluri Sitharama Raju,Gangavaram,China Addapalle
Andhra Pradesh,Alluri Sitharama Raju,Gangavaram,Chinagarlapadu
Andhra Pradesh,Alluri Sitharama Raju,Gangavaram,Chodavaram
Andhra Pradesh,Alluri Sitharama Raju,Gangavaram,Donelapalle
Andhra Pradesh,Alluri Sitharama Raju,Gangavaram,Doramamidi
Andhra Pradesh,Alluri Sitharama Raju,Gangavaram,E. Ramavaram
Andhra Pradesh,Alluri Sitharama Raju,Gangavaram,Gangavaram
Andhra Pradesh,Alluri Sitharama Raju,Gangavaram,Goragommi
Andhra Pradesh,Alluri Sitharama Raju,Gangavaram,Jaggampalem
Andhra Pradesh,Alluri Sitharama Raju,Gangavaram,Jiyyampalem
Andhra Pradesh,Alluri Sitharama Raju,Gangavaram,Kamavarappadu
Andhra Pradesh,Alluri Sitharama Raju,Gangavaram,Karakapadu
Andhra Pradesh,Alluri Sitharama Raju,Gangavaram,Kattumilli
Andhra Pradesh,Alluri Sitharama Raju,Gangavaram,Komaravaram
Andhra Pradesh,Alluri Sitharama Raju,Gangavaram,Kondalampalem
Andhra Pradesh,Alluri Sitharama Raju,Gangavaram,Kothada
Andhra Pradesh,Alluri Sitharama Raju,Gangavaram,Kotharamavaram
Andhra Pradesh,Alluri Sitharama Raju,Gangavaram,Kuramgondi
Andhra Pradesh,Alluri Sitharama Raju,Gangavaram,Kusumarai
Andhra Pradesh,Alluri Sitharama Raju,Gangavaram,Lakkonda
Andhra Pradesh,Alluri Sitharama Raju,Gangavaram,Lakshmipuram
Andhra Pradesh,Alluri Sitharama Raju,Gangavaram,Lingavaram
Andhra Pradesh,Alluri Sitharama Raju,Gangavaram,Loddipalem
Andhra Pradesh,Alluri Sitharama Raju,Gangavaram,Marripalem
Andhra Pradesh,Alluri Sitharama Raju,Gangavaram,Mohanapuram
Andhra Pradesh,Alluri Sitharama Raju,Gangavaram,Molleru
Andhra Pradesh,Alluri Sitharama Raju,Gangavaram,Neeladonelapadu
Andhra Pradesh,Alluri Sitharama Raju,Gangavaram,Neelavaram
Andhra Pradesh,Alluri Sitharama Raju,Gangavaram,Nellipudi
Andhra Pradesh,Alluri Sitharama Raju,Gangavaram,Nuvvumamidi
Andhra Pradesh,Alluri Sitharama Raju,Gangavaram,Ojubanda
Andhra Pradesh,Alluri Sitharama Raju,Gangavaram,Padagarlapadu
Andhra Pradesh,Alluri Sitharama Raju,Gangavaram,Pandrapottipalem
Andhra Pradesh,Alluri Sitharama Raju,Gangavaram,Pandraprolu
Andhra Pradesh,Alluri Sitharama Raju,Gangavaram,Patharamavaram
Andhra Pradesh,Alluri Sitharama Raju,Gangavaram,Peda Addapalle
Andhra Pradesh,Alluri Sitharama Raju,Gangavaram,Pidathamamidi
Andhra Pradesh,Alluri Sitharama Raju,Gangavaram,Pothandorapalem
Andhra Pradesh,Alluri Sitharama Raju,Gangavaram,Pothandorapalem
Andhra Pradesh,Alluri Sitharama Raju,Gangavaram,Rajampalem
Andhra Pradesh,Alluri Sitharama Raju,Gangavaram,Rajavaram
Andhra Pradesh,Alluri Sitharama Raju,Gangavaram,Rajupetaloddi
Andhra Pradesh,Alluri Sitharama Raju,Gangavaram,Ramuldevapuram
Andhra Pradesh,Alluri Sitharama Raju,Gangavaram,Sarabhavaram
Andhra Pradesh,Alluri Sitharama Raju,Gangavaram,Seetharampadu
Andhra Pradesh,Alluri Sitharama Raju,Gangavaram,Surampalem
Andhra Pradesh,Alluri Sitharama Raju,Gangavaram,Ummetha
Andhra Pradesh,Alluri Sitharama Raju,Gangavaram,Vemulova
Andhra Pradesh,Alluri Sitharama Raju,Gangavaram,Vuyyalamadugu
Andhra Pradesh,Alluri Sitharama Raju,Gangavaram,Yamanapalle
Andhra Pradesh,Alluri Sitharama Raju,Gangavaram,Yellapuram
Andhra Pradesh,Alluri Sitharama Raju,Gangavaram,Yendapalle
Andhra Pradesh,Alluri Sitharama Raju,Gangavaram,Yerrampalem
Andhra Pradesh,Alluri Sitharama Raju,Gangavaram,Yetipalle
Andhra Pradesh,Alluri Sitharama Raju,Gangavaram,Zaderu
Andhra Pradesh,Alluri Sitharama Raju,G.Madugula,A.Bandaveedhi
Andhra Pradesh,Alluri Sitharama Raju,G.Madugula,Addulu
Andhra Pradesh,Alluri Sitharama Raju,G.Madugula,Agampadu
Andhra Pradesh,Alluri Sitharama Raju,G.Madugula,Akuthota
Andhra Pradesh,Alluri Sitharama Raju,G.Madugula,Alagam
Andhra Pradesh,Alluri Sitharama Raju,G.Madugula,Ambalamamidi
Andhra Pradesh,Alluri Sitharama Raju,G.Madugula,Ambili Mamidi
Andhra Pradesh,Alluri Sitharama Raju,G.Madugula,Anarbha
Andhra Pradesh,Alluri Sitharama Raju,G.Madugula,Andanapalle
Andhra Pradesh,Alluri Sitharama Raju,G.Madugula,Andangisingi
Andhra Pradesh,Alluri Sitharama Raju,G.Madugula,Aragadapalle
Andhra Pradesh,Alluri Sitharama Raju,G.Madugula,Bagarugudi
Andhra Pradesh,Alluri Sitharama Raju,G.Madugula,Balamanusanka
Andhra Pradesh,Alluri Sitharama Raju,G.Madugula,Balijipeta
Andhra Pradesh,Alluri Sitharama Raju,G.Madugula,Bandaveedhi
Andhra Pradesh,Alluri Sitharama Raju,G.Madugula,Bangarudoddi
Andhra Pradesh,Alluri Sitharama Raju,G.Madugula,Bangarumamidi
Andhra Pradesh,Alluri Sitharama Raju,G.Madugula,Baram
Andhra Pradesh,Alluri Sitharama Raju,G.Madugula,Barisingi
Andhra Pradesh,Alluri Sitharama Raju,G.Madugula,Barsingimetta
Andhra Pradesh,Alluri Sitharama Raju,G.Madugula,Beeram
Andhra Pradesh,Alluri Sitharama Raju,G.Madugula,Bheemaloya
Andhra Pradesh,Alluri Sitharama Raju,G.Madugula,Bobbampadu
Andhra Pradesh,Alluri Sitharama Raju,G.Madugula,Boddagondi
Andhra Pradesh,Alluri Sitharama Raju,G.Madugula,Boddagondi
Andhra Pradesh,Alluri Sitharama Raju,G.Madugula,Boddapadu
Andhra Pradesh,Alluri Sitharama Raju,G.Madugula,Boddaputtu
Andhra Pradesh,Alluri Sitharama Raju,G.Madugula,Boddaputtu
Andhra Pradesh,Alluri Sitharama Raju,G.Madugula,Boddumamidi
Andhra Pradesh,Alluri Sitharama Raju,G.Madugula,Boithela @ Bonkatili
Andhra Pradesh,Alluri Sitharama Raju,G.Madugula,Bondapalle
Andhra Pradesh,Alluri Sitharama Raju,G.Madugula,Bondulapanuku
Andhra Pradesh,Alluri Sitharama Raju,G.Madugula,Borramamidi
Andhra Pradesh,Alluri Sitharama Raju,G.Madugula,Buradaveedhi
Andhra Pradesh,Alluri Sitharama Raju,G.Madugula,Buruguveedhi
Andhra Pradesh,Alluri Sitharama Raju,G.Madugula,Busipalle
Andhra Pradesh,Alluri Sitharama Raju,G.Madugula,Busipalle
Andhra Pradesh,Alluri Sitharama Raju,G.Madugula,Busipalle
Andhra Pradesh,Alluri Sitharama Raju,G.Madugula,Busulakota
Andhra Pradesh,Alluri Sitharama Raju,G.Madugula,Buttakota
Andhra Pradesh,Alluri Sitharama Raju,G.Madugula,Chapagedda
Andhra Pradesh,Alluri Sitharama Raju,G.Madugula,Cheekumbanda
Andhra Pradesh,Alluri Sitharama Raju,G.Madugula,Cheemakurapalem
Andhra Pradesh,Alluri Sitharama Raju,G.Madugula,Chepalle
Andhra Pradesh,Alluri Sitharama Raju,G.Madugula,Chilakala Mamidi
Andhra Pradesh,Alluri Sitharama Raju,G.Madugula,Chilakala Mamidi
Andhra Pradesh,Alluri Sitharama Raju,G.Madugula,Chilakalapalem
Andhra Pradesh,Alluri Sitharama Raju,G.Madugula,Chilakapanasa
Andhra Pradesh,Alluri Sitharama Raju,G.Madugula,China Kantavaram
Andhra Pradesh,Alluri Sitharama Raju,G.Madugula,Chinaporlu
Andhra Pradesh,Alluri Sitharama Raju,G.Madugula,Chinnakothuru
Andhra Pradesh,Alluri Sitharama Raju,G.Madugula,Chinnalochali
Andhra Pradesh,Alluri Sitharama Raju,G.Madugula,Chinna Pinapalem
Andhra Pradesh,Alluri Sitharama Raju,G.Madugula,Chinnaurumu
Andhra Pradesh,Alluri Sitharama Raju,G.Madugula,Chintalagondi
Andhra Pradesh,Alluri Sitharama Raju,G.Madugula,Chintaluru
Andhra Pradesh,Alluri Sitharama Raju,G.Madugula,Chinthakota
Andhra Pradesh,Alluri Sitharama Raju,G.Madugula,Chittampadu
Andhra Pradesh,Alluri Sitharama Raju,G.Madugula,Chittamputtu
Andhra Pradesh,Alluri Sitharama Raju,G.Madugula,Chittugummi
Andhra Pradesh,Alluri Sitharama Raju,G.Madugula,Churulapanuku
Andhra Pradesh,Alluri Sitharama Raju,G.Madugula,Chuttukota
Andhra Pradesh,Alluri Sitharama Raju,G.Madugula,Dabbagaruvu
Andhra Pradesh,Alluri Sitharama Raju,G.Madugula,Darlamgondi
Andhra Pradesh,Alluri Sitharama Raju,G.Madugula,Degalapalem
Andhra Pradesh,Alluri Sitharama Raju,G.Madugula,Degalarai
Andhra Pradesh,Alluri Sitharama Raju,G.Madugula,Devarapalle
Andhra Pradesh,Alluri Sitharama Raju,G.Madugula,Digarapalle
Andhra Pradesh,Alluri Sitharama Raju,G.Madugula,Dippalagondi
Andhra Pradesh,Alluri Sitharama Raju,G.Madugula,Donimamidi
Andhra Pradesh,Alluri Sitharama Raju,G.Madugula,Gadderai
Andhra Pradesh,Alluri Sitharama Raju,G.Madugula,Gadigunta
Andhra Pradesh,Alluri Sitharama Raju,G.Madugula,Gadrayi
Andhra Pradesh,Alluri Sitharama Raju,G.Madugula,Gaduthuru
Andhra Pradesh,Alluri Sitharama Raju,G.Madugula,Galipadu
Andhra Pradesh,Alluri Sitharama Raju,G.Madugula,Gangadevigudi
Andhra Pradesh,Alluri Sitharama Raju,G.Madugula,Ganjigedda
Andhra Pradesh,Alluri Sitharama Raju,G.Madugula,Gannelba
Andhra Pradesh,Alluri Sitharama Raju,G.Madugula,Ganneruputtu
Andhra Pradesh,Alluri Sitharama Raju,G.Madugula,Ganugurolu
Andhra Pradesh,Alluri Sitharama Raju,G.Madugula,Ganugurolu
Andhra Pradesh,Alluri Sitharama Raju,G.Madugula,Garisingi
Andhra Pradesh,Alluri Sitharama Raju,G.Madugula,Gedalabanda
Andhra Pradesh,Alluri Sitharama Raju,G.Madugula,Gemmeli
Andhra Pradesh,Alluri Sitharama Raju,G.Madugula,Gemmelibaru
Andhra Pradesh,Alluri Sitharama Raju,G.Madugula,G.Kothuru
Andhra Pradesh,Alluri Sitharama Raju,G.Madugula,G.M.Kothuru
Andhra Pradesh,Alluri Sitharama Raju,G.Madugula,G.Nittaputtu
Andhra Pradesh,Alluri Sitharama Raju,G.Madugula,Godda
Andhra Pradesh,Alluri Sitharama Raju,G.Madugula,Goddalikarra
Andhra Pradesh,Alluri Sitharama Raju,G.Madugula,Goddubusulu
Andhra Pradesh,Alluri Sitharama Raju,G.Madugula,Goddukuralabanda
Andhra Pradesh,Alluri Sitharama Raju,G.Madugula,Godugumamidi
Andhra Pradesh,Alluri Sitharama Raju,G.Madugula,Golagonda
Andhra Pradesh,Alluri Sitharama Raju,G.Madugula,Gompam
Andhra Pradesh,Alluri Sitharama Raju,G.Madugula,Gondimelaka
Andhra Pradesh,Alluri Sitharama Raju,G.Madugula,Gondipadu
Andhra Pradesh,Alluri Sitharama Raju,G.Madugula,Gondipalle
Andhra Pradesh,Alluri Sitharama Raju,G.Madugula,Gonduru@ Y.B.Gonduru
Andhra Pradesh,Alluri Sitharama Raju,G.Madugula,Goradalu
Andhra Pradesh,Alluri Sitharama Raju,G.Madugula,Gorrilaputtu
Andhra Pradesh,Alluri Sitharama Raju,G.Madugula,Goyyigunta
Andhra Pradesh,Alluri Sitharama Raju,G.Madugula,Gummadigondi
Andhra Pradesh,Alluri Sitharama Raju,G.Madugula,Gummaveedhi
Andhra Pradesh,Alluri Sitharama Raju,G.Madugula,Guntapalle
Andhra Pradesh,Alluri Sitharama Raju,G.Madugula,Gurralagummi
Andhra Pradesh,Alluri Sitharama Raju,G.Madugula,Gurrala Nunni
Andhra Pradesh,Alluri Sitharama Raju,G.Madugula,Gurrayi
Andhra Pradesh,Alluri Sitharama Raju,G.Madugula,Indugula
Andhra Pradesh,Alluri Sitharama Raju,G.Madugula,Jamulaveedhi
Andhra Pradesh,Alluri Sitharama Raju,G.Madugula,Jannera
Andhra Pradesh,Alluri Sitharama Raju,G.Madugula,Jarrai
Andhra Pradesh,Alluri Sitharama Raju,G.Madugula,Jeelugulagoyya
Andhra Pradesh,Alluri Sitharama Raju,G.Madugula,Jerrai
Andhra Pradesh,Alluri Sitharama Raju,G.Madugula,Jogulaputtu
Andhra Pradesh,Alluri Sitharama Raju,G.Madugula,Jolamputtu
Andhra Pradesh,Alluri Sitharama Raju,G.Madugula,Jurrai
Andhra Pradesh,Alluri Sitharama Raju,G.Madugula,Kajjapalle
Andhra Pradesh,Alluri Sitharama Raju,G.Madugula,Kandulagade
Andhra Pradesh,Alluri Sitharama Raju,G.Madugula,Kangulabanda
Andhra Pradesh,Alluri Sitharama Raju,G.Madugula,Kappalu
Andhra Pradesh,Alluri Sitharama Raju,G.Madugula,Karakapalle
Andhra Pradesh,Alluri Sitharama Raju,G.Madugula,Karebanda
Andhra Pradesh,Alluri Sitharama Raju,G.Madugula,Karnikalanka
Andhra Pradesh,Alluri Sitharama Raju,G.Madugula,K.Bandaveedhi
Andhra Pradesh,Alluri Sitharama Raju,G.Madugula,K.G.Madugula
Andhra Pradesh,Alluri Sitharama Raju,G.Madugula,Kichannoli
Andhra Pradesh,Alluri Sitharama Raju,G.Madugula,Killamkota
Andhra Pradesh,Alluri Sitharama Raju,G.Madugula,Killupalle
Andhra Pradesh,Alluri Sitharama Raju,G.Madugula,Kimudupalle
Andhra Pradesh,Alluri Sitharama Raju,G.Madugula,Kinagari
Andhra Pradesh,Alluri Sitharama Raju,G.Madugula,Kitumulu
Andhra Pradesh,Alluri Sitharama Raju,G.Madugula,K.Kodapalle
Andhra Pradesh,Alluri Sitharama Raju,G.Madugula,Kodimamidi
Andhra Pradesh,Alluri Sitharama Raju,G.Madugula,Kodimamidi
Andhra Pradesh,Alluri Sitharama Raju,G.Madugula,Kokkirapalle
Andhra Pradesh,Alluri Sitharama Raju,G.Madugula,Kolambora
Andhra Pradesh,Alluri Sitharama Raju,G.Madugula,Kondabheemapalem
Andhra Pradesh,Alluri Sitharama Raju,G.Madugula,Korapalle
Andhra Pradesh,Alluri Sitharama Raju,G.Madugula,Korrapadu
Andhra Pradesh,Alluri Sitharama Raju,G.Madugula,Kotha Kondalu
Andhra Pradesh,Alluri Sitharama Raju,G.Madugula,Kothakundalu
Andhra Pradesh,Alluri Sitharama Raju,G.Madugula,Kothapalle
Andhra Pradesh,Alluri Sitharama Raju,G.Madugula,Kothurupadu
Andhra Pradesh,Alluri Sitharama Raju,G.Madugula,Krishnapuram
Andhra Pradesh,Alluri Sitharama Raju,G.Madugula,Kuddangi
Andhra Pradesh,Alluri Sitharama Raju,G.Madugula,Kulupadu
Andhra Pradesh,Alluri Sitharama Raju,G.Madugula,Kumbidisingi
Andhra Pradesh,Alluri Sitharama Raju,G.Madugula,Kumburla
Andhra Pradesh,Alluri Sitharama Raju,G.Madugula,Kummaragunta
Andhra Pradesh,Alluri Sitharama Raju,G.Madugula,Kuneti
Andhra Pradesh,Alluri Sitharama Raju,G.Madugula,Kuntalam
Andhra Pradesh,Alluri Sitharama Raju,G.Madugula,Kuntipalle
Andhra Pradesh,Alluri Sitharama Raju,G.Madugula,Kuntupalle
Andhra Pradesh,Alluri Sitharama Raju,G.Madugula,Kuridilu
Andhra Pradesh,Alluri Sitharama Raju,G.Madugula,Labbarla
Andhra Pradesh,Alluri Sitharama Raju,G.Madugula,Lakkapadu
Andhra Pradesh,Alluri Sitharama Raju,G.Madugula,Lakkulu
Andhra Pradesh,Alluri Sitharama Raju,G.Madugula,Luvvapalle
Andhra Pradesh,Alluri Sitharama Raju,G.Madugula,Madathakonda
Andhra Pradesh,Alluri Sitharama Raju,G.Madugula,Maddigaruvu
Andhra Pradesh,Alluri Sitharama Raju,G.Madugula,Maddiveedhi
Andhra Pradesh,Alluri Sitharama Raju,G.Madugula,Maddulabanda
Andhra Pradesh,Alluri Sitharama Raju,G.Madugula,Madhuramamidi
Andhra Pradesh,Alluri Sitharama Raju,G.Madugula,Mahadevapuram
Andhra Pradesh,Alluri Sitharama Raju,G.Madugula,Mallipadu
Andhra Pradesh,Alluri Sitharama Raju,G.Madugula,Mandibha
Andhra Pradesh,Alluri Sitharama Raju,G.Madugula,Mandigaruvu
Andhra Pradesh,Alluri Sitharama Raju,G.Madugula,Mandivanam
Andhra Pradesh,Alluri Sitharama Raju,G.Madugula,Manepalle
Andhra Pradesh,Alluri Sitharama Raju,G.Madugula,Mangathapalem
Andhra Pradesh,Alluri Sitharama Raju,G.Madugula,Marripalem
Andhra Pradesh,Alluri Sitharama Raju,G.Madugula,Matchyapuram
Andhra Pradesh,Alluri Sitharama Raju,G.Madugula,Mettapadu
Andhra Pradesh,Alluri Sitharama Raju,G.Madugula,Mittalapadu
Andhra Pradesh,Alluri Sitharama Raju,G.Madugula,M.Nittaputtu
Andhra Pradesh,Alluri Sitharama Raju,G.Madugula,Molikalu
Andhra Pradesh,Alluri Sitharama Raju,G.Madugula,Mondikota
Andhra Pradesh,Alluri Sitharama Raju,G.Madugula,Mosaidipanuku Kothuru
Andhra Pradesh,Alluri Sitharama Raju,G.Madugula,Mulagaruvu
Andhra Pradesh,Alluri Sitharama Raju,G.Madugula,Mulagaruvu
Andhra Pradesh,Alluri Sitharama Raju,G.Madugula,Mulakaiputtu
Andhra Pradesh,Alluri Sitharama Raju,G.Madugula,Neyyalabanda
Andhra Pradesh,Alluri Sitharama Raju,G.Madugula,Nittamamidi
Andhra Pradesh,Alluri Sitharama Raju,G.Madugula,Nugumamidi
Andhra Pradesh,Alluri Sitharama Raju,G.Madugula,Nurmathi
Andhra Pradesh,Alluri Sitharama Raju,G.Madugula,Olimamidi
Andhra Pradesh,Alluri Sitharama Raju,G.Madugula,Omtampadu
Andhra Pradesh,Alluri Sitharama Raju,G.Madugula,Pacheli
Andhra Pradesh,Alluri Sitharama Raju,G.Madugula,Pachinapalle
Andhra Pradesh,Alluri Sitharama Raju,G.Madugula,Padmapuram
Andhra Pradesh,Alluri Sitharama Raju,G.Madugula,Palakonda
Andhra Pradesh,Alluri Sitharama Raju,G.Madugula,Palamamidi
Andhra Pradesh,Alluri Sitharama Raju,G.Madugula,Palamamidi
Andhra Pradesh,Alluri Sitharama Raju,G.Madugula,Panasalagedda
Andhra Pradesh,Alluri Sitharama Raju,G.Madugula,Panasapalle
Andhra Pradesh,Alluri Sitharama Raju,G.Madugula,Peda Bayalu
Andhra Pradesh,Alluri Sitharama Raju,G.Madugula,Pedagedda
Andhra Pradesh,Alluri Sitharama Raju,G.Madugula,Pedajageeru
Andhra Pradesh,Alluri Sitharama Raju,G.Madugula,Pedakantavaram
Andhra Pradesh,Alluri Sitharama Raju,G.Madugula,Pedakonda
Andhra Pradesh,Alluri Sitharama Raju,G.Madugula,Pedalanka
Andhra Pradesh,Alluri Sitharama Raju,G.Madugula,Peda Luvvasingi
Andhra Pradesh,Alluri Sitharama Raju,G.Madugula,Pedapadu
Andhra Pradesh,Alluri Sitharama Raju,G.Madugula,Pedaporlu
Andhra Pradesh,Alluri Sitharama Raju,G.Madugula,Pedaurumu
Andhra Pradesh,Alluri Sitharama Raju,G.Madugula,Pedavalasa
Andhra Pradesh,Alluri Sitharama Raju,G.Madugula,Pedavalasa
Andhra Pradesh,Alluri Sitharama Raju,G.Madugula,Peddabayalu
Andhra Pradesh,Alluri Sitharama Raju,G.Madugula,Peddagaruvu
Andhra Pradesh,Alluri Sitharama Raju,G.Madugula,Pedda Kiltaru
Andhra Pradesh,Alluri Sitharama Raju,G.Madugula,Peddalochale
Andhra Pradesh,Alluri Sitharama Raju,G.Madugula,Peddapinapalem
Andhra Pradesh,Alluri Sitharama Raju,G.Madugula,Peddapolam
Andhra Pradesh,Alluri Sitharama Raju,G.Madugula,P.G.Madugula
Andhra Pradesh,Alluri Sitharama Raju,G.Madugula,Pinajageeru
Andhra Pradesh,Alluri Sitharama Raju,G.Madugula,Pina Kiltharu
Andhra Pradesh,Alluri Sitharama Raju,G.Madugula,Pinalochali
Andhra Pradesh,Alluri Sitharama Raju,G.Madugula,Pinaluvvasingi
Andhra Pradesh,Alluri Sitharama Raju,G.Madugula,Pinnapolam
Andhra Pradesh,Alluri Sitharama Raju,G.Madugula,Pisumamidi
Andhra Pradesh,Alluri Sitharama Raju,G.Madugula,Pittagullu @ Pittagudlu
Andhra Pradesh,Alluri Sitharama Raju,G.Madugula,Polamanugedda
Andhra Pradesh,Alluri Sitharama Raju,G.Madugula,Porlu
Andhra Pradesh,Alluri Sitharama Raju,G.Madugula,Porlubanda
Andhra Pradesh,Alluri Sitharama Raju,G.Madugula,Porlugunta
Andhra Pradesh,Alluri Sitharama Raju,G.Madugula,Pulagondi
Andhra Pradesh,Alluri Sitharama Raju,G.Madugula,Pulusumamidi
Andhra Pradesh,Alluri Sitharama Raju,G.Madugula,Putikametta
Andhra Pradesh,Alluri Sitharama Raju,G.Madugula,Rachakanuku
Andhra Pradesh,Alluri Sitharama Raju,G.Madugula,Rachapalle
Andhra Pradesh,Alluri Sitharama Raju,G.Madugula,Rachapanuku
Andhra Pradesh,Alluri Sitharama Raju,G.Madugula,Rachaveedhi
Andhra Pradesh,Alluri Sitharama Raju,G.Madugula,Rallaputtu
Andhra Pradesh,Alluri Sitharama Raju,G.Madugula,Ramachandrapalem
Andhra Pradesh,Alluri Sitharama Raju,G.Madugula,Reemali
Andhra Pradesh,Alluri Sitharama Raju,G.Madugula,Regadi
Andhra Pradesh,Alluri Sitharama Raju,G.Madugula,Reyyalagedda
Andhra Pradesh,Alluri Sitharama Raju,G.Madugula,Rolangiputtu
Andhra Pradesh,Alluri Sitharama Raju,G.Madugula,Rolangiputtu
Andhra Pradesh,Alluri Sitharama Raju,G.Madugula,Rolugunta
Andhra Pradesh,Alluri Sitharama Raju,G.Madugula,Roppulu
Andhra Pradesh,Alluri Sitharama Raju,G.Madugula,Rudibayalu
Andhra Pradesh,Alluri Sitharama Raju,G.Madugula,Sadangi
Andhra Pradesh,Alluri Sitharama Raju,G.Madugula,Sadeku
Andhra Pradesh,Alluri Sitharama Raju,G.Madugula,Salimerangi
Andhra Pradesh,Alluri Sitharama Raju,G.Madugula,Sampangi Puttu
Andhra Pradesh,Alluri Sitharama Raju,G.Madugula,Sangam
Andhra Pradesh,Alluri Sitharama Raju,G.Madugula,Sangambanda
Andhra Pradesh,Alluri Sitharama Raju,G.Madugula,Sanguloya
Andhra Pradesh,Alluri Sitharama Raju,G.Madugula,Sankulamaddi
Andhra Pradesh,Alluri Sitharama Raju,G.Madugula,Sariya
Andhra Pradesh,Alluri Sitharama Raju,G.Madugula,Sariyapalle
Andhra Pradesh,Alluri Sitharama Raju,G.Madugula,Seetabanda
Andhra Pradesh,Alluri Sitharama Raju,G.Madugula,Singam Valasa
Andhra Pradesh,Alluri Sitharama Raju,G.Madugula,Singarajupeta
Andhra Pradesh,Alluri Sitharama Raju,G.Madugula,Singarbagondi
Andhra Pradesh,Alluri Sitharama Raju,G.Madugula,Singarbha
Andhra Pradesh,Alluri Sitharama Raju,G.Madugula,Sirasapalle
Andhra Pradesh,Alluri Sitharama Raju,G.Madugula,Sirlabanda
Andhra Pradesh,Alluri Sitharama Raju,G.Madugula,S.Kothuru
Andhra Pradesh,Alluri Sitharama Raju,G.Madugula,Solabham
Andhra Pradesh,Alluri Sitharama Raju,G.Madugula,Sopalu
Andhra Pradesh,Alluri Sitharama Raju,G.Madugula,Subbulu
Andhra Pradesh,Alluri Sitharama Raju,G.Madugula,Surimetta
Andhra Pradesh,Alluri Sitharama Raju,G.Madugula,Surtipalle
Andhra Pradesh,Alluri Sitharama Raju,G.Madugula,Surtipalle
Andhra Pradesh,Alluri Sitharama Raju,G.Madugula,Suvvapadu
Andhra Pradesh,Alluri Sitharama Raju,G.Madugula,Talabarsingi
Andhra Pradesh,Alluri Sitharama Raju,G.Madugula,Talabarusingi
Andhra Pradesh,Alluri Sitharama Raju,G.Madugula,Tarabusingi
Andhra Pradesh,Alluri Sitharama Raju,G.Madugula,Tartalu
Andhra Pradesh,Alluri Sitharama Raju,G.Madugula,Tene Bandalu
Andhra Pradesh,Alluri Sitharama Raju,G.Madugula,Terlamamidi
Andhra Pradesh,Alluri Sitharama Raju,G.Madugula,Thadiveedhi
Andhra Pradesh,Alluri Sitharama Raju,G.Madugula,Thaggimetta
Andhra Pradesh,Alluri Sitharama Raju,G.Madugula,Thallimamidi
Andhra Pradesh,Alluri Sitharama Raju,G.Madugula,Thatipalem
Andhra Pradesh,Alluri Sitharama Raju,G.Madugula,Thiyyagundam
Andhra Pradesh,Alluri Sitharama Raju,G.Madugula,Thoka Chilaka
Andhra Pradesh,Alluri Sitharama Raju,G.Madugula,Thoka Rai
Andhra Pradesh,Alluri Sitharama Raju,G.Madugula,Thotalagondi
Andhra Pradesh,Alluri Sitharama Raju,G.Madugula,Thummedala Neredu
Andhra Pradesh,Alluri Sitharama Raju,G.Madugula,Tiyyamamidi
Andhra Pradesh,Alluri Sitharama Raju,G.Madugula,Tiyyamamidi
Andhra Pradesh,Alluri Sitharama Raju,G.Madugula,Totamamidi
Andhra Pradesh,Alluri Sitharama Raju,G.Madugula,Ubalagaruvu
Andhra Pradesh,Alluri Sitharama Raju,G.Madugula,Udapalam
Andhra Pradesh,Alluri Sitharama Raju,G.Madugula,Ullikallalabanda
Andhra Pradesh,Alluri Sitharama Raju,G.Madugula,Ullivarapadu
Andhra Pradesh,Alluri Sitharama Raju,G.Madugula,Urlumetta
Andhra Pradesh,Alluri Sitharama Raju,G.Madugula,Vakapalle
Andhra Pradesh,Alluri Sitharama Raju,G.Madugula,Valam Mamidi
Andhra Pradesh,Alluri Sitharama Raju,G.Madugula,Valasamamidi
Andhra Pradesh,Alluri Sitharama Raju,G.Madugula,Valasapadu
Andhra Pradesh,Alluri Sitharama Raju,G.Madugula,Valasapanasa
Andhra Pradesh,Alluri Sitharama Raju,G.Madugula,Vallaamamidi
Andhra Pradesh,Alluri Sitharama Raju,G.Madugula,Vallangula
Andhra Pradesh,Alluri Sitharama Raju,G.Madugula,Vanabhampadu
Andhra Pradesh,Alluri Sitharama Raju,G.Madugula,Vanabharangipadu
Andhra Pradesh,Alluri Sitharama Raju,G.Madugula,Vanchebu
Andhra Pradesh,Alluri Sitharama Raju,G.Madugula,Vandrangipadu
Andhra Pradesh,Alluri Sitharama Raju,G.Madugula,Vandrangula
Andhra Pradesh,Alluri Sitharama Raju,G.Madugula,Vanjangipadu
Andhra Pradesh,Alluri Sitharama Raju,G.Madugula,Vanjari
Andhra Pradesh,Alluri Sitharama Raju,G.Madugula,Vannelabha
Andhra Pradesh,Alluri Sitharama Raju,G.Madugula,Vantalamamidi
Andhra Pradesh,Alluri Sitharama Raju,G.Madugula,Vantalamamidi
Andhra Pradesh,Alluri Sitharama Raju,G.Madugula,Vanthala
Andhra Pradesh,Alluri Sitharama Raju,G.Madugula,Vanukuru
Andhra Pradesh,Alluri Sitharama Raju,G.Madugula,Varadamamidi
Andhra Pradesh,Alluri Sitharama Raju,G.Madugula,Varigelapalem
Andhra Pradesh,Alluri Sitharama Raju,G.Madugula,Varlamamidi
Andhra Pradesh,Alluri Sitharama Raju,G.Madugula,Vasamamidi
Andhra Pradesh,Alluri Sitharama Raju,G.Madugula,Vasulapanasa
Andhra Pradesh,Alluri Sitharama Raju,G.Madugula,Vattivagisa
Andhra Pradesh,Alluri Sitharama Raju,G.Madugula,Vayyampalle
Andhra Pradesh,Alluri Sitharama Raju,G.Madugula,Vedurupalle
Andhra Pradesh,Alluri Sitharama Raju,G.Madugula,Vemarajukodapalle
Andhra Pradesh,Alluri Sitharama Raju,G.Madugula,Vennela
Andhra Pradesh,Alluri Sitharama Raju,G.Madugula,Vennelakota
Andhra Pradesh,Alluri Sitharama Raju,G.Madugula,Yeduchavallu
Andhra Pradesh,Alluri Sitharama Raju,G.Madugula,Yedulagaravu
Andhra Pradesh,Alluri Sitharama Raju,G.Madugula,Yegarapalle
Andhra Pradesh,Alluri Sitharama Raju,G.Madugula,Yegaratchapalle
Andhra Pradesh,Alluri Sitharama Raju,G.Madugula,Yenugugondi
Andhra Pradesh,Alluri Sitharama Raju,G.Madugula,Yerragoppu
Andhra Pradesh,Alluri Sitharama Raju,G.Madugula,Yesthala
Andhra Pradesh,Alluri Sitharama Raju,Gudem Kotha Veedhi,Adagarapalle
Andhra Pradesh,Alluri Sitharama Raju,Gudem Kotha Veedhi,Agraharam
Andhra Pradesh,Alluri Sitharama Raju,Gudem Kotha Veedhi,Agraharam
Andhra Pradesh,Alluri Sitharama Raju,Gudem Kotha Veedhi,Ammavaridharakonda
Andhra Pradesh,Alluri Sitharama Raju,Gudem Kotha Veedhi,Annavaram
Andhra Pradesh,Alluri Sitharama Raju,Gudem Kotha Veedhi,Annavaram
Andhra Pradesh,Alluri Sitharama Raju,Gudem Kotha Veedhi,Asurodda
Andhra Pradesh,Alluri Sitharama Raju,Gudem Kotha Veedhi,Badasallu
Andhra Pradesh,Alluri Sitharama Raju,Gudem Kotha Veedhi,Bathunuru
Andhra Pradesh,Alluri Sitharama Raju,Gudem Kotha Veedhi,Boddalalagondi
Andhra Pradesh,Alluri Sitharama Raju,Gudem Kotha Veedhi,Boddamamidi
Andhra Pradesh,Alluri Sitharama Raju,Gudem Kotha Veedhi,Boddamanupakalu
Andhra Pradesh,Alluri Sitharama Raju,Gudem Kotha Veedhi,Boddamanupakalu
Andhra Pradesh,Alluri Sitharama Raju,Gudem Kotha Veedhi,Bonampalle
Andhra Pradesh,Alluri Sitharama Raju,Gudem Kotha Veedhi,Boyalapalem
Andhra Pradesh,Alluri Sitharama Raju,Gudem Kotha Veedhi,Burugupakalu
Andhra Pradesh,Alluri Sitharama Raju,Gudem Kotha Veedhi,Busikonda
Andhra Pradesh,Alluri Sitharama Raju,Gudem Kotha Veedhi,Busulu
Andhra Pradesh,Alluri Sitharama Raju,Gudem Kotha Veedhi,Challanisilpa
Andhra Pradesh,Alluri Sitharama Raju,Gudem Kotha Veedhi,Chamagedda
Andhra Pradesh,Alluri Sitharama Raju,Gudem Kotha Veedhi,Chapagedda
Andhra Pradesh,Alluri Sitharama Raju,Gudem Kotha Veedhi,Chaparathipalem
Andhra Pradesh,Alluri Sitharama Raju,Gudem Kotha Veedhi,Cheedigunta
Andhra Pradesh,Alluri Sitharama Raju,Gudem Kotha Veedhi,Chekkalamaddi
Andhra Pradesh,Alluri Sitharama Raju,Gudem Kotha Veedhi,Chelakaveedhi
Andhra Pradesh,Alluri Sitharama Raju,Gudem Kotha Veedhi,Cherapalle
Andhra Pradesh,Alluri Sitharama Raju,Gudem Kotha Veedhi,Chinnajadumuru
Andhra Pradesh,Alluri Sitharama Raju,Gudem Kotha Veedhi,Chintagoppu
Andhra Pradesh,Alluri Sitharama Raju,Gudem Kotha Veedhi,Chintalapadu
Andhra Pradesh,Alluri Sitharama Raju,Gudem Kotha Veedhi,Chintalawada
Andhra Pradesh,Alluri Sitharama Raju,Gudem Kotha Veedhi,Chittamamidi
Andhra Pradesh,Alluri Sitharama Raju,Gudem Kotha Veedhi,Chodirai
Andhra Pradesh,Alluri Sitharama Raju,Gudem Kotha Veedhi,Dabbagedda
Andhra Pradesh,Alluri Sitharama Raju,Gudem Kotha Veedhi,Dabbagondi
Andhra Pradesh,Alluri Sitharama Raju,Gudem Kotha Veedhi,Damanapalle
Andhra Pradesh,Alluri Sitharama Raju,Gudem Kotha Veedhi,Darakonda
Andhra Pradesh,Alluri Sitharama Raju,Gudem Kotha Veedhi,Dengurai
Andhra Pradesh,Alluri Sitharama Raju,Gudem Kotha Veedhi,Devarapalle
Andhra Pradesh,Alluri Sitharama Raju,Gudem Kotha Veedhi,Doddikonda
Andhra Pradesh,Alluri Sitharama Raju,Gudem Kotha Veedhi,Dokuluru
Andhra Pradesh,Alluri Sitharama Raju,Gudem Kotha Veedhi,Ducharapalem
Andhra Pradesh,Alluri Sitharama Raju,Gudem Kotha Veedhi,Duppalawada
Andhra Pradesh,Alluri Sitharama Raju,Gudem Kotha Veedhi,Durgam
Andhra Pradesh,Alluri Sitharama Raju,Gudem Kotha Veedhi,Etarobbulu
Andhra Pradesh,Alluri Sitharama Raju,Gudem Kotha Veedhi,Gaigampalle
Andhra Pradesh,Alluri Sitharama Raju,Gudem Kotha Veedhi,Galikonda
Andhra Pradesh,Alluri Sitharama Raju,Gudem Kotha Veedhi,Gandepalle
Andhra Pradesh,Alluri Sitharama Raju,Gudem Kotha Veedhi,Gangavaram
Andhra Pradesh,Alluri Sitharama Raju,Gudem Kotha Veedhi,Garikibanda
Andhra Pradesh,Alluri Sitharama Raju,Gudem Kotha Veedhi,Gilligondi
Andhra Pradesh,Alluri Sitharama Raju,Gudem Kotha Veedhi,Ginjangi
Andhra Pradesh,Alluri Sitharama Raju,Gudem Kotha Veedhi,Godichinta
Andhra Pradesh,Alluri Sitharama Raju,Gudem Kotha Veedhi,Gollapalle
Andhra Pradesh,Alluri Sitharama Raju,Gudem Kotha Veedhi,Gomuvada
Andhra Pradesh,Alluri Sitharama Raju,Gudem Kotha Veedhi,Gondipalle
Andhra Pradesh,Alluri Sitharama Raju,Gudem Kotha Veedhi,Gorrelova
Andhra Pradesh,Alluri Sitharama Raju,Gudem Kotha Veedhi,Gudem Colony
Andhra Pradesh,Alluri Sitharama Raju,Gudem Kotha Veedhi,Gudem Kotha Veedhi
Andhra Pradesh,Alluri Sitharama Raju,Gudem Kotha Veedhi,Gudem Patha Veedhi
Andhra Pradesh,Alluri Sitharama Raju,Gudem Kotha Veedhi,Gudimamidi
Andhra Pradesh,Alluri Sitharama Raju,Gudem Kotha Veedhi,Gudiwada
Andhra Pradesh,Alluri Sitharama Raju,Gudem Kotha Veedhi,Gummalagondi
Andhra Pradesh,Alluri Sitharama Raju,Gudem Kotha Veedhi,Gummirevulu
Andhra Pradesh,Alluri Sitharama Raju,Gudem Kotha Veedhi,Gunalanka
Andhra Pradesh,Alluri Sitharama Raju,Gudem Kotha Veedhi,Gunkurolu
Andhra Pradesh,Alluri Sitharama Raju,Gudem Kotha Veedhi,Jadumuru
Andhra Pradesh,Alluri Sitharama Raju,Gudem Kotha Veedhi,Jajipakalu
Andhra Pradesh,Alluri Sitharama Raju,Gudem Kotha Veedhi,Jampalova
Andhra Pradesh,Alluri Sitharama Raju,Gudem Kotha Veedhi,Jangampadu
Andhra Pradesh,Alluri Sitharama Raju,Gudem Kotha Veedhi,Jerrila
Andhra Pradesh,Alluri Sitharama Raju,Gudem Kotha Veedhi,Jerrilakothuru
Andhra Pradesh,Alluri Sitharama Raju,Gudem Kotha Veedhi,Jonnamamidi
Andhra Pradesh,Alluri Sitharama Raju,Gudem Kotha Veedhi,Kadugulu
Andhra Pradesh,Alluri Sitharama Raju,Gudem Kotha Veedhi,Kakanuru
Andhra Pradesh,Alluri Sitharama Raju,Gudem Kotha Veedhi,Kakulagedda
Andhra Pradesh,Alluri Sitharama Raju,Gudem Kotha Veedhi,Kampamanupakalu
Andhra Pradesh,Alluri Sitharama Raju,Gudem Kotha Veedhi,Katragedda
Andhra Pradesh,Alluri Sitharama Raju,Gudem Kotha Veedhi,Kattupalle
Andhra Pradesh,Alluri Sitharama Raju,Gudem Kotha Veedhi,Kimulabanda
Andhra Pradesh,Alluri Sitharama Raju,Gudem Kotha Veedhi,Kodisingi
Andhra Pradesh,Alluri Sitharama Raju,Gudem Kotha Veedhi,Kodisingi
Andhra Pradesh,Alluri Sitharama Raju,Gudem Kotha Veedhi,Kokkitapadu
Andhra Pradesh,Alluri Sitharama Raju,Gudem Kotha Veedhi,Kommalawada
Andhra Pradesh,Alluri Sitharama Raju,Gudem Kotha Veedhi,Kommarapalle
Andhra Pradesh,Alluri Sitharama Raju,Gudem Kotha Veedhi,Kondajartha
Andhra Pradesh,Alluri Sitharama Raju,Gudem Kotha Veedhi,Kondakichangi
Andhra Pradesh,Alluri Sitharama Raju,Gudem Kotha Veedhi,Kondawada
Andhra Pradesh,Alluri Sitharama Raju,Gudem Kotha Veedhi,Kondrupalle
Andhra Pradesh,Alluri Sitharama Raju,Gudem Kotha Veedhi,Kongapakalu
Andhra Pradesh,Alluri Sitharama Raju,Gudem Kotha Veedhi,Korapalle
Andhra Pradesh,Alluri Sitharama Raju,Gudem Kotha Veedhi,Kothagudem
Andhra Pradesh,Alluri Sitharama Raju,Gudem Kotha Veedhi,Kothapalem
Andhra Pradesh,Alluri Sitharama Raju,Gudem Kotha Veedhi,Kothapalle
Andhra Pradesh,Alluri Sitharama Raju,Gudem Kotha Veedhi,Kothawada
Andhra Pradesh,Alluri Sitharama Raju,Gudem Kotha Veedhi,Kothurukota
Andhra Pradesh,Alluri Sitharama Raju,Gudem Kotha Veedhi,Kotnabilli
Andhra Pradesh,Alluri Sitharama Raju,Gudem Kotha Veedhi,Kotturu
Andhra Pradesh,Alluri Sitharama Raju,Gudem Kotha Veedhi,Kunkkumpudi
Andhra Pradesh,Alluri Sitharama Raju,Gudem Kotha Veedhi,Lakkavaram
Andhra Pradesh,Alluri Sitharama Raju,Gudem Kotha Veedhi,Lakkavarapupeta
Andhra Pradesh,Alluri Sitharama Raju,Gudem Kotha Veedhi,Lankapakalu
Andhra Pradesh,Alluri Sitharama Raju,Gudem Kotha Veedhi,Lingavaram
Andhra Pradesh,Alluri Sitharama Raju,Gudem Kotha Veedhi,Lubbagunta
Andhra Pradesh,Alluri Sitharama Raju,Gudem Kotha Veedhi,Madem
Andhra Pradesh,Alluri Sitharama Raju,Gudem Kotha Veedhi,Madimalla
Andhra Pradesh,Alluri Sitharama Raju,Gudem Kotha Veedhi,Mangalapalem
Andhra Pradesh,Alluri Sitharama Raju,Gudem Kotha Veedhi,Marripalem
Andhra Pradesh,Alluri Sitharama Raju,Gudem Kotha Veedhi,Mondigedda
Andhra Pradesh,Alluri Sitharama Raju,Gudem Kotha Veedhi,Muddula Busikonda
Andhra Pradesh,Alluri Sitharama Raju,Gudem Kotha Veedhi,Munagarapalle
Andhra Pradesh,Alluri Sitharama Raju,Gudem Kotha Veedhi,Nadimiveedhi
Andhra Pradesh,Alluri Sitharama Raju,Gudem Kotha Veedhi,Naramamidi Gondi
Andhra Pradesh,Alluri Sitharama Raju,Gudem Kotha Veedhi,Neelavaram
Andhra Pradesh,Alluri Sitharama Raju,Gudem Kotha Veedhi,Nelajaratha
Andhra Pradesh,Alluri Sitharama Raju,Gudem Kotha Veedhi,Nemmathotapalem
Andhra Pradesh,Alluri Sitharama Raju,Gudem Kotha Veedhi,Neredupalle
Andhra Pradesh,Alluri Sitharama Raju,Gudem Kotha Veedhi,Nerudubanda
Andhra Pradesh,Alluri Sitharama Raju,Gudem Kotha Veedhi,Nimmachettu
Andhra Pradesh,Alluri Sitharama Raju,Gudem Kotha Veedhi,Nimmalapalem
Andhra Pradesh,Alluri Sitharama Raju,Gudem Kotha Veedhi,Nittamamidi Palem
Andhra Pradesh,Alluri Sitharama Raju,Gudem Kotha Veedhi,Panasalapadu
Andhra Pradesh,Alluri Sitharama Raju,Gudem Kotha Veedhi,Panasapalle
Andhra Pradesh,Alluri Sitharama Raju,Gudem Kotha Veedhi,Panasapalle
Andhra Pradesh,Alluri Sitharama Raju,Gudem Kotha Veedhi,Paramasingavaram
Andhra Pradesh,Alluri Sitharama Raju,Gudem Kotha Veedhi,Parikala
Andhra Pradesh,Alluri Sitharama Raju,Gudem Kotha Veedhi,Patha Yerragedda
Andhra Pradesh,Alluri Sitharama Raju,Gudem Kotha Veedhi,Pebbampalle
Andhra Pradesh,Alluri Sitharama Raju,Gudem Kotha Veedhi,Pedakothuru
Andhra Pradesh,Alluri Sitharama Raju,Gudem Kotha Veedhi,Pedapadu
Andhra Pradesh,Alluri Sitharama Raju,Gudem Kotha Veedhi,Peddammagondi
Andhra Pradesh,Alluri Sitharama Raju,Gudem Kotha Veedhi,Peddavalasa
Andhra Pradesh,Alluri Sitharama Raju,Gudem Kotha Veedhi,Petrai
Andhra Pradesh,Alluri Sitharama Raju,Gudem Kotha Veedhi,Pilligedda
Andhra Pradesh,Alluri Sitharama Raju,Gudem Kotha Veedhi,Pilligondi
Andhra Pradesh,Alluri Sitharama Raju,Gudem Kotha Veedhi,Pippaladoddi
Andhra Pradesh,Alluri Sitharama Raju,Gudem Kotha Veedhi,Pujaripakalu
Andhra Pradesh,Alluri Sitharama Raju,Gudem Kotha Veedhi,Rajumanupakalu
Andhra Pradesh,Alluri Sitharama Raju,Gudem Kotha Veedhi,Rallagedda
Andhra Pradesh,Alluri Sitharama Raju,Gudem Kotha Veedhi,Rallagedda
Andhra Pradesh,Alluri Sitharama Raju,Gudem Kotha Veedhi,Ramagedda
Andhra Pradesh,Alluri Sitharama Raju,Gudem Kotha Veedhi,Rampulu
Andhra Pradesh,Alluri Sitharama Raju,Gudem Kotha Veedhi,Reyyalagedda
Andhra Pradesh,Alluri Sitharama Raju,Gudem Kotha Veedhi,Rinthada
Andhra Pradesh,Alluri Sitharama Raju,Gudem Kotha Veedhi,Rosaiguda
Andhra Pradesh,Alluri Sitharama Raju,Gudem Kotha Veedhi,R.V.Nagar
Andhra Pradesh,Alluri Sitharama Raju,Gudem Kotha Veedhi,Sagulu
Andhra Pradesh,Alluri Sitharama Raju,Gudem Kotha Veedhi,Sankada
Andhra Pradesh,Alluri Sitharama Raju,Gudem Kotha Veedhi,Sankadakothuru
Andhra Pradesh,Alluri Sitharama Raju,Gudem Kotha Veedhi,Santha Neredupalle
Andhra Pradesh,Alluri Sitharama Raju,Gudem Kotha Veedhi,Saprla
Andhra Pradesh,Alluri Sitharama Raju,Gudem Kotha Veedhi,Signapalle
Andhra Pradesh,Alluri Sitharama Raju,Gudem Kotha Veedhi,Siribala
Andhra Pradesh,Alluri Sitharama Raju,Gudem Kotha Veedhi,S.Kothuru
Andhra Pradesh,Alluri Sitharama Raju,Gudem Kotha Veedhi,Suravaram
Andhra Pradesh,Alluri Sitharama Raju,Gudem Kotha Veedhi,Tadakapalle
Andhra Pradesh,Alluri Sitharama Raju,Gudem Kotha Veedhi,Teemulabanda
Andhra Pradesh,Alluri Sitharama Raju,Gudem Kotha Veedhi,Thurumamidi
Andhra Pradesh,Alluri Sitharama Raju,Gudem Kotha Veedhi,Tokarai
Andhra Pradesh,Alluri Sitharama Raju,Gudem Kotha Veedhi,Upper Sileru Project Site Camp (Ct)
Andhra Pradesh,Alluri Sitharama Raju,Gudem Kotha Veedhi,Vadamamidi
Andhra Pradesh,Alluri Sitharama Raju,Gudem Kotha Veedhi,Valasagedda
Andhra Pradesh,Alluri Sitharama Raju,Gudem Kotha Veedhi,Vanabalingam
Andhra Pradesh,Alluri Sitharama Raju,Gudem Kotha Veedhi,Vanchula
Andhra Pradesh,Alluri Sitharama Raju,Gudem Kotha Veedhi,Vanthadapalle
Andhra Pradesh,Alluri Sitharama Raju,Gudem Kotha Veedhi,Vasuwada
Andhra Pradesh,Alluri Sitharama Raju,Gudem Kotha Veedhi,Veeravaram
Andhra Pradesh,Alluri Sitharama Raju,Gudem Kotha Veedhi,Vusurugudem
Andhra Pradesh,Alluri Sitharama Raju,Gudem Kotha Veedhi,Yebulum
Andhra Pradesh,Alluri Sitharama Raju,Gudem Kotha Veedhi,Yenugubayalu
Andhra Pradesh,Alluri Sitharama Raju,Gudem Kotha Veedhi,Yenugugondi
Andhra Pradesh,Alluri Sitharama Raju,Gudem Kotha Veedhi,Yernabilli
Andhra Pradesh,Alluri Sitharama Raju,Gudem Kotha Veedhi,Yerracheruvulu
Andhra Pradesh,Alluri Sitharama Raju,Gudem Kotha Veedhi,Yerravaram
Andhra Pradesh,Alluri Sitharama Raju,Hukumpeta,Addumanda
Andhra Pradesh,Alluri Sitharama Raju,Hukumpeta,Allamputtu
Andhra Pradesh,Alluri Sitharama Raju,Hukumpeta,Allangiputtu
Andhra Pradesh,Alluri Sitharama Raju,Hukumpeta,Amuru
Andhra Pradesh,Alluri Sitharama Raju,Hukumpeta,Andiba
Andhra Pradesh,Alluri Sitharama Raju,Hukumpeta,Arlada
Andhra Pradesh,Alluri Sitharama Raju,Hukumpeta,Bairodivalasa @ Uppa
Andhra Pradesh,Alluri Sitharama Raju,Hukumpeta,Bakuru
Andhra Pradesh,Alluri Sitharama Raju,Hukumpeta,Baluroda
Andhra Pradesh,Alluri Sitharama Raju,Hukumpeta,Bangarubuddi
Andhra Pradesh,Alluri Sitharama Raju,Hukumpeta,Bangarugaruvu
Andhra Pradesh,Alluri Sitharama Raju,Hukumpeta,Barapalle
Andhra Pradesh,Alluri Sitharama Raju,Hukumpeta,Beeram
Andhra Pradesh,Alluri Sitharama Raju,Hukumpeta,Besaiputtu
Andhra Pradesh,Alluri Sitharama Raju,Hukumpeta,Bheemavaram
Andhra Pradesh,Alluri Sitharama Raju,Hukumpeta,Bijjapalle
Andhra Pradesh,Alluri Sitharama Raju,Hukumpeta,Bilaiputtu
Andhra Pradesh,Alluri Sitharama Raju,Hukumpeta,Billaputtu
Andhra Pradesh,Alluri Sitharama Raju,Hukumpeta,Birisingi
Andhra Pradesh,Alluri Sitharama Raju,Hukumpeta,Boddapattu (Pathakota)
Andhra Pradesh,Alluri Sitharama Raju,Hukumpeta,Boddaputtu
Andhra Pradesh,Alluri Sitharama Raju,Hukumpeta,Boddaputtu
Andhra Pradesh,Alluri Sitharama Raju,Hukumpeta,Boddaputtu
Andhra Pradesh,Alluri Sitharama Raju,Hukumpeta,Boorja
Andhra Pradesh,Alluri Sitharama Raju,Hukumpeta,Buradagummi
Andhra Pradesh,Alluri Sitharama Raju,Hukumpeta,Burmanguda
Andhra Pradesh,Alluri Sitharama Raju,Hukumpeta,Chatraiputtu
Andhra Pradesh,Alluri Sitharama Raju,Hukumpeta,Cheedigaruvu
Andhra Pradesh,Alluri Sitharama Raju,Hukumpeta,Cheediputtu
Andhra Pradesh,Alluri Sitharama Raju,Hukumpeta,Cheekatiputtu
Andhra Pradesh,Alluri Sitharama Raju,Hukumpeta,Cheekumaddula
Andhra Pradesh,Alluri Sitharama Raju,Hukumpeta,Chilakalaputtu
Andhra Pradesh,Alluri Sitharama Raju,Hukumpeta,Chinaburuguputtu
Andhra Pradesh,Alluri Sitharama Raju,Hukumpeta,Chintalaveedhi
Andhra Pradesh,Alluri Sitharama Raju,Hukumpeta,Chittampadu
Andhra Pradesh,Alluri Sitharama Raju,Hukumpeta,Dabbagaruvu
Andhra Pradesh,Alluri Sitharama Raju,Hukumpeta,Dalamputtu
Andhra Pradesh,Alluri Sitharama Raju,Hukumpeta,Dalemputtu
Andhra Pradesh,Alluri Sitharama Raju,Hukumpeta,Dalemputtu
Andhra Pradesh,Alluri Sitharama Raju,Hukumpeta,Daragedda
Andhra Pradesh,Alluri Sitharama Raju,Hukumpeta,D.Chintalaveedhi
Andhra Pradesh,Alluri Sitharama Raju,Hukumpeta,Degasalthangi
Andhra Pradesh,Alluri Sitharama Raju,Hukumpeta,Dirrapalle
Andhra Pradesh,Alluri Sitharama Raju,Hukumpeta,Donkinavalasa
Andhra Pradesh,Alluri Sitharama Raju,Hukumpeta,Duggam
Andhra Pradesh,Alluri Sitharama Raju,Hukumpeta,Dumbriguda
Andhra Pradesh,Alluri Sitharama Raju,Hukumpeta,Durgam
Andhra Pradesh,Alluri Sitharama Raju,Hukumpeta,Edulagondi
Andhra Pradesh,Alluri Sitharama Raju,Hukumpeta,Egasalthangi
Andhra Pradesh,Alluri Sitharama Raju,Hukumpeta,Gadikinchumanda
Andhra Pradesh,Alluri Sitharama Raju,Hukumpeta,Gadugupalle
Andhra Pradesh,Alluri Sitharama Raju,Hukumpeta,Gangarajuputtu
Andhra Pradesh,Alluri Sitharama Raju,Hukumpeta,Gangudi
Andhra Pradesh,Alluri Sitharama Raju,Hukumpeta,Ganika
Andhra Pradesh,Alluri Sitharama Raju,Hukumpeta,Garudapalle
Andhra Pradesh,Alluri Sitharama Raju,Hukumpeta,Gasarapalle
Andhra Pradesh,Alluri Sitharama Raju,Hukumpeta,Gatham
Andhra Pradesh,Alluri Sitharama Raju,Hukumpeta,Gedelapadu
Andhra Pradesh,Alluri Sitharama Raju,Hukumpeta,Gillibaddu
Andhra Pradesh,Alluri Sitharama Raju,Hukumpeta,Gondipeta
Andhra Pradesh,Alluri Sitharama Raju,Hukumpeta,Gondirapa
Andhra Pradesh,Alluri Sitharama Raju,Hukumpeta,Goppulapalem
Andhra Pradesh,Alluri Sitharama Raju,Hukumpeta,Gotchari
Andhra Pradesh,Alluri Sitharama Raju,Hukumpeta,Gummadiganduva
Andhra Pradesh,Alluri Sitharama Raju,Hukumpeta,Gummadigunta
Andhra Pradesh,Alluri Sitharama Raju,Hukumpeta,Hukumpeta
Andhra Pradesh,Alluri Sitharama Raju,Hukumpeta,Irukurai
Andhra Pradesh,Alluri Sitharama Raju,Hukumpeta,Jakaramputtu
Andhra Pradesh,Alluri Sitharama Raju,Hukumpeta,Jangamputtu
Andhra Pradesh,Alluri Sitharama Raju,Hukumpeta,Jarrakonda
Andhra Pradesh,Alluri Sitharama Raju,Hukumpeta,Jeelugulaputtu
Andhra Pradesh,Alluri Sitharama Raju,Hukumpeta,Jogulaputtu
Andhra Pradesh,Alluri Sitharama Raju,Hukumpeta,Kamayyapeta
Andhra Pradesh,Alluri Sitharama Raju,Hukumpeta,Kangaruputtu
Andhra Pradesh,Alluri Sitharama Raju,Hukumpeta,Kanguputtu
Andhra Pradesh,Alluri Sitharama Raju,Hukumpeta,Kethampalem
Andhra Pradesh,Alluri Sitharama Raju,Hukumpeta,Kimiduputtu
Andhra Pradesh,Alluri Sitharama Raju,Hukumpeta,Kodeli
Andhra Pradesh,Alluri Sitharama Raju,Hukumpeta,Koditala
Andhra Pradesh,Alluri Sitharama Raju,Hukumpeta,Kokkisa
Andhra Pradesh,Alluri Sitharama Raju,Hukumpeta,Kondayyapadu
Andhra Pradesh,Alluri Sitharama Raju,Hukumpeta,Kontapalle
Andhra Pradesh,Alluri Sitharama Raju,Hukumpeta,Konthili
Andhra Pradesh,Alluri Sitharama Raju,Hukumpeta,Kotagummam
Andhra Pradesh,Alluri Sitharama Raju,Hukumpeta,Kothavuru
Andhra Pradesh,Alluri Sitharama Raju,Hukumpeta,Kulapadu
Andhra Pradesh,Alluri Sitharama Raju,Hukumpeta,Kunturla
Andhra Pradesh,Alluri Sitharama Raju,Hukumpeta,Kutangi Tadiputtu
Andhra Pradesh,Alluri Sitharama Raju,Hukumpeta,Kuthangi
Andhra Pradesh,Alluri Sitharama Raju,Hukumpeta,Lakeyaputtu
Andhra Pradesh,Alluri Sitharama Raju,Hukumpeta,Liviti
Andhra Pradesh,Alluri Sitharama Raju,Hukumpeta,Locheliputtu
Andhra Pradesh,Alluri Sitharama Raju,Hukumpeta,Maddiputtu
Andhra Pradesh,Alluri Sitharama Raju,Hukumpeta,Maddiputtu
Andhra Pradesh,Alluri Sitharama Raju,Hukumpeta,Majjivalasa
Andhra Pradesh,Alluri Sitharama Raju,Hukumpeta,Malaguda
Andhra Pradesh,Alluri Sitharama Raju,Hukumpeta,Mandiputtu
Andhra Pradesh,Alluri Sitharama Raju,Hukumpeta,Mangalamamidi
Andhra Pradesh,Alluri Sitharama Raju,Hukumpeta,Marela
Andhra Pradesh,Alluri Sitharama Raju,Hukumpeta,Marripalem
Andhra Pradesh,Alluri Sitharama Raju,Hukumpeta,Marriputtu
Andhra Pradesh,Alluri Sitharama Raju,Hukumpeta,Marrivalasa
Andhra Pradesh,Alluri Sitharama Raju,Hukumpeta,Masada
Andhra Pradesh,Alluri Sitharama Raju,Hukumpeta,Matchyapuram
Andhra Pradesh,Alluri Sitharama Raju,Hukumpeta,Matham
Andhra Pradesh,Alluri Sitharama Raju,Hukumpeta,M.Boddaputtu
Andhra Pradesh,Alluri Sitharama Raju,Hukumpeta,Mebha
Andhra Pradesh,Alluri Sitharama Raju,Hukumpeta,Merakachinta
Andhra Pradesh,Alluri Sitharama Raju,Hukumpeta,M.Kothavuru
Andhra Pradesh,Alluri Sitharama Raju,Hukumpeta,Mulakayiputtu
Andhra Pradesh,Alluri Sitharama Raju,Hukumpeta,Muliaputtu
Andhra Pradesh,Alluri Sitharama Raju,Hukumpeta,Mulusobha
Andhra Pradesh,Alluri Sitharama Raju,Hukumpeta,Nakkalaputtu
Andhra Pradesh,Alluri Sitharama Raju,Hukumpeta,Neelamputtu
Andhra Pradesh,Alluri Sitharama Raju,Hukumpeta,Nimmalapadu
Andhra Pradesh,Alluri Sitharama Raju,Hukumpeta,Nimmalapadu
Andhra Pradesh,Alluri Sitharama Raju,Hukumpeta,Nittaputtu
Andhra Pradesh,Alluri Sitharama Raju,Hukumpeta,Nurupanuku
Andhra Pradesh,Alluri Sitharama Raju,Hukumpeta,Olda
Andhra Pradesh,Alluri Sitharama Raju,Hukumpeta,Ontipaka
Andhra Pradesh,Alluri Sitharama Raju,Hukumpeta,Palamamidi
Andhra Pradesh,Alluri Sitharama Raju,Hukumpeta,Pamurai
Andhra Pradesh,Alluri Sitharama Raju,Hukumpeta,Panasaputtu
Andhra Pradesh,Alluri Sitharama Raju,Hukumpeta,Pandimetta
Andhra Pradesh,Alluri Sitharama Raju,Hukumpeta,Patakadavada
Andhra Pradesh,Alluri Sitharama Raju,Hukumpeta,Pathakota
Andhra Pradesh,Alluri Sitharama Raju,Hukumpeta,Patiguruvu
Andhra Pradesh,Alluri Sitharama Raju,Hukumpeta,Patimamidi
Andhra Pradesh,Alluri Sitharama Raju,Hukumpeta,Patrimetta
Andhra Pradesh,Alluri Sitharama Raju,Hukumpeta,Pattam
Andhra Pradesh,Alluri Sitharama Raju,Hukumpeta,Pedagaruvu
Andhra Pradesh,Alluri Sitharama Raju,Hukumpeta,Peda Nandiputtu
Andhra Pradesh,Alluri Sitharama Raju,Hukumpeta,Peddapadu
Andhra Pradesh,Alluri Sitharama Raju,Hukumpeta,Pedirai
Andhra Pradesh,Alluri Sitharama Raju,Hukumpeta,Peesumamidi
Andhra Pradesh,Alluri Sitharama Raju,Hukumpeta,Pusalagaruvu
Andhra Pradesh,Alluri Sitharama Raju,Hukumpeta,Ramachandrapuram
Andhra Pradesh,Alluri Sitharama Raju,Hukumpeta,Ranamkota
Andhra Pradesh,Alluri Sitharama Raju,Hukumpeta,Rangapalle
Andhra Pradesh,Alluri Sitharama Raju,Hukumpeta,Rangaseela
Andhra Pradesh,Alluri Sitharama Raju,Hukumpeta,Rapa
Andhra Pradesh,Alluri Sitharama Raju,Hukumpeta,Rathulaputtu
Andhra Pradesh,Alluri Sitharama Raju,Hukumpeta,Reedabanda
Andhra Pradesh,Alluri Sitharama Raju,Hukumpeta,Rudi @ Degarudi
Andhra Pradesh,Alluri Sitharama Raju,Hukumpeta,Sampangiputtu
Andhra Pradesh,Alluri Sitharama Raju,Hukumpeta,Sampangiputtu
Andhra Pradesh,Alluri Sitharama Raju,Hukumpeta,Santhari
Andhra Pradesh,Alluri Sitharama Raju,Hukumpeta,Sanyasammapalem
Andhra Pradesh,Alluri Sitharama Raju,Hukumpeta,Sarasapadu
Andhra Pradesh,Alluri Sitharama Raju,Hukumpeta,Sariyapolam
Andhra Pradesh,Alluri Sitharama Raju,Hukumpeta,Sembi
Andhra Pradesh,Alluri Sitharama Raju,Hukumpeta,Sesaipanuku
Andhra Pradesh,Alluri Sitharama Raju,Hukumpeta,Sobakota
Andhra Pradesh,Alluri Sitharama Raju,Hukumpeta,Sukuru
Andhra Pradesh,Alluri Sitharama Raju,Hukumpeta,Sullipakoni
Andhra Pradesh,Alluri Sitharama Raju,Hukumpeta,Sundruputtu
Andhra Pradesh,Alluri Sitharama Raju,Hukumpeta,Tadigiri
Andhra Pradesh,Alluri Sitharama Raju,Hukumpeta,Teegalavalasa
Andhra Pradesh,Alluri Sitharama Raju,Hukumpeta,Thumbaguda
Andhra Pradesh,Alluri Sitharama Raju,Hukumpeta,Tiyyaniputtu
Andhra Pradesh,Alluri Sitharama Raju,Hukumpeta,Tokaduggam
Andhra Pradesh,Alluri Sitharama Raju,Hukumpeta,Totakurapadu
Andhra Pradesh,Alluri Sitharama Raju,Hukumpeta,Turakalametta
Andhra Pradesh,Alluri Sitharama Raju,Hukumpeta,Urrada
Andhra Pradesh,Alluri Sitharama Raju,Hukumpeta,Vachanarangini
Andhra Pradesh,Alluri Sitharama Raju,Hukumpeta,Vakapalle
Andhra Pradesh,Alluri Sitharama Raju,Hukumpeta,Vallangiputtu
Andhra Pradesh,Alluri Sitharama Raju,Hukumpeta,Veerendla
Andhra Pradesh,Alluri Sitharama Raju,Hukumpeta,Vukkurba
Andhra Pradesh,Alluri Sitharama Raju,Koyyuru,Adakula
Andhra Pradesh,Alluri Sitharama Raju,Koyyuru,Agraharam
Andhra Pradesh,Alluri Sitharama Raju,Koyyuru,Ankampalem
Andhra Pradesh,Alluri Sitharama Raju,Koyyuru,Annavaram
Andhra Pradesh,Alluri Sitharama Raju,Koyyuru,Anthada
Andhra Pradesh,Alluri Sitharama Raju,Koyyuru,Anthada
Andhra Pradesh,Alluri Sitharama Raju,Koyyuru,Balabadrapadu
Andhra Pradesh,Alluri Sitharama Raju,Koyyuru,Balaram
Andhra Pradesh,Alluri Sitharama Raju,Koyyuru,Balarevulu
Andhra Pradesh,Alluri Sitharama Raju,Koyyuru,Balusukura Pakalu
Andhra Pradesh,Alluri Sitharama Raju,Koyyuru,Bandivalasa
Andhra Pradesh,Alluri Sitharama Raju,Koyyuru,Bangarammapeta
Andhra Pradesh,Alluri Sitharama Raju,Koyyuru,Bangarayyapadu
Andhra Pradesh,Alluri Sitharama Raju,Koyyuru,Bangarupalem
Andhra Pradesh,Alluri Sitharama Raju,Koyyuru,Battapanukulu
Andhra Pradesh,Alluri Sitharama Raju,Koyyuru,Battumetta
Andhra Pradesh,Alluri Sitharama Raju,Koyyuru,Bennavaram
Andhra Pradesh,Alluri Sitharama Raju,Koyyuru,Bheemavaram
Andhra Pradesh,Alluri Sitharama Raju,Koyyuru,Bointi
Andhra Pradesh,Alluri Sitharama Raju,Koyyuru,Bonkulapalem
Andhra Pradesh,Alluri Sitharama Raju,Koyyuru,Bouthuvalasa
Andhra Pradesh,Alluri Sitharama Raju,Koyyuru,Budaralla
Andhra Pradesh,Alluri Sitharama Raju,Koyyuru,Budaralla Kothuru
Andhra Pradesh,Alluri Sitharama Raju,Koyyuru,Chappidi Mamidi
Andhra Pradesh,Alluri Sitharama Raju,Koyyuru,Chatarai
Andhra Pradesh,Alluri Sitharama Raju,Koyyuru,Cheedikota
Andhra Pradesh,Alluri Sitharama Raju,Koyyuru,Cheedipalem
Andhra Pradesh,Alluri Sitharama Raju,Koyyuru,Chintalapudi
Andhra Pradesh,Alluri Sitharama Raju,Koyyuru,Chintuvanipalem
Andhra Pradesh,Alluri Sitharama Raju,Koyyuru,Chittempadu
Andhra Pradesh,Alluri Sitharama Raju,Koyyuru,Chowdipalle
Andhra Pradesh,Alluri Sitharama Raju,Koyyuru,Daddugula
Andhra Pradesh,Alluri Sitharama Raju,Koyyuru,Daragedda
Andhra Pradesh,Alluri Sitharama Raju,Koyyuru,Dharmavaram
Andhra Pradesh,Alluri Sitharama Raju,Koyyuru,Dhonipalem
Andhra Pradesh,Alluri Sitharama Raju,Koyyuru,Dibbalapalem
Andhra Pradesh,Alluri Sitharama Raju,Koyyuru,Doddavaram
Andhra Pradesh,Alluri Sitharama Raju,Koyyuru,Domalagondi
Andhra Pradesh,Alluri Sitharama Raju,Koyyuru,Downuru
Andhra Pradesh,Alluri Sitharama Raju,Koyyuru,Gadabapalem
Andhra Pradesh,Alluri Sitharama Raju,Koyyuru,Gamakonda
Andhra Pradesh,Alluri Sitharama Raju,Koyyuru,Ganerlapalem
Andhra Pradesh,Alluri Sitharama Raju,Koyyuru,Gangavaram
Andhra Pradesh,Alluri Sitharama Raju,Koyyuru,Gantavari Kothagudem
Andhra Pradesh,Alluri Sitharama Raju,Koyyuru,Ganugula
Andhra Pradesh,Alluri Sitharama Raju,Koyyuru,Garimanda
Andhra Pradesh,Alluri Sitharama Raju,Koyyuru,Ginjarthi
Andhra Pradesh,Alluri Sitharama Raju,Koyyuru,Godugula Manubanda
Andhra Pradesh,Alluri Sitharama Raju,Koyyuru,Gollivalasa
Andhra Pradesh,Alluri Sitharama Raju,Koyyuru,Gopavaram
Andhra Pradesh,Alluri Sitharama Raju,Koyyuru,Gudapalle
Andhra Pradesh,Alluri Sitharama Raju,Koyyuru,Gummadimanupalem
Andhra Pradesh,Alluri Sitharama Raju,Koyyuru,Gummalapalem
Andhra Pradesh,Alluri Sitharama Raju,Koyyuru,Jammavaram
Andhra Pradesh,Alluri Sitharama Raju,Koyyuru,Jerrigondi
Andhra Pradesh,Alluri Sitharama Raju,Koyyuru,Jogampeta
Andhra Pradesh,Alluri Sitharama Raju,Koyyuru,Jonnamamidi
Andhra Pradesh,Alluri Sitharama Raju,Koyyuru,Kamparegulu
Andhra Pradesh,Alluri Sitharama Raju,Koyyuru,Kannavaram
Andhra Pradesh,Alluri Sitharama Raju,Koyyuru,Kantharam
Andhra Pradesh,Alluri Sitharama Raju,Koyyuru,Kathiralloddi
Andhra Pradesh,Alluri Sitharama Raju,Koyyuru,Katragedda
Andhra Pradesh,Alluri Sitharama Raju,Koyyuru,Kinaparthi
Andhra Pradesh,Alluri Sitharama Raju,Koyyuru,Kinchavanipalem
Andhra Pradesh,Alluri Sitharama Raju,Koyyuru,Kindangi
Andhra Pradesh,Alluri Sitharama Raju,Koyyuru,Kithalova
Andhra Pradesh,Alluri Sitharama Raju,Koyyuru,Kommanuru
Andhra Pradesh,Alluri Sitharama Raju,Koyyuru,Kommika
Andhra Pradesh,Alluri Sitharama Raju,Koyyuru,Kondagokira
Andhra Pradesh,Alluri Sitharama Raju,Koyyuru,Kondasantha
Andhra Pradesh,Alluri Sitharama Raju,Koyyuru,Koppukonda
Andhra Pradesh,Alluri Sitharama Raju,Koyyuru,Kothagadabapalem
Andhra Pradesh,Alluri Sitharama Raju,Koyyuru,Kothapalem
Andhra Pradesh,Alluri Sitharama Raju,Koyyuru,Kothapalle
Andhra Pradesh,Alluri Sitharama Raju,Koyyuru,Kothuru
Andhra Pradesh,Alluri Sitharama Raju,Koyyuru,Koyyuru
Andhra Pradesh,Alluri Sitharama Raju,Koyyuru,Koyyuru Pathapadu
Andhra Pradesh,Alluri Sitharama Raju,Koyyuru,Kumbarlubanda
Andhra Pradesh,Alluri Sitharama Raju,Koyyuru,Lankaveedhi
Andhra Pradesh,Alluri Sitharama Raju,Koyyuru,Lingapuram
Andhra Pradesh,Alluri Sitharama Raju,Koyyuru,Lubbarthi
Andhra Pradesh,Alluri Sitharama Raju,Koyyuru,Lusam
Andhra Pradesh,Alluri Sitharama Raju,Koyyuru,Mallavaram
Andhra Pradesh,Alluri Sitharama Raju,Koyyuru,Mampa
Andhra Pradesh,Alluri Sitharama Raju,Koyyuru,Mandipalle
Andhra Pradesh,Alluri Sitharama Raju,Koyyuru,Marripakalu
Andhra Pradesh,Alluri Sitharama Raju,Koyyuru,Marripalem
Andhra Pradesh,Alluri Sitharama Raju,Koyyuru,Marriwada
Andhra Pradesh,Alluri Sitharama Raju,Koyyuru,Mattam Bhimavaram
Andhra Pradesh,Alluri Sitharama Raju,Koyyuru,Mogalidoddi
Andhra Pradesh,Alluri Sitharama Raju,Koyyuru,Mukudupalle
Andhra Pradesh,Alluri Sitharama Raju,Koyyuru,Mulagalametta
Andhra Pradesh,Alluri Sitharama Raju,Koyyuru,Mulapeta
Andhra Pradesh,Alluri Sitharama Raju,Koyyuru,Nadimpalem
Andhra Pradesh,Alluri Sitharama Raju,Koyyuru,Nadimpalem
Andhra Pradesh,Alluri Sitharama Raju,Koyyuru,Nadimpalem
Andhra Pradesh,Alluri Sitharama Raju,Koyyuru,Nakkalapadu
Andhra Pradesh,Alluri Sitharama Raju,Koyyuru,Nallabilli
Andhra Pradesh,Alluri Sitharama Raju,Koyyuru,Nallagonda
Andhra Pradesh,Alluri Sitharama Raju,Koyyuru,Nallagonda
Andhra Pradesh,Alluri Sitharama Raju,Koyyuru,Nimmagedda
Andhra Pradesh,Alluri Sitharama Raju,Koyyuru,Nimmalagondi
Andhra Pradesh,Alluri Sitharama Raju,Koyyuru,Nimmalapalem
Andhra Pradesh,Alluri Sitharama Raju,Koyyuru,Padi
Andhra Pradesh,Alluri Sitharama Raju,Koyyuru,Pakalajeedi
Andhra Pradesh,Alluri Sitharama Raju,Koyyuru,Panasalapadu
Andhra Pradesh,Alluri Sitharama Raju,Koyyuru,Paradesipakalu
Andhra Pradesh,Alluri Sitharama Raju,Koyyuru,Parlubanda
Andhra Pradesh,Alluri Sitharama Raju,Koyyuru,Pedalanka Kothuru
Andhra Pradesh,Alluri Sitharama Raju,Koyyuru,Pedamakavaram
Andhra Pradesh,Alluri Sitharama Raju,Koyyuru,Peddinipalem
Andhra Pradesh,Alluri Sitharama Raju,Koyyuru,Pidathamamidi
Andhra Pradesh,Alluri Sitharama Raju,Koyyuru,Pidugurai
Andhra Pradesh,Alluri Sitharama Raju,Koyyuru,Pittalapadu
Andhra Pradesh,Alluri Sitharama Raju,Koyyuru,Pokalapalem
Andhra Pradesh,Alluri Sitharama Raju,Koyyuru,Pothavaram
Andhra Pradesh,Alluri Sitharama Raju,Koyyuru,Punukuru
Andhra Pradesh,Alluri Sitharama Raju,Koyyuru,Puttakota
Andhra Pradesh,Alluri Sitharama Raju,Koyyuru,Puturugedda
Andhra Pradesh,Alluri Sitharama Raju,Koyyuru,Rabbasingi
Andhra Pradesh,Alluri Sitharama Raju,Koyyuru,Rajendrapalem
Andhra Pradesh,Alluri Sitharama Raju,Koyyuru,Rajupeta
Andhra Pradesh,Alluri Sitharama Raju,Koyyuru,Ramannapalem
Andhra Pradesh,Alluri Sitharama Raju,Koyyuru,Ramannapalem
Andhra Pradesh,Alluri Sitharama Raju,Koyyuru,Ramapuram
Andhra Pradesh,Alluri Sitharama Raju,Koyyuru,Ramarajupalem
Andhra Pradesh,Alluri Sitharama Raju,Koyyuru,Ratnampeta
Andhra Pradesh,Alluri Sitharama Raju,Koyyuru,Ravanapalle
Andhra Pradesh,Alluri Sitharama Raju,Koyyuru,Ravimanupakalu
Andhra Pradesh,Alluri Sitharama Raju,Koyyuru,Ravimanupalem
Andhra Pradesh,Alluri Sitharama Raju,Koyyuru,Ravulakota
Andhra Pradesh,Alluri Sitharama Raju,Koyyuru,Rellalapalem
Andhra Pradesh,Alluri Sitharama Raju,Koyyuru,Revallu
Andhra Pradesh,Alluri Sitharama Raju,Koyyuru,Rolangi
Andhra Pradesh,Alluri Sitharama Raju,Koyyuru,Sakulapalem
Andhra Pradesh,Alluri Sitharama Raju,Koyyuru,Sanivarappadu
Andhra Pradesh,Alluri Sitharama Raju,Koyyuru,Santha Kirlampadu
Andhra Pradesh,Alluri Sitharama Raju,Koyyuru,Sarabhanna Palem
Andhra Pradesh,Alluri Sitharama Raju,Koyyuru,Seekayipalem
Andhra Pradesh,Alluri Sitharama Raju,Koyyuru,Singavaram
Andhra Pradesh,Alluri Sitharama Raju,Koyyuru,Sitharampadu
Andhra Pradesh,Alluri Sitharama Raju,Koyyuru,Solabu
Andhra Pradesh,Alluri Sitharama Raju,Koyyuru,Suddalapalem
Andhra Pradesh,Alluri Sitharama Raju,Koyyuru,Suramanda
Andhra Pradesh,Alluri Sitharama Raju,Koyyuru,Surendrapalem
Andhra Pradesh,Alluri Sitharama Raju,Koyyuru,Tapplimamidi
Andhra Pradesh,Alluri Sitharama Raju,Koyyuru,Teegalametta
Andhra Pradesh,Alluri Sitharama Raju,Koyyuru,Tenkala Panukulu
Andhra Pradesh,Alluri Sitharama Raju,Koyyuru,Thadichetlapalem
Andhra Pradesh,Alluri Sitharama Raju,Koyyuru,Thallapalem
Andhra Pradesh,Alluri Sitharama Raju,Koyyuru,Thatimanubanda
Andhra Pradesh,Alluri Sitharama Raju,Koyyuru,Thotaluru
Andhra Pradesh,Alluri Sitharama Raju,Koyyuru,Tulabada
Andhra Pradesh,Alluri Sitharama Raju,Koyyuru,U.Cheedipalem
Andhra Pradesh,Alluri Sitharama Raju,Koyyuru,Ulligunta
Andhra Pradesh,Alluri Sitharama Raju,Koyyuru,Valasampeta
Andhra Pradesh,Alluri Sitharama Raju,Koyyuru,Valasarajupadu
Andhra Pradesh,Alluri Sitharama Raju,Koyyuru,Valugudem
Andhra Pradesh,Alluri Sitharama Raju,Koyyuru,Vanthamarri
Andhra Pradesh,Alluri Sitharama Raju,Koyyuru,Velagalapalem
Andhra Pradesh,Alluri Sitharama Raju,Koyyuru,Vudutha
Andhra Pradesh,Alluri Sitharama Raju,Koyyuru,Yeddumamidi Singhadara
Andhra Pradesh,Alluri Sitharama Raju,Koyyuru,Yerrabilli
Andhra Pradesh,Alluri Sitharama Raju,Koyyuru,Yerragonda
Andhra Pradesh,Alluri Sitharama Raju,Koyyuru,Yerrinaidu Pakalu
Andhra Pradesh,Alluri Sitharama Raju,Kunavaram,Abicherla
Andhra Pradesh,Alluri Sitharama Raju,Kunavaram,Ayyavarigudem
Andhra Pradesh,Alluri Sitharama Raju,Kunavaram,Bhagavanpuram
Andhra Pradesh,Alluri Sitharama Raju,Kunavaram,Bodunuru
Andhra Pradesh,Alluri Sitharama Raju,Kunavaram,Bojjaraigudem
Andhra Pradesh,Alluri Sitharama Raju,Kunavaram,Byravapatnam
Andhra Pradesh,Alluri Sitharama Raju,Kunavaram,Chinarkur
Andhra Pradesh,Alluri Sitharama Raju,Kunavaram,Chinnapolipaka
Andhra Pradesh,Alluri Sitharama Raju,Kunavaram,Chinnarukur
Andhra Pradesh,Alluri Sitharama Raju,Kunavaram,Chuchirevula
Andhra Pradesh,Alluri Sitharama Raju,Kunavaram,Chuchirevula Gudem
Andhra Pradesh,Alluri Sitharama Raju,Kunavaram,Dugutta
Andhra Pradesh,Alluri Sitharama Raju,Kunavaram,Gandi Kothagudem
Andhra Pradesh,Alluri Sitharama Raju,Kunavaram,Gommu Ayyavarigudem
Andhra Pradesh,Alluri Sitharama Raju,Kunavaram,Gommugudem
Andhra Pradesh,Alluri Sitharama Raju,Kunavaram,Gunduvarigudem
Andhra Pradesh,Alluri Sitharama Raju,Kunavaram,Harvegudem
Andhra Pradesh,Alluri Sitharama Raju,Kunavaram,Jaggavaram
Andhra Pradesh,Alluri Sitharama Raju,Kunavaram,Kachavaram
Andhra Pradesh,Alluri Sitharama Raju,Kunavaram,Karakagudem
Andhra Pradesh,Alluri Sitharama Raju,Kunavaram,Koderu
Andhra Pradesh,Alluri Sitharama Raju,Kunavaram,Kondaigudem
Andhra Pradesh,Alluri Sitharama Raju,Kunavaram,Kondarajupeta
Andhra Pradesh,Alluri Sitharama Raju,Kunavaram,Kothuru
Andhra Pradesh,Alluri Sitharama Raju,Kunavaram,Kudalipadu
Andhra Pradesh,Alluri Sitharama Raju,Kunavaram,Kumaraswamigudem
Andhra Pradesh,Alluri Sitharama Raju,Kunavaram,Kunavaram
Andhra Pradesh,Alluri Sitharama Raju,Kunavaram,Kuturu
Andhra Pradesh,Alluri Sitharama Raju,Kunavaram,Kuturugattu
Andhra Pradesh,Alluri Sitharama Raju,Kunavaram,Laxmipuram
Andhra Pradesh,Alluri Sitharama Raju,Kunavaram,Lellavai
Andhra Pradesh,Alluri Sitharama Raju,Kunavaram,Lingapuram
Andhra Pradesh,Alluri Sitharama Raju,Kunavaram,Marrigudem
Andhra Pradesh,Alluri Sitharama Raju,Kunavaram,Metta Ramavaram
Andhra Pradesh,Alluri Sitharama Raju,Kunavaram,Mulluru
Andhra Pradesh,Alluri Sitharama Raju,Kunavaram,Narasingapeta
Andhra Pradesh,Alluri Sitharama Raju,Kunavaram,Paidigudem
Andhra Pradesh,Alluri Sitharama Raju,Kunavaram,Palluru
Andhra Pradesh,Alluri Sitharama Raju,Kunavaram,Pandirajupalle
Andhra Pradesh,Alluri Sitharama Raju,Kunavaram,Pedda Polipaka
Andhra Pradesh,Alluri Sitharama Raju,Kunavaram,Peddarukur
Andhra Pradesh,Alluri Sitharama Raju,Kunavaram,Pochavaram
Andhra Pradesh,Alluri Sitharama Raju,Kunavaram,Potlavai
Andhra Pradesh,Alluri Sitharama Raju,Kunavaram,Potlavarigudem
Andhra Pradesh,Alluri Sitharama Raju,Kunavaram,Regulapadu
Andhra Pradesh,Alluri Sitharama Raju,Kunavaram,Repaka
Andhra Pradesh,Alluri Sitharama Raju,Kunavaram,Seetarampuram
Andhra Pradesh,Alluri Sitharama Raju,Kunavaram,S.Kothagudem
Andhra Pradesh,Alluri Sitharama Raju,Kunavaram,Srirampuram
Andhra Pradesh,Alluri Sitharama Raju,Kunavaram,Tallagudem
Andhra Pradesh,Alluri Sitharama Raju,Kunavaram,Tekubaka
Andhra Pradesh,Alluri Sitharama Raju,Kunavaram,Tekuloddi
Andhra Pradesh,Alluri Sitharama Raju,Kunavaram,Turakalagudem
Andhra Pradesh,Alluri Sitharama Raju,Kunavaram,Venkannagudem
Andhra Pradesh,Alluri Sitharama Raju,Kunavaram,Venkatayapalem
Andhra Pradesh,Alluri Sitharama Raju,Kunavaram,Venkatrayapalem
Andhra Pradesh,Alluri Sitharama Raju,Kunavaram,Walfordpeta
Andhra Pradesh,Alluri Sitharama Raju,Maredumilli,Addarivalasa
Andhra Pradesh,Alluri Sitharama Raju,Maredumilli,Akumamidikota
Andhra Pradesh,Alluri Sitharama Raju,Maredumilli,Arjunalova
Andhra Pradesh,Alluri Sitharama Raju,Maredumilli,Banda
Andhra Pradesh,Alluri Sitharama Raju,Maredumilli,Bhimavaram
Andhra Pradesh,Alluri Sitharama Raju,Maredumilli,Bodlanka
Andhra Pradesh,Alluri Sitharama Raju,Maredumilli,Boduluru
Andhra Pradesh,Alluri Sitharama Raju,Maredumilli,Busigandi
Andhra Pradesh,Alluri Sitharama Raju,Maredumilli,Chakkavada
Andhra Pradesh,Alluri Sitharama Raju,Maredumilli,Chatlavada
Andhra Pradesh,Alluri Sitharama Raju,Maredumilli,Chavidikota
Andhra Pradesh,Alluri Sitharama Raju,Maredumilli,Daravada
Andhra Pradesh,Alluri Sitharama Raju,Maredumilli,Denduluru
Andhra Pradesh,Alluri Sitharama Raju,Maredumilli,Devarapalle
Andhra Pradesh,Alluri Sitharama Raju,Maredumilli,Dorachintalapalem
Andhra Pradesh,Alluri Sitharama Raju,Maredumilli,Doramamidi
Andhra Pradesh,Alluri Sitharama Raju,Maredumilli,D. Velamalakota
Andhra Pradesh,Alluri Sitharama Raju,Maredumilli,Egavalasa
Andhra Pradesh,Alluri Sitharama Raju,Maredumilli,Elivada
Andhra Pradesh,Alluri Sitharama Raju,Maredumilli,Goguvalasa
Andhra Pradesh,Alluri Sitharama Raju,Maredumilli,Gondivada
Andhra Pradesh,Alluri Sitharama Raju,Maredumilli,Goramamidi
Andhra Pradesh,Alluri Sitharama Raju,Maredumilli,Gudisa
Andhra Pradesh,Alluri Sitharama Raju,Maredumilli,Gujjumamidivalasa
Andhra Pradesh,Alluri Sitharama Raju,Maredumilli,Gumpenagandi
Andhra Pradesh,Alluri Sitharama Raju,Maredumilli,Gundrathi
Andhra Pradesh,Alluri Sitharama Raju,Maredumilli,Ijjaluru
Andhra Pradesh,Alluri Sitharama Raju,Maredumilli,Ivampalle
Andhra Pradesh,Alluri Sitharama Raju,Maredumilli,Kadumuru
Andhra Pradesh,Alluri Sitharama Raju,Maredumilli,Kakuru
Andhra Pradesh,Alluri Sitharama Raju,Maredumilli,Katchalavada
Andhra Pradesh,Alluri Sitharama Raju,Maredumilli,Kondavada
Andhra Pradesh,Alluri Sitharama Raju,Maredumilli,Kuduru
Andhra Pradesh,Alluri Sitharama Raju,Maredumilli,Kundada
Andhra Pradesh,Alluri Sitharama Raju,Maredumilli,Kutravada
Andhra Pradesh,Alluri Sitharama Raju,Maredumilli,Maddiveedu
Andhra Pradesh,Alluri Sitharama Raju,Maredumilli,Madduluru
Andhra Pradesh,Alluri Sitharama Raju,Maredumilli,Madduluru
Andhra Pradesh,Alluri Sitharama Raju,Maredumilli,Mallavaram
Andhra Pradesh,Alluri Sitharama Raju,Maredumilli,Maredumilli
Andhra Pradesh,Alluri Sitharama Raju,Maredumilli,Muchilivada
Andhra Pradesh,Alluri Sitharama Raju,Maredumilli,Munjamamidi
Andhra Pradesh,Alluri Sitharama Raju,Maredumilli,Munthamamidi
Andhra Pradesh,Alluri Sitharama Raju,Maredumilli,Musuru
Andhra Pradesh,Alluri Sitharama Raju,Maredumilli,Narsapuram
Andhra Pradesh,Alluri Sitharama Raju,Maredumilli,Nellore
Andhra Pradesh,Alluri Sitharama Raju,Maredumilli,Nukaletivada
Andhra Pradesh,Alluri Sitharama Raju,Maredumilli,Nurupudi
Andhra Pradesh,Alluri Sitharama Raju,Maredumilli,Pamulamamidi
Andhra Pradesh,Alluri Sitharama Raju,Maredumilli,Pamuleru
Andhra Pradesh,Alluri Sitharama Raju,Maredumilli,Pandirimamidikota
Andhra Pradesh,Alluri Sitharama Raju,Maredumilli,Pedamallupadu
Andhra Pradesh,Alluri Sitharama Raju,Maredumilli,Peddamarri
Andhra Pradesh,Alluri Sitharama Raju,Maredumilli,Pedduru
Andhra Pradesh,Alluri Sitharama Raju,Maredumilli,Potlavada
Andhra Pradesh,Alluri Sitharama Raju,Maredumilli,Pujaripakalu
Andhra Pradesh,Alluri Sitharama Raju,Maredumilli,Pullangi
Andhra Pradesh,Alluri Sitharama Raju,Maredumilli,Pusiwada
Andhra Pradesh,Alluri Sitharama Raju,Maredumilli,Puttagondilanka
Andhra Pradesh,Alluri Sitharama Raju,Maredumilli,Ramannavalasa
Andhra Pradesh,Alluri Sitharama Raju,Maredumilli,Siripanlova
Andhra Pradesh,Alluri Sitharama Raju,Maredumilli,Sripuram
Andhra Pradesh,Alluri Sitharama Raju,Maredumilli,Sunnampadu
Andhra Pradesh,Alluri Sitharama Raju,Maredumilli,Thadepalle
Andhra Pradesh,Alluri Sitharama Raju,Maredumilli,Thurruru
Andhra Pradesh,Alluri Sitharama Raju,Maredumilli,Thurumamidi
Andhra Pradesh,Alluri Sitharama Raju,Maredumilli,Vakkuluru
Andhra Pradesh,Alluri Sitharama Raju,Maredumilli,Valamuru
Andhra Pradesh,Alluri Sitharama Raju,Maredumilli,Vetukuru
Andhra Pradesh,Alluri Sitharama Raju,Maredumilli,Vuthaluru
Andhra Pradesh,Alluri Sitharama Raju,Maredumilli,Vyadapudi
Andhra Pradesh,Alluri Sitharama Raju,Munchingi Puttu,Adalaputtu
Andhra Pradesh,Alluri Sitharama Raju,Munchingi Puttu,Adarladi @ Mukki Puttu
Andhra Pradesh,Alluri Sitharama Raju,Munchingi Puttu,A.Kotturu
Andhra Pradesh,Alluri Sitharama Raju,Munchingi Puttu,Alabeeru
Andhra Pradesh,Alluri Sitharama Raju,Munchingi Puttu,Allangipada
Andhra Pradesh,Alluri Sitharama Raju,Munchingi Puttu,Amalaguda
Andhra Pradesh,Alluri Sitharama Raju,Munchingi Puttu,Ambapada
Andhra Pradesh,Alluri Sitharama Raju,Munchingi Puttu,Antabongu
Andhra Pradesh,Alluri Sitharama Raju,Munchingi Puttu,Antlavada
Andhra Pradesh,Alluri Sitharama Raju,Munchingi Puttu,Arabeeru
Andhra Pradesh,Alluri Sitharama Raju,Munchingi Puttu,Arloiputtu
Andhra Pradesh,Alluri Sitharama Raju,Munchingi Puttu,Asurada
Andhra Pradesh,Alluri Sitharama Raju,Munchingi Puttu,Attikalu
Andhra Pradesh,Alluri Sitharama Raju,Munchingi Puttu,Babusala
Andhra Pradesh,Alluri Sitharama Raju,Munchingi Puttu,Badiputtu
Andhra Pradesh,Alluri Sitharama Raju,Munchingi Puttu,Bakubeda
Andhra Pradesh,Alluri Sitharama Raju,Munchingi Puttu,Balada
Andhra Pradesh,Alluri Sitharama Raju,Munchingi Puttu,Balajulla
Andhra Pradesh,Alluri Sitharama Raju,Munchingi Puttu,Baliyaguda
Andhra Pradesh,Alluri Sitharama Raju,Munchingi Puttu,Bangarumetta
Andhra Pradesh,Alluri Sitharama Raju,Munchingi Puttu,Bangaru Puttu
Andhra Pradesh,Alluri Sitharama Raju,Munchingi Puttu,Bangurupalle
Andhra Pradesh,Alluri Sitharama Raju,Munchingi Puttu,Bapanaputtu
Andhra Pradesh,Alluri Sitharama Raju,Munchingi Puttu,Barada
Andhra Pradesh,Alluri Sitharama Raju,Munchingi Puttu,Barlada
Andhra Pradesh,Alluri Sitharama Raju,Munchingi Puttu,Beeduchampa
Andhra Pradesh,Alluri Sitharama Raju,Munchingi Puttu,Beeta
Andhra Pradesh,Alluri Sitharama Raju,Munchingi Puttu,Bhalluguda
Andhra Pradesh,Alluri Sitharama Raju,Munchingi Puttu,Bhimidi
Andhra Pradesh,Alluri Sitharama Raju,Munchingi Puttu,Birriguda
Andhra Pradesh,Alluri Sitharama Raju,Munchingi Puttu,Boddagondi
Andhra Pradesh,Alluri Sitharama Raju,Munchingi Puttu,Boddapadu
Andhra Pradesh,Alluri Sitharama Raju,Munchingi Puttu,Boddaputtu
Andhra Pradesh,Alluri Sitharama Raju,Munchingi Puttu,Bodiliguda
Andhra Pradesh,Alluri Sitharama Raju,Munchingi Puttu,Bodiputtu
Andhra Pradesh,Alluri Sitharama Raju,Munchingi Puttu,Bokkeraputtu
Andhra Pradesh,Alluri Sitharama Raju,Munchingi Puttu,Bonangiputtu
Andhra Pradesh,Alluri Sitharama Raju,Munchingi Puttu,Bondaputtu
Andhra Pradesh,Alluri Sitharama Raju,Munchingi Puttu,Bondaputtu
Andhra Pradesh,Alluri Sitharama Raju,Munchingi Puttu,Bondruguda
Andhra Pradesh,Alluri Sitharama Raju,Munchingi Puttu,Boosiputtu
Andhra Pradesh,Alluri Sitharama Raju,Munchingi Puttu,Boosiputtu
Andhra Pradesh,Alluri Sitharama Raju,Munchingi Puttu,Boragam
Andhra Pradesh,Alluri Sitharama Raju,Munchingi Puttu,Borramamidi
Andhra Pradesh,Alluri Sitharama Raju,Munchingi Puttu,Buddapanasa
Andhra Pradesh,Alluri Sitharama Raju,Munchingi Puttu,Bungaputtu
Andhra Pradesh,Alluri Sitharama Raju,Munchingi Puttu,Buradagunta
Andhra Pradesh,Alluri Sitharama Raju,Munchingi Puttu,Burrangula
Andhra Pradesh,Alluri Sitharama Raju,Munchingi Puttu,Burugumetta
Andhra Pradesh,Alluri Sitharama Raju,Munchingi Puttu,Burusindhiputtu
Andhra Pradesh,Alluri Sitharama Raju,Munchingi Puttu,Champaputtu
Andhra Pradesh,Alluri Sitharama Raju,Munchingi Puttu,Cheediputtu
Andhra Pradesh,Alluri Sitharama Raju,Munchingi Puttu,Cheepurugondi
Andhra Pradesh,Alluri Sitharama Raju,Munchingi Puttu,Chekuchinta
Andhra Pradesh,Alluri Sitharama Raju,Munchingi Puttu,Cheruvu Pakala
Andhra Pradesh,Alluri Sitharama Raju,Munchingi Puttu,Cheruvu Veedhi
Andhra Pradesh,Alluri Sitharama Raju,Munchingi Puttu,Chilliputtu
Andhra Pradesh,Alluri Sitharama Raju,Munchingi Puttu,Chinamukkiputtu
Andhra Pradesh,Alluri Sitharama Raju,Munchingi Puttu,Chinasariyapalle
Andhra Pradesh,Alluri Sitharama Raju,Munchingi Puttu,Chinasindhiputtu
Andhra Pradesh,Alluri Sitharama Raju,Munchingi Puttu,Chintammingula
Andhra Pradesh,Alluri Sitharama Raju,Munchingi Puttu,Chippaputtu
Andhra Pradesh,Alluri Sitharama Raju,Munchingi Puttu,Chuttugondi
Andhra Pradesh,Alluri Sitharama Raju,Munchingi Puttu,Dabuguda
Andhra Pradesh,Alluri Sitharama Raju,Munchingi Puttu,Dabuguda
Andhra Pradesh,Alluri Sitharama Raju,Munchingi Puttu,Dadiputtu
Andhra Pradesh,Alluri Sitharama Raju,Munchingi Puttu,Danabandu
Andhra Pradesh,Alluri Sitharama Raju,Munchingi Puttu,Dareli
Andhra Pradesh,Alluri Sitharama Raju,Munchingi Puttu,Dasariputtu
Andhra Pradesh,Alluri Sitharama Raju,Munchingi Puttu,Dasariputtu
Andhra Pradesh,Alluri Sitharama Raju,Munchingi Puttu,Deembuguda
Andhra Pradesh,Alluri Sitharama Raju,Munchingi Puttu,Degalaputtu
Andhra Pradesh,Alluri Sitharama Raju,Munchingi Puttu,Dengam
Andhra Pradesh,Alluri Sitharama Raju,Munchingi Puttu,Dharapalle
Andhra Pradesh,Alluri Sitharama Raju,Munchingi Puttu,Digakumada
Andhra Pradesh,Alluri Sitharama Raju,Munchingi Puttu,Digidaputtu
Andhra Pradesh,Alluri Sitharama Raju,Munchingi Puttu,Dimisamilli
Andhra Pradesh,Alluri Sitharama Raju,Munchingi Puttu,Dokiriputtu
Andhra Pradesh,Alluri Sitharama Raju,Munchingi Puttu,Dolliputtu
Andhra Pradesh,Alluri Sitharama Raju,Munchingi Puttu,Domaliputtu
Andhra Pradesh,Alluri Sitharama Raju,Munchingi Puttu,Doniputtu
Andhra Pradesh,Alluri Sitharama Raju,Munchingi Puttu,Doraguda
Andhra Pradesh,Alluri Sitharama Raju,Munchingi Puttu,Doraguda
Andhra Pradesh,Alluri Sitharama Raju,Munchingi Puttu,Doraguda
Andhra Pradesh,Alluri Sitharama Raju,Munchingi Puttu,Duliputtu
Andhra Pradesh,Alluri Sitharama Raju,Munchingi Puttu,Dumuduguda
Andhra Pradesh,Alluri Sitharama Raju,Munchingi Puttu,Dumukuladi
Andhra Pradesh,Alluri Sitharama Raju,Munchingi Puttu,Gaddibanda
Andhra Pradesh,Alluri Sitharama Raju,Munchingi Puttu,Gadela Burugu
Andhra Pradesh,Alluri Sitharama Raju,Munchingi Puttu,Gadelaputtu
Andhra Pradesh,Alluri Sitharama Raju,Munchingi Puttu,Gajjalabanda
Andhra Pradesh,Alluri Sitharama Raju,Munchingi Puttu,Galaganda
Andhra Pradesh,Alluri Sitharama Raju,Munchingi Puttu,Ganneda
Andhra Pradesh,Alluri Sitharama Raju,Munchingi Puttu,Gannelaputtu
Andhra Pradesh,Alluri Sitharama Raju,Munchingi Puttu,Garram
Andhra Pradesh,Alluri Sitharama Raju,Munchingi Puttu,Garrivada
Andhra Pradesh,Alluri Sitharama Raju,Munchingi Puttu,Gattumalada
Andhra Pradesh,Alluri Sitharama Raju,Munchingi Puttu,Gatturamanda
Andhra Pradesh,Alluri Sitharama Raju,Munchingi Puttu,Gedelabanda
Andhra Pradesh,Alluri Sitharama Raju,Munchingi Puttu,Giddalamamidi
Andhra Pradesh,Alluri Sitharama Raju,Munchingi Puttu,Giddala Puttu
Andhra Pradesh,Alluri Sitharama Raju,Munchingi Puttu,Giddulaputtu
Andhra Pradesh,Alluri Sitharama Raju,Munchingi Puttu,Gobburupadu
Andhra Pradesh,Alluri Sitharama Raju,Munchingi Puttu,Goddiputtu
Andhra Pradesh,Alluri Sitharama Raju,Munchingi Puttu,Goddiputtu
Andhra Pradesh,Alluri Sitharama Raju,Munchingi Puttu,Godugulaputtu
Andhra Pradesh,Alluri Sitharama Raju,Munchingi Puttu,Golliputtu
Andhra Pradesh,Alluri Sitharama Raju,Munchingi Puttu,Gorrelametta
Andhra Pradesh,Alluri Sitharama Raju,Munchingi Puttu,Gudamaliputtu
Andhra Pradesh,Alluri Sitharama Raju,Munchingi Puttu,Gumma @ Digagumma
Andhra Pradesh,Alluri Sitharama Raju,Munchingi Puttu,Gummasiragamputtu
Andhra Pradesh,Alluri Sitharama Raju,Munchingi Puttu,Gunnachelama
Andhra Pradesh,Alluri Sitharama Raju,Munchingi Puttu,Gunnalamamidi
Andhra Pradesh,Alluri Sitharama Raju,Munchingi Puttu,Hamsabanda
Andhra Pradesh,Alluri Sitharama Raju,Munchingi Puttu,Illoyipolam
Andhra Pradesh,Alluri Sitharama Raju,Munchingi Puttu,Jabada
Andhra Pradesh,Alluri Sitharama Raju,Munchingi Puttu,Jadiguda
Andhra Pradesh,Alluri Sitharama Raju,Munchingi Puttu,Jadiputtu
Andhra Pradesh,Alluri Sitharama Raju,Munchingi Puttu,Jalaripodaru
Andhra Pradesh,Alluri Sitharama Raju,Munchingi Puttu,Jamiriguda
Andhra Pradesh,Alluri Sitharama Raju,Munchingi Puttu,Jangam Puttu
Andhra Pradesh,Alluri Sitharama Raju,Munchingi Puttu,Jangamsariya
Andhra Pradesh,Alluri Sitharama Raju,Munchingi Puttu,Japparu
Andhra Pradesh,Alluri Sitharama Raju,Munchingi Puttu,Jarjula
Andhra Pradesh,Alluri Sitharama Raju,Munchingi Puttu,Jarripada
Andhra Pradesh,Alluri Sitharama Raju,Munchingi Puttu,Jarripada
Andhra Pradesh,Alluri Sitharama Raju,Munchingi Puttu,Jodiguda
Andhra Pradesh,Alluri Sitharama Raju,Munchingi Puttu,Jolaputtu
Andhra Pradesh,Alluri Sitharama Raju,Munchingi Puttu,Kadamjola
Andhra Pradesh,Alluri Sitharama Raju,Munchingi Puttu,Kadeembeeru
Andhra Pradesh,Alluri Sitharama Raju,Munchingi Puttu,Kadutula
Andhra Pradesh,Alluri Sitharama Raju,Munchingi Puttu,Kammarigoyyi
Andhra Pradesh,Alluri Sitharama Raju,Munchingi Puttu,Kammariguda
Andhra Pradesh,Alluri Sitharama Raju,Munchingi Puttu,Kammarigunta
Andhra Pradesh,Alluri Sitharama Raju,Munchingi Puttu,Kanguputtu
Andhra Pradesh,Alluri Sitharama Raju,Munchingi Puttu,Kangu Veedhi
Andhra Pradesh,Alluri Sitharama Raju,Munchingi Puttu,Kantavaram
Andhra Pradesh,Alluri Sitharama Raju,Munchingi Puttu,Kanusulaputtu
Andhra Pradesh,Alluri Sitharama Raju,Munchingi Puttu,Karabayalu
Andhra Pradesh,Alluri Sitharama Raju,Munchingi Puttu,Karimikiputtu
Andhra Pradesh,Alluri Sitharama Raju,Munchingi Puttu,Karlapodaru
Andhra Pradesh,Alluri Sitharama Raju,Munchingi Puttu,Kenduguda
Andhra Pradesh,Alluri Sitharama Raju,Munchingi Puttu,Kenduputtu
Andhra Pradesh,Alluri Sitharama Raju,Munchingi Puttu,Kilagada
Andhra Pradesh,Alluri Sitharama Raju,Munchingi Puttu,Kilumangi
Andhra Pradesh,Alluri Sitharama Raju,Munchingi Puttu,Kimmalamamidi
Andhra Pradesh,Alluri Sitharama Raju,Munchingi Puttu,Kimuduputtu
Andhra Pradesh,Alluri Sitharama Raju,Munchingi Puttu,Kinchaiputtu
Andhra Pradesh,Alluri Sitharama Raju,Munchingi Puttu,Kinchai Puttu
Andhra Pradesh,Alluri Sitharama Raju,Munchingi Puttu,Kincholda
Andhra Pradesh,Alluri Sitharama Raju,Munchingi Puttu,Kirrambo
Andhra Pradesh,Alluri Sitharama Raju,Munchingi Puttu,K.Kotturu
Andhra Pradesh,Alluri Sitharama Raju,Munchingi Puttu,Kodamputtu
Andhra Pradesh,Alluri Sitharama Raju,Munchingi Puttu,Kodaputtu
Andhra Pradesh,Alluri Sitharama Raju,Munchingi Puttu,Kodaputtu
Andhra Pradesh,Alluri Sitharama Raju,Munchingi Puttu,Kommalakonda
Andhra Pradesh,Alluri Sitharama Raju,Munchingi Puttu,Kondagabulu
Andhra Pradesh,Alluri Sitharama Raju,Munchingi Puttu,Kondapada
Andhra Pradesh,Alluri Sitharama Raju,Munchingi Puttu,Kondrangivalasa
Andhra Pradesh,Alluri Sitharama Raju,Munchingi Puttu,Kooraiputtu
Andhra Pradesh,Alluri Sitharama Raju,Munchingi Puttu,Kosamputtu
Andhra Pradesh,Alluri Sitharama Raju,Munchingi Puttu,Kottalabayalu
Andhra Pradesh,Alluri Sitharama Raju,Munchingi Puttu,Kottaputtu
Andhra Pradesh,Alluri Sitharama Raju,Munchingi Puttu,Kotturu
Andhra Pradesh,Alluri Sitharama Raju,Munchingi Puttu,Kotturu
Andhra Pradesh,Alluri Sitharama Raju,Munchingi Puttu,Kujabhangi
Andhra Pradesh,Alluri Sitharama Raju,Munchingi Puttu,Kulabeeru
Andhra Pradesh,Alluri Sitharama Raju,Munchingi Puttu,Kulabeeru
Andhra Pradesh,Alluri Sitharama Raju,Munchingi Puttu,Kumada
Andhra Pradesh,Alluri Sitharama Raju,Munchingi Puttu,Kumbi Guda
Andhra Pradesh,Alluri Sitharama Raju,Munchingi Puttu,Kumbri Pada
Andhra Pradesh,Alluri Sitharama Raju,Munchingi Puttu,Kummariputtu
Andhra Pradesh,Alluri Sitharama Raju,Munchingi Puttu,Kummari Puttu
Andhra Pradesh,Alluri Sitharama Raju,Munchingi Puttu,Kummari Puttu
Andhra Pradesh,Alluri Sitharama Raju,Munchingi Puttu,Kuntuda
Andhra Pradesh,Alluri Sitharama Raju,Munchingi Puttu,Kusumaguda
Andhra Pradesh,Alluri Sitharama Raju,Munchingi Puttu,Kusumaputtu
Andhra Pradesh,Alluri Sitharama Raju,Munchingi Puttu,Kuyilongi
Andhra Pradesh,Alluri Sitharama Raju,Munchingi Puttu,Labadaputtu
Andhra Pradesh,Alluri Sitharama Raju,Munchingi Puttu,Labburu
Andhra Pradesh,Alluri Sitharama Raju,Munchingi Puttu,Labburukonda Puttu
Andhra Pradesh,Alluri Sitharama Raju,Munchingi Puttu,Lakaiputtu
Andhra Pradesh,Alluri Sitharama Raju,Munchingi Puttu,Langbapodaru
Andhra Pradesh,Alluri Sitharama Raju,Munchingi Puttu,Laxmipuram
Andhra Pradesh,Alluri Sitharama Raju,Munchingi Puttu,Lingaputtu
Andhra Pradesh,Alluri Sitharama Raju,Munchingi Puttu,Lukkuru
Andhra Pradesh,Alluri Sitharama Raju,Munchingi Puttu,Lungaputtu
Andhra Pradesh,Alluri Sitharama Raju,Munchingi Puttu,Lungaputtu
Andhra Pradesh,Alluri Sitharama Raju,Munchingi Puttu,Maddulabanda
Andhra Pradesh,Alluri Sitharama Raju,Munchingi Puttu,Majjiguda
Andhra Pradesh,Alluri Sitharama Raju,Munchingi Puttu,Makavaram
Andhra Pradesh,Alluri Sitharama Raju,Munchingi Puttu,Malagummi
Andhra Pradesh,Alluri Sitharama Raju,Munchingi Puttu,Malakariputtu
Andhra Pradesh,Alluri Sitharama Raju,Munchingi Puttu,Mallimunda
Andhra Pradesh,Alluri Sitharama Raju,Munchingi Puttu,Mallipodaru
Andhra Pradesh,Alluri Sitharama Raju,Munchingi Puttu,Malluduputtu
Andhra Pradesh,Alluri Sitharama Raju,Munchingi Puttu,Malugurai
Andhra Pradesh,Alluri Sitharama Raju,Munchingi Puttu,Manchamrai
Andhra Pradesh,Alluri Sitharama Raju,Munchingi Puttu,Mandibha
Andhra Pradesh,Alluri Sitharama Raju,Munchingi Puttu,Mangaliputtu
Andhra Pradesh,Alluri Sitharama Raju,Munchingi Puttu,Marriputtu
Andhra Pradesh,Alluri Sitharama Raju,Munchingi Puttu,Marriputtu
Andhra Pradesh,Alluri Sitharama Raju,Munchingi Puttu,Marrivalasa
Andhra Pradesh,Alluri Sitharama Raju,Munchingi Puttu,Matchayapuram
Andhra Pradesh,Alluri Sitharama Raju,Munchingi Puttu,Mattamputtu
Andhra Pradesh,Alluri Sitharama Raju,Munchingi Puttu,Mattiguda
Andhra Pradesh,Alluri Sitharama Raju,Munchingi Puttu,Mehba
Andhra Pradesh,Alluri Sitharama Raju,Munchingi Puttu,Merakachinta
Andhra Pradesh,Alluri Sitharama Raju,Munchingi Puttu,Mettaguda
Andhra Pradesh,Alluri Sitharama Raju,Munchingi Puttu,Minumulaputtu
Andhra Pradesh,Alluri Sitharama Raju,Munchingi Puttu,Mokkaputtu
Andhra Pradesh,Alluri Sitharama Raju,Munchingi Puttu,Mokkaputtu
Andhra Pradesh,Alluri Sitharama Raju,Munchingi Puttu,Mokkaputtu
Andhra Pradesh,Alluri Sitharama Raju,Munchingi Puttu,Mondigumma
Andhra Pradesh,Alluri Sitharama Raju,Munchingi Puttu,Monjaputtu
Andhra Pradesh,Alluri Sitharama Raju,Munchingi Puttu,Monjuguda
Andhra Pradesh,Alluri Sitharama Raju,Munchingi Puttu,Mukkiputtu
Andhra Pradesh,Alluri Sitharama Raju,Munchingi Puttu,Mukkiputtu
Andhra Pradesh,Alluri Sitharama Raju,Munchingi Puttu,Mulaputtu
Andhra Pradesh,Alluri Sitharama Raju,Munchingi Puttu,Munchingiputtu
Andhra Pradesh,Alluri Sitharama Raju,Munchingi Puttu,Muraliputtu
Andhra Pradesh,Alluri Sitharama Raju,Munchingi Puttu,Murugu Cheruvu
Andhra Pradesh,Alluri Sitharama Raju,Munchingi Puttu,Nadimiveedhi
Andhra Pradesh,Alluri Sitharama Raju,Munchingi Puttu,Nandimetta
Andhra Pradesh,Alluri Sitharama Raju,Munchingi Puttu,Nandula Konda
Andhra Pradesh,Alluri Sitharama Raju,Munchingi Puttu,Narsiputtu
Andhra Pradesh,Alluri Sitharama Raju,Munchingi Puttu,Nitta Puttu
Andhra Pradesh,Alluri Sitharama Raju,Munchingi Puttu,Ontiputtu
Andhra Pradesh,Alluri Sitharama Raju,Munchingi Puttu,Padalaputtu
Andhra Pradesh,Alluri Sitharama Raju,Munchingi Puttu,Padalaputtu
Andhra Pradesh,Alluri Sitharama Raju,Munchingi Puttu,Panasa
Andhra Pradesh,Alluri Sitharama Raju,Munchingi Puttu,Panasa
Andhra Pradesh,Alluri Sitharama Raju,Munchingi Puttu,Panasaputtu
Andhra Pradesh,Alluri Sitharama Raju,Munchingi Puttu,Parathaputtu
Andhra Pradesh,Alluri Sitharama Raju,Munchingi Puttu,Patha Pedaguda
Andhra Pradesh,Alluri Sitharama Raju,Munchingi Puttu,Patruniputtu
Andhra Pradesh,Alluri Sitharama Raju,Munchingi Puttu,Peda Guda
Andhra Pradesh,Alluri Sitharama Raju,Munchingi Puttu,Pedapadu
Andhra Pradesh,Alluri Sitharama Raju,Munchingi Puttu,Pedasindhiputtu
Andhra Pradesh,Alluri Sitharama Raju,Munchingi Puttu,Pedatamminagula
Andhra Pradesh,Alluri Sitharama Raju,Munchingi Puttu,Peddapetu
Andhra Pradesh,Alluri Sitharama Raju,Munchingi Puttu,Peddaputtu
Andhra Pradesh,Alluri Sitharama Raju,Munchingi Puttu,Peddaputtu
Andhra Pradesh,Alluri Sitharama Raju,Munchingi Puttu,Petumaliputtu
Andhra Pradesh,Alluri Sitharama Raju,Munchingi Puttu,Pilliganduva
Andhra Pradesh,Alluri Sitharama Raju,Munchingi Puttu,Pittagedda
Andhra Pradesh,Alluri Sitharama Raju,Munchingi Puttu,Pittagruddlu
Andhra Pradesh,Alluri Sitharama Raju,Munchingi Puttu,Podaputtu
Andhra Pradesh,Alluri Sitharama Raju,Munchingi Puttu,Poliputtu
Andhra Pradesh,Alluri Sitharama Raju,Munchingi Puttu,Poolabanda
Andhra Pradesh,Alluri Sitharama Raju,Munchingi Puttu,Poturajuputtu
Andhra Pradesh,Alluri Sitharama Raju,Munchingi Puttu,Pulijalama
Andhra Pradesh,Alluri Sitharama Raju,Munchingi Puttu,Putcheli
Andhra Pradesh,Alluri Sitharama Raju,Munchingi Puttu,Raipalli
Andhra Pradesh,Alluri Sitharama Raju,Munchingi Puttu,Rakasirai
Andhra Pradesh,Alluri Sitharama Raju,Munchingi Puttu,Ramulu
Andhra Pradesh,Alluri Sitharama Raju,Munchingi Puttu,Rangabayalu
Andhra Pradesh,Alluri Sitharama Raju,Munchingi Puttu,Rangilisingi
Andhra Pradesh,Alluri Sitharama Raju,Munchingi Puttu,Ranginiguda
Andhra Pradesh,Alluri Sitharama Raju,Munchingi Puttu,Rangini Konda
Andhra Pradesh,Alluri Sitharama Raju,Munchingi Puttu,Ratulaputtu
Andhra Pradesh,Alluri Sitharama Raju,Munchingi Puttu,Ravidiputtu
Andhra Pradesh,Alluri Sitharama Raju,Munchingi Puttu,Ravilabeda
Andhra Pradesh,Alluri Sitharama Raju,Munchingi Puttu,Saggulu
Andhra Pradesh,Alluri Sitharama Raju,Munchingi Puttu,Saginiputtu
Andhra Pradesh,Alluri Sitharama Raju,Munchingi Puttu,Sailamputtu
Andhra Pradesh,Alluri Sitharama Raju,Munchingi Puttu,Sangada
Andhra Pradesh,Alluri Sitharama Raju,Munchingi Puttu,Sangamvalasa
Andhra Pradesh,Alluri Sitharama Raju,Munchingi Puttu,Sankidigondi
Andhra Pradesh,Alluri Sitharama Raju,Munchingi Puttu,Santaveedhi
Andhra Pradesh,Alluri Sitharama Raju,Munchingi Puttu,Santaveedhi
Andhra Pradesh,Alluri Sitharama Raju,Munchingi Puttu,Sarabha Puttu
Andhra Pradesh,Alluri Sitharama Raju,Munchingi Puttu,Saradhi
Andhra Pradesh,Alluri Sitharama Raju,Munchingi Puttu,Sarasangi
Andhra Pradesh,Alluri Sitharama Raju,Munchingi Puttu,Sariyapalle
Andhra Pradesh,Alluri Sitharama Raju,Munchingi Puttu,Sariyaputtu
Andhra Pradesh,Alluri Sitharama Raju,Munchingi Puttu,Sebuguda
Andhra Pradesh,Alluri Sitharama Raju,Munchingi Puttu,Sellum
Andhra Pradesh,Alluri Sitharama Raju,Munchingi Puttu,Sindhiputtu
Andhra Pradesh,Alluri Sitharama Raju,Munchingi Puttu,Siragamputtu
Andhra Pradesh,Alluri Sitharama Raju,Munchingi Puttu,Siragamputtu
Andhra Pradesh,Alluri Sitharama Raju,Munchingi Puttu,Siragamputtu
Andhra Pradesh,Alluri Sitharama Raju,Munchingi Puttu,Sirlimetta
Andhra Pradesh,Alluri Sitharama Raju,Munchingi Puttu,Sojjavada
Andhra Pradesh,Alluri Sitharama Raju,Munchingi Puttu,Solagamputtu
Andhra Pradesh,Alluri Sitharama Raju,Munchingi Puttu,Solagam Puttu
Andhra Pradesh,Alluri Sitharama Raju,Munchingi Puttu,Sujanakota
Andhra Pradesh,Alluri Sitharama Raju,Munchingi Puttu,Sujanakotapeta
Andhra Pradesh,Alluri Sitharama Raju,Munchingi Puttu,Sunnapu Kota
Andhra Pradesh,Alluri Sitharama Raju,Munchingi Puttu,Surtaniputtu
Andhra Pradesh,Alluri Sitharama Raju,Munchingi Puttu,Suttiguda
Andhra Pradesh,Alluri Sitharama Raju,Munchingi Puttu,Taddapalli
Andhra Pradesh,Alluri Sitharama Raju,Munchingi Puttu,Tadiputtu
Andhra Pradesh,Alluri Sitharama Raju,Munchingi Puttu,Talabirada
Andhra Pradesh,Alluri Sitharama Raju,Munchingi Puttu,Talabirada
Andhra Pradesh,Alluri Sitharama Raju,Munchingi Puttu,Talabutota
Andhra Pradesh,Alluri Sitharama Raju,Munchingi Puttu,Talimba
Andhra Pradesh,Alluri Sitharama Raju,Munchingi Puttu,Tamarapalle
Andhra Pradesh,Alluri Sitharama Raju,Munchingi Puttu,Tangula
Andhra Pradesh,Alluri Sitharama Raju,Munchingi Puttu,Tankaputtu
Andhra Pradesh,Alluri Sitharama Raju,Munchingi Puttu,Tarigeda
Andhra Pradesh,Alluri Sitharama Raju,Munchingi Puttu,Tarlaguda
Andhra Pradesh,Alluri Sitharama Raju,Munchingi Puttu,Tenelamamidi
Andhra Pradesh,Alluri Sitharama Raju,Munchingi Puttu,Tikkarapada
Andhra Pradesh,Alluri Sitharama Raju,Munchingi Puttu,Tillaypada
Andhra Pradesh,Alluri Sitharama Raju,Munchingi Puttu,Tontaputtu
Andhra Pradesh,Alluri Sitharama Raju,Munchingi Puttu,Totagondiputtu
Andhra Pradesh,Alluri Sitharama Raju,Munchingi Puttu,Tudumurai
Andhra Pradesh,Alluri Sitharama Raju,Munchingi Puttu,Tumidiputtu
Andhra Pradesh,Alluri Sitharama Raju,Munchingi Puttu,Tumulapanasa
Andhra Pradesh,Alluri Sitharama Raju,Munchingi Puttu,Tungi Kota
Andhra Pradesh,Alluri Sitharama Raju,Munchingi Puttu,Tussapalli
Andhra Pradesh,Alluri Sitharama Raju,Munchingi Puttu,Vaddiputtu
Andhra Pradesh,Alluri Sitharama Raju,Munchingi Puttu,Vadlamputtu
Andhra Pradesh,Alluri Sitharama Raju,Munchingi Puttu,Valajangi
Andhra Pradesh,Alluri Sitharama Raju,Munchingi Puttu,Vallayibeeru
Andhra Pradesh,Alluri Sitharama Raju,Munchingi Puttu,Vanabhasingi
Andhra Pradesh,Alluri Sitharama Raju,Munchingi Puttu,Vanagumma Kusumaputtu
Andhra Pradesh,Alluri Sitharama Raju,Munchingi Puttu,Vandanapalli
Andhra Pradesh,Alluri Sitharama Raju,Munchingi Puttu,Vandlamputtu
Andhra Pradesh,Alluri Sitharama Raju,Munchingi Puttu,Vandrangula
Andhra Pradesh,Alluri Sitharama Raju,Munchingi Puttu,Vanugumma
Andhra Pradesh,Alluri Sitharama Raju,Munchingi Puttu,Vanuguputtu
Andhra Pradesh,Alluri Sitharama Raju,Munchingi Puttu,Vetchangi
Andhra Pradesh,Alluri Sitharama Raju,Munchingi Puttu,Vetchangi Puttu
Andhra Pradesh,Alluri Sitharama Raju,Munchingi Puttu,Vuppacheruvu
Andhra Pradesh,Alluri Sitharama Raju,Munchingi Puttu,Vurikigummi
Andhra Pradesh,Alluri Sitharama Raju,Munchingi Puttu,Yedukondalabanda
Andhra Pradesh,Alluri Sitharama Raju,Munchingi Puttu,Yenugurai
Andhra Pradesh,Alluri Sitharama Raju,Paderu,14 Mile Stone
Andhra Pradesh,Alluri Sitharama Raju,Paderu,Allivara
Andhra Pradesh,Alluri Sitharama Raju,Paderu,Aluguru
Andhra Pradesh,Alluri Sitharama Raju,Paderu,Ampuru
Andhra Pradesh,Alluri Sitharama Raju,Paderu,Antilova
Andhra Pradesh,Alluri Sitharama Raju,Paderu,Arjapuram
Andhra Pradesh,Alluri Sitharama Raju,Paderu,Arlada
Andhra Pradesh,Alluri Sitharama Raju,Paderu,Ayinada
Andhra Pradesh,Alluri Sitharama Raju,Paderu,Baddigummi
Andhra Pradesh,Alluri Sitharama Raju,Paderu,Badimela
Andhra Pradesh,Alluri Sitharama Raju,Paderu,Balamalu
Andhra Pradesh,Alluri Sitharama Raju,Paderu,Bandalu
Andhra Pradesh,Alluri Sitharama Raju,Paderu,Bandapolam
Andhra Pradesh,Alluri Sitharama Raju,Paderu,Bangarumetta
Andhra Pradesh,Alluri Sitharama Raju,Paderu,Bantrothuputtu
Andhra Pradesh,Alluri Sitharama Raju,Paderu,Baridiputtu
Andhra Pradesh,Alluri Sitharama Raju,Paderu,Barisingi
Andhra Pradesh,Alluri Sitharama Raju,Paderu,Barluputtu
Andhra Pradesh,Alluri Sitharama Raju,Paderu,Bidarigaruvu
Andhra Pradesh,Alluri Sitharama Raju,Paderu,Birimisala
Andhra Pradesh,Alluri Sitharama Raju,Paderu,Boddaputtu
Andhra Pradesh,Alluri Sitharama Raju,Paderu,Boddaputtu
Andhra Pradesh,Alluri Sitharama Raju,Paderu,Boddimamidi
Andhra Pradesh,Alluri Sitharama Raju,Paderu,Bodichettu
Andhra Pradesh,Alluri Sitharama Raju,Paderu,Bokkellu
Andhra Pradesh,Alluri Sitharama Raju,Paderu,Bonjangi
Andhra Pradesh,Alluri Sitharama Raju,Paderu,Buradapadu
Andhra Pradesh,Alluri Sitharama Raju,Paderu,Burugu Chetru
Andhra Pradesh,Alluri Sitharama Raju,Paderu,Chakirevu
Andhra Pradesh,Alluri Sitharama Raju,Paderu,Chantada
Andhra Pradesh,Alluri Sitharama Raju,Paderu,Cheedikudda
Andhra Pradesh,Alluri Sitharama Raju,Paderu,Cheedimetta
Andhra Pradesh,Alluri Sitharama Raju,Paderu,Cheedimetta
Andhra Pradesh,Alluri Sitharama Raju,Paderu,Cheekupanasa
Andhra Pradesh,Alluri Sitharama Raju,Paderu,Cheemalapalle
Andhra Pradesh,Alluri Sitharama Raju,Paderu,Chilakalagondi
Andhra Pradesh,Alluri Sitharama Raju,Paderu,Chintada
Andhra Pradesh,Alluri Sitharama Raju,Paderu,Chintagondi
Andhra Pradesh,Alluri Sitharama Raju,Paderu,Chintala Veedhi
Andhra Pradesh,Alluri Sitharama Raju,Paderu,Chodepalle
Andhra Pradesh,Alluri Sitharama Raju,Paderu,Dabbagaruvu
Andhra Pradesh,Alluri Sitharama Raju,Paderu,Dabbapadu
Andhra Pradesh,Alluri Sitharama Raju,Paderu,Dabbaputtu
Andhra Pradesh,Alluri Sitharama Raju,Paderu,Dalimputtu
Andhra Pradesh,Alluri Sitharama Raju,Paderu,Dallapalle
Andhra Pradesh,Alluri Sitharama Raju,Paderu,Darapalle
Andhra Pradesh,Alluri Sitharama Raju,Paderu,Degalaveedhi
Andhra Pradesh,Alluri Sitharama Raju,Paderu,Devapuram
Andhra Pradesh,Alluri Sitharama Raju,Paderu,Devarapalle
Andhra Pradesh,Alluri Sitharama Raju,Paderu,Digasampalu
Andhra Pradesh,Alluri Sitharama Raju,Paderu,Digumodaputtu
Andhra Pradesh,Alluri Sitharama Raju,Paderu,Doddipalle
Andhra Pradesh,Alluri Sitharama Raju,Paderu,Dokuluru
Andhra Pradesh,Alluri Sitharama Raju,Paderu,Donela
Andhra Pradesh,Alluri Sitharama Raju,Paderu,Dummaputtu
Andhra Pradesh,Alluri Sitharama Raju,Paderu,Edulapalem
Andhra Pradesh,Alluri Sitharama Raju,Paderu,Eegasampalu
Andhra Pradesh,Alluri Sitharama Raju,Paderu,Gabbangi
Andhra Pradesh,Alluri Sitharama Raju,Paderu,Gadabavalasa @ Y.Kusarlapalem
Andhra Pradesh,Alluri Sitharama Raju,Paderu,Gaddibanda
Andhra Pradesh,Alluri Sitharama Raju,Paderu,Gaddibandalu
Andhra Pradesh,Alluri Sitharama Raju,Paderu,Gadivalasa
Andhra Pradesh,Alluri Sitharama Raju,Paderu,Galipadu
Andhra Pradesh,Alluri Sitharama Raju,Paderu,Ganjigedda
Andhra Pradesh,Alluri Sitharama Raju,Paderu,Gathapanuku
Andhra Pradesh,Alluri Sitharama Raju,Paderu,Goddalipadu
Andhra Pradesh,Alluri Sitharama Raju,Paderu,Godugula
Andhra Pradesh,Alluri Sitharama Raju,Paderu,Gondeli
Andhra Pradesh,Alluri Sitharama Raju,Paderu,Gonduru
Andhra Pradesh,Alluri Sitharama Raju,Paderu,Goonagummi
Andhra Pradesh,Alluri Sitharama Raju,Paderu,Gudivada (Ct)
Andhra Pradesh,Alluri Sitharama Raju,Paderu,Gulimiddhachatru
Andhra Pradesh,Alluri Sitharama Raju,Paderu,Gulli
Andhra Pradesh,Alluri Sitharama Raju,Paderu,Gullipalle
Andhra Pradesh,Alluri Sitharama Raju,Paderu,Gunjigedda
Andhra Pradesh,Alluri Sitharama Raju,Paderu,Gurragaruvu
Andhra Pradesh,Alluri Sitharama Raju,Paderu,Gurrampanuku
Andhra Pradesh,Alluri Sitharama Raju,Paderu,Gurupalle
Andhra Pradesh,Alluri Sitharama Raju,Paderu,Guttulaputtu
Andhra Pradesh,Alluri Sitharama Raju,Paderu,Hanumanthapuram
Andhra Pradesh,Alluri Sitharama Raju,Paderu,Iradapalle
Andhra Pradesh,Alluri Sitharama Raju,Paderu,Isakagaruvu
Andhra Pradesh,Alluri Sitharama Raju,Paderu,Isakagaruvu
Andhra Pradesh,Alluri Sitharama Raju,Paderu,Iskali
Andhra Pradesh,Alluri Sitharama Raju,Paderu,Jallipalle
Andhra Pradesh,Alluri Sitharama Raju,Paderu,Jangadapalle
Andhra Pradesh,Alluri Sitharama Raju,Paderu,Jarragaruvu
Andhra Pradesh,Alluri Sitharama Raju,Paderu,Jeedipagada
Andhra Pradesh,Alluri Sitharama Raju,Paderu,Jeelugupadu
Andhra Pradesh,Alluri Sitharama Raju,Paderu,Jodimamidi
Andhra Pradesh,Alluri Sitharama Raju,Paderu,Joduru
Andhra Pradesh,Alluri Sitharama Raju,Paderu,Kadeli
Andhra Pradesh,Alluri Sitharama Raju,Paderu,Kakki
Andhra Pradesh,Alluri Sitharama Raju,Paderu,Kallalabayalu
Andhra Pradesh,Alluri Sitharama Raju,Paderu,Kandrangipadu
Andhra Pradesh,Alluri Sitharama Raju,Paderu,Kandulapalem
Andhra Pradesh,Alluri Sitharama Raju,Paderu,Kangedda
Andhra Pradesh,Alluri Sitharama Raju,Paderu,Kappalagondi
Andhra Pradesh,Alluri Sitharama Raju,Paderu,Kapparamajji
Andhra Pradesh,Alluri Sitharama Raju,Paderu,Karakaputtu
Andhra Pradesh,Alluri Sitharama Raju,Paderu,Karakaputtu
Andhra Pradesh,Alluri Sitharama Raju,Paderu,Karibanda
Andhra Pradesh,Alluri Sitharama Raju,Paderu,Karya Bandu
Andhra Pradesh,Alluri Sitharama Raju,Paderu,Kavirai
Andhra Pradesh,Alluri Sitharama Raju,Paderu,Kinchuru
Andhra Pradesh,Alluri Sitharama Raju,Paderu,Kindangi
Andhra Pradesh,Alluri Sitharama Raju,Paderu,Kodulolangipadu
Andhra Pradesh,Alluri Sitharama Raju,Paderu,Kollambo
Andhra Pradesh,Alluri Sitharama Raju,Paderu,Kondajeelugu
Andhra Pradesh,Alluri Sitharama Raju,Paderu,Kondamamidi
Andhra Pradesh,Alluri Sitharama Raju,Paderu,Kothabu
Andhra Pradesh,Alluri Sitharama Raju,Paderu,Kothapalle
Andhra Pradesh,Alluri Sitharama Raju,Paderu,Kothapolam
Andhra Pradesh,Alluri Sitharama Raju,Paderu,Kothavalasa
Andhra Pradesh,Alluri Sitharama Raju,Paderu,Kotha Valasapadu
Andhra Pradesh,Alluri Sitharama Raju,Paderu,Kothavooru
Andhra Pradesh,Alluri Sitharama Raju,Paderu,Kothuru
Andhra Pradesh,Alluri Sitharama Raju,Paderu,Kujjali
Andhra Pradesh,Alluri Sitharama Raju,Paderu,Kummaripalem
Andhra Pradesh,Alluri Sitharama Raju,Paderu,Kummariputtu
Andhra Pradesh,Alluri Sitharama Raju,Paderu,Kummarithumu
Andhra Pradesh,Alluri Sitharama Raju,Paderu,Kusarlapalem
Andhra Pradesh,Alluri Sitharama Raju,Paderu,Ladaputtu
Andhra Pradesh,Alluri Sitharama Raju,Paderu,Lagisapalle
Andhra Pradesh,Alluri Sitharama Raju,Paderu,Lampeli
Andhra Pradesh,Alluri Sitharama Raju,Paderu,Lingaputtu
Andhra Pradesh,Alluri Sitharama Raju,Paderu,Lolangipadu
Andhra Pradesh,Alluri Sitharama Raju,Paderu,Madigabanda
Andhra Pradesh,Alluri Sitharama Raju,Paderu,Malakapolam
Andhra Pradesh,Alluri Sitharama Raju,Paderu,Malapadu
Andhra Pradesh,Alluri Sitharama Raju,Paderu,Mandiputtu
Andhra Pradesh,Alluri Sitharama Raju,Paderu,Minumuluru
Andhra Pradesh,Alluri Sitharama Raju,Paderu,Mittalapadu
Andhra Pradesh,Alluri Sitharama Raju,Paderu,Modapalle
Andhra Pradesh,Alluri Sitharama Raju,Paderu,Mulagalapalem
Andhra Pradesh,Alluri Sitharama Raju,Paderu,Munchingi Puttu
Andhra Pradesh,Alluri Sitharama Raju,Paderu,Nandigaruvu
Andhra Pradesh,Alluri Sitharama Raju,Paderu,Nereduvalasa
Andhra Pradesh,Alluri Sitharama Raju,Paderu,Nereduvalasa
Andhra Pradesh,Alluri Sitharama Raju,Paderu,Obarthi
Andhra Pradesh,Alluri Sitharama Raju,Paderu,Ontipaka
Andhra Pradesh,Alluri Sitharama Raju,Paderu,Ontiveedhulu
Andhra Pradesh,Alluri Sitharama Raju,Paderu,Onuru
Andhra Pradesh,Alluri Sitharama Raju,Paderu,Palamanichilaka
Andhra Pradesh,Alluri Sitharama Raju,Paderu,Pamurelli
Andhra Pradesh,Alluri Sitharama Raju,Paderu,Panasapalle
Andhra Pradesh,Alluri Sitharama Raju,Paderu,Panasaputtu
Andhra Pradesh,Alluri Sitharama Raju,Paderu,Pandigunta
Andhra Pradesh,Alluri Sitharama Raju,Paderu,Pathapaderu
Andhra Pradesh,Alluri Sitharama Raju,Paderu,Pedapolam
Andhra Pradesh,Alluri Sitharama Raju,Paderu,Pidugumamidi
Andhra Pradesh,Alluri Sitharama Raju,Paderu,Piduguputtu
Andhra Pradesh,Alluri Sitharama Raju,Paderu,Pilliputtu
Andhra Pradesh,Alluri Sitharama Raju,Paderu,Poolabanda
Andhra Pradesh,Alluri Sitharama Raju,Paderu,Pothampalem
Andhra Pradesh,Alluri Sitharama Raju,Paderu,Pothurajumetta
Andhra Pradesh,Alluri Sitharama Raju,Paderu,Pulusumamidi
Andhra Pradesh,Alluri Sitharama Raju,Paderu,Putikagaruvu
Andhra Pradesh,Alluri Sitharama Raju,Paderu,Puttarajupadu
Andhra Pradesh,Alluri Sitharama Raju,Paderu,Raigedda
Andhra Pradesh,Alluri Sitharama Raju,Paderu,Raipalem
Andhra Pradesh,Alluri Sitharama Raju,Paderu,Rakota
Andhra Pradesh,Alluri Sitharama Raju,Paderu,Ranambadi
Andhra Pradesh,Alluri Sitharama Raju,Paderu,Rangasingipadu
Andhra Pradesh,Alluri Sitharama Raju,Paderu,Rellabanda
Andhra Pradesh,Alluri Sitharama Raju,Paderu,Sakiputtu
Andhra Pradesh,Alluri Sitharama Raju,Paderu,Saldigedda
Andhra Pradesh,Alluri Sitharama Raju,Paderu,Salugu
Andhra Pradesh,Alluri Sitharama Raju,Paderu,Sangodi
Andhra Pradesh,Alluri Sitharama Raju,Paderu,Santhaganduva
Andhra Pradesh,Alluri Sitharama Raju,Paderu,Sappiputtu
Andhra Pradesh,Alluri Sitharama Raju,Paderu,Sariapalle
Andhra Pradesh,Alluri Sitharama Raju,Paderu,Seekaipadu
Andhra Pradesh,Alluri Sitharama Raju,Paderu,Seekupanasa
Andhra Pradesh,Alluri Sitharama Raju,Paderu,Seribayalu
Andhra Pradesh,Alluri Sitharama Raju,Paderu,Sindugula
Andhra Pradesh,Alluri Sitharama Raju,Paderu,Solamulu
Andhra Pradesh,Alluri Sitharama Raju,Paderu,Sukuruputtu
Andhra Pradesh,Alluri Sitharama Raju,Paderu,Sundruputtu
Andhra Pradesh,Alluri Sitharama Raju,Paderu,Tagavulamamidi Garuvu
Andhra Pradesh,Alluri Sitharama Raju,Paderu,Talarisingi
Andhra Pradesh,Alluri Sitharama Raju,Paderu,Tamarapalle
Andhra Pradesh,Alluri Sitharama Raju,Paderu,Taragam
Andhra Pradesh,Alluri Sitharama Raju,Paderu,Thotagunnalu
Andhra Pradesh,Alluri Sitharama Raju,Paderu,Thotalagondi
Andhra Pradesh,Alluri Sitharama Raju,Paderu,Thumpada
Andhra Pradesh,Alluri Sitharama Raju,Paderu,Tiyyagedda
Andhra Pradesh,Alluri Sitharama Raju,Paderu,Tiyyagedda
Andhra Pradesh,Alluri Sitharama Raju,Paderu,Tummalapalem
Andhra Pradesh,Alluri Sitharama Raju,Paderu,Turumamidi
Andhra Pradesh,Alluri Sitharama Raju,Paderu,Ubbediputtu
Andhra Pradesh,Alluri Sitharama Raju,Paderu,Valasamamidi
Andhra Pradesh,Alluri Sitharama Raju,Paderu,Vallai
Andhra Pradesh,Alluri Sitharama Raju,Paderu,Vallapuram
Andhra Pradesh,Alluri Sitharama Raju,Paderu,Vanagarai
Andhra Pradesh,Alluri Sitharama Raju,Paderu,Vanchadagondi
Andhra Pradesh,Alluri Sitharama Raju,Paderu,Vanjangi
Andhra Pradesh,Alluri Sitharama Raju,Paderu,Vanjaparthi
Andhra Pradesh,Alluri Sitharama Raju,Paderu,Vanji Bathi
Andhra Pradesh,Alluri Sitharama Raju,Paderu,Vankachinta
Andhra Pradesh,Alluri Sitharama Raju,Paderu,Vankachinta
Andhra Pradesh,Alluri Sitharama Raju,Paderu,Vanthadapalle
Andhra Pradesh,Alluri Sitharama Raju,Paderu,Vanthalagummi
Andhra Pradesh,Alluri Sitharama Raju,Paderu,Vanthalamamidi
Andhra Pradesh,Alluri Sitharama Raju,Paderu,Vanthalamamidi @ Gadilametta
Andhra Pradesh,Alluri Sitharama Raju,Paderu,Vantipaka
Andhra Pradesh,Alluri Sitharama Raju,Paderu,Vanugupalle
Andhra Pradesh,Alluri Sitharama Raju,Paderu,Varthanapalle
Andhra Pradesh,Alluri Sitharama Raju,Paderu,Varukaru
Andhra Pradesh,Alluri Sitharama Raju,Paderu,Vurugonda
Andhra Pradesh,Alluri Sitharama Raju,Paderu,Yegumodaputtu
Andhra Pradesh,Alluri Sitharama Raju,Peda Bayalu,Adugulaputtu
Andhra Pradesh,Alluri Sitharama Raju,Peda Bayalu,Agaruveedhi
Andhra Pradesh,Alluri Sitharama Raju,Peda Bayalu,A.Kummariputtu
Andhra Pradesh,Alluri Sitharama Raju,Peda Bayalu,Alamagundam
Andhra Pradesh,Alluri Sitharama Raju,Peda Bayalu,Allamputtu
Andhra Pradesh,Alluri Sitharama Raju,Peda Bayalu,Allangiputtu
Andhra Pradesh,Alluri Sitharama Raju,Peda Bayalu,Ambapada
Andhra Pradesh,Alluri Sitharama Raju,Peda Bayalu,Ambeerupadu
Andhra Pradesh,Alluri Sitharama Raju,Peda Bayalu,Amedelu
Andhra Pradesh,Alluri Sitharama Raju,Peda Bayalu,Andravara
Andhra Pradesh,Alluri Sitharama Raju,Peda Bayalu,Aradagudem
Andhra Pradesh,Alluri Sitharama Raju,Peda Bayalu,Arada Kota
Andhra Pradesh,Alluri Sitharama Raju,Peda Bayalu,Arimera
Andhra Pradesh,Alluri Sitharama Raju,Peda Bayalu,Arlabu
Andhra Pradesh,Alluri Sitharama Raju,Peda Bayalu,Badama
Andhra Pradesh,Alluri Sitharama Raju,Peda Bayalu,Badambeeru
Andhra Pradesh,Alluri Sitharama Raju,Peda Bayalu,Baithinilanka
Andhra Pradesh,Alluri Sitharama Raju,Peda Bayalu,Ballapurai
Andhra Pradesh,Alluri Sitharama Raju,Peda Bayalu,Bandamamidi
Andhra Pradesh,Alluri Sitharama Raju,Peda Bayalu,Bangarumamidi
Andhra Pradesh,Alluri Sitharama Raju,Peda Bayalu,Bangarumetta
Andhra Pradesh,Alluri Sitharama Raju,Peda Bayalu,Bangarumetta
Andhra Pradesh,Alluri Sitharama Raju,Peda Bayalu,Bangaruputtu
Andhra Pradesh,Alluri Sitharama Raju,Peda Bayalu,Barrangibanda
Andhra Pradesh,Alluri Sitharama Raju,Peda Bayalu,Basula
Andhra Pradesh,Alluri Sitharama Raju,Peda Bayalu,Boddagondi
Andhra Pradesh,Alluri Sitharama Raju,Peda Bayalu,Boddangipadu
Andhra Pradesh,Alluri Sitharama Raju,Peda Bayalu,Boddaputtu
Andhra Pradesh,Alluri Sitharama Raju,Peda Bayalu,Boddaputtu
Andhra Pradesh,Alluri Sitharama Raju,Peda Bayalu,Bondaputtu
Andhra Pradesh,Alluri Sitharama Raju,Peda Bayalu,Bongadari
Andhra Pradesh,Alluri Sitharama Raju,Peda Bayalu,Bongaram
Andhra Pradesh,Alluri Sitharama Raju,Peda Bayalu,Bongithali
Andhra Pradesh,Alluri Sitharama Raju,Peda Bayalu,Bongujangi
Andhra Pradesh,Alluri Sitharama Raju,Peda Bayalu,Borlada @ Badama
Andhra Pradesh,Alluri Sitharama Raju,Peda Bayalu,Borramamidi
Andhra Pradesh,Alluri Sitharama Raju,Peda Bayalu,Borraneredu
Andhra Pradesh,Alluri Sitharama Raju,Peda Bayalu,Buradagunta
Andhra Pradesh,Alluri Sitharama Raju,Peda Bayalu,Buradamamidi
Andhra Pradesh,Alluri Sitharama Raju,Peda Bayalu,Buruguputtu
Andhra Pradesh,Alluri Sitharama Raju,Peda Bayalu,Buruguveedhi
Andhra Pradesh,Alluri Sitharama Raju,Peda Bayalu,Buruguveedhi
Andhra Pradesh,Alluri Sitharama Raju,Peda Bayalu,Buruguveedhi
Andhra Pradesh,Alluri Sitharama Raju,Peda Bayalu,Burugu Veedhi
Andhra Pradesh,Alluri Sitharama Raju,Peda Bayalu,Busiputtu
Andhra Pradesh,Alluri Sitharama Raju,Peda Bayalu,Chamagedda
Andhra Pradesh,Alluri Sitharama Raju,Peda Bayalu,Chandiputtu
Andhra Pradesh,Alluri Sitharama Raju,Peda Bayalu,Cheediputtu
Andhra Pradesh,Alluri Sitharama Raju,Peda Bayalu,Cheekupanasa
Andhra Pradesh,Alluri Sitharama Raju,Peda Bayalu,Cheepurugondi
Andhra Pradesh,Alluri Sitharama Raju,Peda Bayalu,Chilakalaputtu
Andhra Pradesh,Alluri Sitharama Raju,Peda Bayalu,Chinagullelu
Andhra Pradesh,Alluri Sitharama Raju,Peda Bayalu,China Mukhi Puttu
Andhra Pradesh,Alluri Sitharama Raju,Peda Bayalu,Chinavancharangi
Andhra Pradesh,Alluri Sitharama Raju,Peda Bayalu,Chintagaruvu
Andhra Pradesh,Alluri Sitharama Raju,Peda Bayalu,Chintalapadu
Andhra Pradesh,Alluri Sitharama Raju,Peda Bayalu,Chitraiputtu
Andhra Pradesh,Alluri Sitharama Raju,Peda Bayalu,Chitrakayaputtu
Andhra Pradesh,Alluri Sitharama Raju,Peda Bayalu,Chittamrai
Andhra Pradesh,Alluri Sitharama Raju,Peda Bayalu,Chuttumetta
Andhra Pradesh,Alluri Sitharama Raju,Peda Bayalu,Dabbaputtu
Andhra Pradesh,Alluri Sitharama Raju,Peda Bayalu,Deguvabondapalle
Andhra Pradesh,Alluri Sitharama Raju,Peda Bayalu,Devarajumerakalu
Andhra Pradesh,Alluri Sitharama Raju,Peda Bayalu,Dondaraiputtu
Andhra Pradesh,Alluri Sitharama Raju,Peda Bayalu,Dosalabanda
Andhra Pradesh,Alluri Sitharama Raju,Peda Bayalu,Duddupalle
Andhra Pradesh,Alluri Sitharama Raju,Peda Bayalu,Gabuduputtu
Andhra Pradesh,Alluri Sitharama Raju,Peda Bayalu,Gaburumamidi
Andhra Pradesh,Alluri Sitharama Raju,Peda Bayalu,Gadepalle
Andhra Pradesh,Alluri Sitharama Raju,Peda Bayalu,Gadugupalle
Andhra Pradesh,Alluri Sitharama Raju,Peda Bayalu,Gadulaputtu
Andhra Pradesh,Alluri Sitharama Raju,Peda Bayalu,Gajjangiveedhi
Andhra Pradesh,Alluri Sitharama Raju,Peda Bayalu,Gajjedi
Andhra Pradesh,Alluri Sitharama Raju,Peda Bayalu,Galagonda
Andhra Pradesh,Alluri Sitharama Raju,Peda Bayalu,Gallelu
Andhra Pradesh,Alluri Sitharama Raju,Peda Bayalu,Gamparai
Andhra Pradesh,Alluri Sitharama Raju,Peda Bayalu,Gandalam
Andhra Pradesh,Alluri Sitharama Raju,Peda Bayalu,Gasabu
Andhra Pradesh,Alluri Sitharama Raju,Peda Bayalu,Gindali
Andhra Pradesh,Alluri Sitharama Raju,Peda Bayalu,Ginnegaruvu
Andhra Pradesh,Alluri Sitharama Raju,Peda Bayalu,Ginnelakota
Andhra Pradesh,Alluri Sitharama Raju,Peda Bayalu,Gocheri
Andhra Pradesh,Alluri Sitharama Raju,Peda Bayalu,Goddiputtu
Andhra Pradesh,Alluri Sitharama Raju,Peda Bayalu,Gomangi
Andhra Pradesh,Alluri Sitharama Raju,Peda Bayalu,Gondikodaputtu
Andhra Pradesh,Alluri Sitharama Raju,Peda Bayalu,Gorcheri
Andhra Pradesh,Alluri Sitharama Raju,Peda Bayalu,Gulleluputtu
Andhra Pradesh,Alluri Sitharama Raju,Peda Bayalu,Gunjuvada
Andhra Pradesh,Alluri Sitharama Raju,Peda Bayalu,Gurralabailu
Andhra Pradesh,Alluri Sitharama Raju,Peda Bayalu,Injari
Andhra Pradesh,Alluri Sitharama Raju,Peda Bayalu,Inupatigalu
Andhra Pradesh,Alluri Sitharama Raju,Peda Bayalu,Jadiguda
Andhra Pradesh,Alluri Sitharama Raju,Peda Bayalu,Jadiguda
Andhra Pradesh,Alluri Sitharama Raju,Peda Bayalu,Jakkum
Andhra Pradesh,Alluri Sitharama Raju,Peda Bayalu,Jalampalle
Andhra Pradesh,Alluri Sitharama Raju,Peda Bayalu,Jamadalu
Andhra Pradesh,Alluri Sitharama Raju,Peda Bayalu,Jamiguda
Andhra Pradesh,Alluri Sitharama Raju,Peda Bayalu,Jamiguda
Andhra Pradesh,Alluri Sitharama Raju,Peda Bayalu,Jangamputtu
Andhra Pradesh,Alluri Sitharama Raju,Peda Bayalu,Jangamputtu
Andhra Pradesh,Alluri Sitharama Raju,Peda Bayalu,Jarsingi
Andhra Pradesh,Alluri Sitharama Raju,Peda Bayalu,Jarupulapedabayalu
Andhra Pradesh,Alluri Sitharama Raju,Peda Bayalu,Jayantikota
Andhra Pradesh,Alluri Sitharama Raju,Peda Bayalu,Jeeluguluputtu
Andhra Pradesh,Alluri Sitharama Raju,Peda Bayalu,Kagula
Andhra Pradesh,Alluri Sitharama Raju,Peda Bayalu,Kaguvalasa
Andhra Pradesh,Alluri Sitharama Raju,Peda Bayalu,Kallabu
Andhra Pradesh,Alluri Sitharama Raju,Peda Bayalu,Kambalabayalu
Andhra Pradesh,Alluri Sitharama Raju,Peda Bayalu,Kandulagunta
Andhra Pradesh,Alluri Sitharama Raju,Peda Bayalu,Kangulu
Andhra Pradesh,Alluri Sitharama Raju,Peda Bayalu,Kappada
Andhra Pradesh,Alluri Sitharama Raju,Peda Bayalu,Karjuraguda
Andhra Pradesh,Alluri Sitharama Raju,Peda Bayalu,Karugonda
Andhra Pradesh,Alluri Sitharama Raju,Peda Bayalu,Kavurupalle
Andhra Pradesh,Alluri Sitharama Raju,Peda Bayalu,Kenduguda
Andhra Pradesh,Alluri Sitharama Raju,Peda Bayalu,Kilumulu
Andhra Pradesh,Alluri Sitharama Raju,Peda Bayalu,Kimudupalle
Andhra Pradesh,Alluri Sitharama Raju,Peda Bayalu,Kinchuru
Andhra Pradesh,Alluri Sitharama Raju,Peda Bayalu,Kindalam
Andhra Pradesh,Alluri Sitharama Raju,Peda Bayalu,Kintharelu
Andhra Pradesh,Alluri Sitharama Raju,Peda Bayalu,Kittukonda
Andhra Pradesh,Alluri Sitharama Raju,Peda Bayalu,Kodaputtu
Andhra Pradesh,Alluri Sitharama Raju,Peda Bayalu,Koduvalasa
Andhra Pradesh,Alluri Sitharama Raju,Peda Bayalu,Konaputtu
Andhra Pradesh,Alluri Sitharama Raju,Peda Bayalu,Kondemulu
Andhra Pradesh,Alluri Sitharama Raju,Peda Bayalu,Kondru
Andhra Pradesh,Alluri Sitharama Raju,Peda Bayalu,Kothuru
Andhra Pradesh,Alluri Sitharama Raju,Peda Bayalu,Kothuru
Andhra Pradesh,Alluri Sitharama Raju,Peda Bayalu,Kotipalle
Andhra Pradesh,Alluri Sitharama Raju,Peda Bayalu,Krishnapuram
Andhra Pradesh,Alluri Sitharama Raju,Peda Bayalu,Kudasingi
Andhra Pradesh,Alluri Sitharama Raju,Peda Bayalu,Kulluba
Andhra Pradesh,Alluri Sitharama Raju,Peda Bayalu,Kummarigunta
Andhra Pradesh,Alluri Sitharama Raju,Peda Bayalu,Kummariveedhi
Andhra Pradesh,Alluri Sitharama Raju,Peda Bayalu,Kuncharai
Andhra Pradesh,Alluri Sitharama Raju,Peda Bayalu,Kunthurla
Andhra Pradesh,Alluri Sitharama Raju,Peda Bayalu,Kunthuruputtu
Andhra Pradesh,Alluri Sitharama Raju,Peda Bayalu,Kuntumamidi
Andhra Pradesh,Alluri Sitharama Raju,Peda Bayalu,Kurajangi
Andhra Pradesh,Alluri Sitharama Raju,Peda Bayalu,Kurtada
Andhra Pradesh,Alluri Sitharama Raju,Peda Bayalu,Kuthamputtu
Andhra Pradesh,Alluri Sitharama Raju,Peda Bayalu,Kuyyaba
Andhra Pradesh,Alluri Sitharama Raju,Peda Bayalu,Labjari
Andhra Pradesh,Alluri Sitharama Raju,Peda Bayalu,Lagabusi
Andhra Pradesh,Alluri Sitharama Raju,Peda Bayalu,Lagasariputtu
Andhra Pradesh,Alluri Sitharama Raju,Peda Bayalu,Lakyaputtu
Andhra Pradesh,Alluri Sitharama Raju,Peda Bayalu,Lakyuputtu
Andhra Pradesh,Alluri Sitharama Raju,Peda Bayalu,Landulu
Andhra Pradesh,Alluri Sitharama Raju,Peda Bayalu,Laxmipeta
Andhra Pradesh,Alluri Sitharama Raju,Peda Bayalu,Laxmipuram
Andhra Pradesh,Alluri Sitharama Raju,Peda Bayalu,Lichabu
Andhra Pradesh,Alluri Sitharama Raju,Peda Bayalu,Limmagaruvu
Andhra Pradesh,Alluri Sitharama Raju,Peda Bayalu,Limmagunta
Andhra Pradesh,Alluri Sitharama Raju,Peda Bayalu,Lingeruputtu
Andhra Pradesh,Alluri Sitharama Raju,Peda Bayalu,Lingeti
Andhra Pradesh,Alluri Sitharama Raju,Peda Bayalu,Luvvapalle
Andhra Pradesh,Alluri Sitharama Raju,Peda Bayalu,Luvvasingi
Andhra Pradesh,Alluri Sitharama Raju,Peda Bayalu,Maggamveedhi
Andhra Pradesh,Alluri Sitharama Raju,Peda Bayalu,Malakariputtu
Andhra Pradesh,Alluri Sitharama Raju,Peda Bayalu,Malaseethakota
Andhra Pradesh,Alluri Sitharama Raju,Peda Bayalu,Malliputtu
Andhra Pradesh,Alluri Sitharama Raju,Peda Bayalu,Mandiba
Andhra Pradesh,Alluri Sitharama Raju,Peda Bayalu,Mangabanda
Andhra Pradesh,Alluri Sitharama Raju,Peda Bayalu,Maredupalle
Andhra Pradesh,Alluri Sitharama Raju,Peda Bayalu,Marridatu
Andhra Pradesh,Alluri Sitharama Raju,Peda Bayalu,Marriputtu
Andhra Pradesh,Alluri Sitharama Raju,Peda Bayalu,Matchepalle
Andhra Pradesh,Alluri Sitharama Raju,Peda Bayalu,Merakachinta
Andhra Pradesh,Alluri Sitharama Raju,Peda Bayalu,Mettaguda
Andhra Pradesh,Alluri Sitharama Raju,Peda Bayalu,Mettalagummi
Andhra Pradesh,Alluri Sitharama Raju,Peda Bayalu,Mondikota
Andhra Pradesh,Alluri Sitharama Raju,Peda Bayalu,Moyyalagummi
Andhra Pradesh,Alluri Sitharama Raju,Peda Bayalu,Mulagaruvu
Andhra Pradesh,Alluri Sitharama Raju,Peda Bayalu,Mulakoravangi @ Chinakoravangi
Andhra Pradesh,Alluri Sitharama Raju,Peda Bayalu,Mulalova
Andhra Pradesh,Alluri Sitharama Raju,Peda Bayalu,Murajaribanda
Andhra Pradesh,Alluri Sitharama Raju,Peda Bayalu,Musidiputtu
Andhra Pradesh,Alluri Sitharama Raju,Peda Bayalu,Nadimivada
Andhra Pradesh,Alluri Sitharama Raju,Peda Bayalu,Nandimetta
Andhra Pradesh,Alluri Sitharama Raju,Peda Bayalu,Nanubaru
Andhra Pradesh,Alluri Sitharama Raju,Peda Bayalu,Nittaputtu
Andhra Pradesh,Alluri Sitharama Raju,Peda Bayalu,Palavalasa
Andhra Pradesh,Alluri Sitharama Raju,Peda Bayalu,Pandigunta
Andhra Pradesh,Alluri Sitharama Raju,Peda Bayalu,Panneda
Andhra Pradesh,Alluri Sitharama Raju,Peda Bayalu,Parreda
Andhra Pradesh,Alluri Sitharama Raju,Peda Bayalu,Pathruda
Andhra Pradesh,Alluri Sitharama Raju,Peda Bayalu,Pedabayalu
Andhra Pradesh,Alluri Sitharama Raju,Peda Bayalu,Pedagondi
Andhra Pradesh,Alluri Sitharama Raju,Peda Bayalu,Pedagullelu
Andhra Pradesh,Alluri Sitharama Raju,Peda Bayalu,Pedakonda
Andhra Pradesh,Alluri Sitharama Raju,Peda Bayalu,Pedakondapalle
Andhra Pradesh,Alluri Sitharama Raju,Peda Bayalu,Peda Koravangi
Andhra Pradesh,Alluri Sitharama Raju,Peda Bayalu,Pedalova
Andhra Pradesh,Alluri Sitharama Raju,Peda Bayalu,Pedapadu
Andhra Pradesh,Alluri Sitharama Raju,Peda Bayalu,Pedapalle
Andhra Pradesh,Alluri Sitharama Raju,Peda Bayalu,Pedasariyapalle
Andhra Pradesh,Alluri Sitharama Raju,Peda Bayalu,Peda Vancharangi
Andhra Pradesh,Alluri Sitharama Raju,Peda Bayalu,Peddaputtu
Andhra Pradesh,Alluri Sitharama Raju,Peda Bayalu,Peparuvalasa @ Kumborla
Andhra Pradesh,Alluri Sitharama Raju,Peda Bayalu,Pilliputtu
Andhra Pradesh,Alluri Sitharama Raju,Peda Bayalu,Pinaravalli
Andhra Pradesh,Alluri Sitharama Raju,Peda Bayalu,Pittalaborra
Andhra Pradesh,Alluri Sitharama Raju,Peda Bayalu,Poipalle
Andhra Pradesh,Alluri Sitharama Raju,Peda Bayalu,Poi Palle
Andhra Pradesh,Alluri Sitharama Raju,Peda Bayalu,Pothulagaruvu
Andhra Pradesh,Alluri Sitharama Raju,Peda Bayalu,Puligondi
Andhra Pradesh,Alluri Sitharama Raju,Peda Bayalu,Pulusumamidi
Andhra Pradesh,Alluri Sitharama Raju,Peda Bayalu,Puruguduputtu @ Vanuguputtu
Andhra Pradesh,Alluri Sitharama Raju,Peda Bayalu,Puttakota
Andhra Pradesh,Alluri Sitharama Raju,Peda Bayalu,Puturu
Andhra Pradesh,Alluri Sitharama Raju,Peda Bayalu,Rai Mamidi
Andhra Pradesh,Alluri Sitharama Raju,Peda Bayalu,Rallagongu
Andhra Pradesh,Alluri Sitharama Raju,Peda Bayalu,Rangaloya
Andhra Pradesh,Alluri Sitharama Raju,Peda Bayalu,Ranjalamamidi
Andhra Pradesh,Alluri Sitharama Raju,Peda Bayalu,Rasiguppa
Andhra Pradesh,Alluri Sitharama Raju,Peda Bayalu,Rogulu
Andhra Pradesh,Alluri Sitharama Raju,Peda Bayalu,Rudagomangi
Andhra Pradesh,Alluri Sitharama Raju,Peda Bayalu,Rudakota
Andhra Pradesh,Alluri Sitharama Raju,Peda Bayalu,Rundalamputtu
Andhra Pradesh,Alluri Sitharama Raju,Peda Bayalu,Sadaru Mamidi
Andhra Pradesh,Alluri Sitharama Raju,Peda Bayalu,Sailamkota
Andhra Pradesh,Alluri Sitharama Raju,Peda Bayalu,Sakirevu
Andhra Pradesh,Alluri Sitharama Raju,Peda Bayalu,Salebulu
Andhra Pradesh,Alluri Sitharama Raju,Peda Bayalu,Sampangidatu
Andhra Pradesh,Alluri Sitharama Raju,Peda Bayalu,Sampangiputtu
Andhra Pradesh,Alluri Sitharama Raju,Peda Bayalu,Sampangiputtu
Andhra Pradesh,Alluri Sitharama Raju,Peda Bayalu,Sapparlamamidi
Andhra Pradesh,Alluri Sitharama Raju,Peda Bayalu,Sarigaguda
Andhra Pradesh,Alluri Sitharama Raju,Peda Bayalu,Sariyapalle
Andhra Pradesh,Alluri Sitharama Raju,Peda Bayalu,Sariyapalle
Andhra Pradesh,Alluri Sitharama Raju,Peda Bayalu,Savidimamidi
Andhra Pradesh,Alluri Sitharama Raju,Peda Bayalu,Seekari
Andhra Pradesh,Alluri Sitharama Raju,Peda Bayalu,Seekariputtu
Andhra Pradesh,Alluri Sitharama Raju,Peda Bayalu,Seemakonda
Andhra Pradesh,Alluri Sitharama Raju,Peda Bayalu,Seethagunta
Andhra Pradesh,Alluri Sitharama Raju,Peda Bayalu,Sindhiputtu
Andhra Pradesh,Alluri Sitharama Raju,Peda Bayalu,Sirasapalle
Andhra Pradesh,Alluri Sitharama Raju,Peda Bayalu,Sujjari
Andhra Pradesh,Alluri Sitharama Raju,Peda Bayalu,Taggupadu
Andhra Pradesh,Alluri Sitharama Raju,Peda Bayalu,Talabirada
Andhra Pradesh,Alluri Sitharama Raju,Peda Bayalu,Tallabu
Andhra Pradesh,Alluri Sitharama Raju,Peda Bayalu,Tamalabu
Andhra Pradesh,Alluri Sitharama Raju,Peda Bayalu,Tamaraveedhi
Andhra Pradesh,Alluri Sitharama Raju,Peda Bayalu,Tarabu
Andhra Pradesh,Alluri Sitharama Raju,Peda Bayalu,Tarla Singi
Andhra Pradesh,Alluri Sitharama Raju,Peda Bayalu,Thadivalasa
Andhra Pradesh,Alluri Sitharama Raju,Peda Bayalu,Thamarada
Andhra Pradesh,Alluri Sitharama Raju,Peda Bayalu,Thangulaputtu
Andhra Pradesh,Alluri Sitharama Raju,Peda Bayalu,Thirangi
Andhra Pradesh,Alluri Sitharama Raju,Peda Bayalu,Thogiriputtu @ Gadalaputtu
Andhra Pradesh,Alluri Sitharama Raju,Peda Bayalu,Thorangulu
Andhra Pradesh,Alluri Sitharama Raju,Peda Bayalu,Thotadaputtu
Andhra Pradesh,Alluri Sitharama Raju,Peda Bayalu,Thotalagondi
Andhra Pradesh,Alluri Sitharama Raju,Peda Bayalu,Thurakalavalasa
Andhra Pradesh,Alluri Sitharama Raju,Peda Bayalu,Tulabharangi
Andhra Pradesh,Alluri Sitharama Raju,Peda Bayalu,Tulam
Andhra Pradesh,Alluri Sitharama Raju,Peda Bayalu,Ukkurba
Andhra Pradesh,Alluri Sitharama Raju,Peda Bayalu,Vaddeputtu
Andhra Pradesh,Alluri Sitharama Raju,Peda Bayalu,Vakapalle
Andhra Pradesh,Alluri Sitharama Raju,Peda Bayalu,Vallangiputtu
Andhra Pradesh,Alluri Sitharama Raju,Peda Bayalu,Valugupalle
Andhra Pradesh,Alluri Sitharama Raju,Peda Bayalu,Vanabangi
Andhra Pradesh,Alluri Sitharama Raju,Peda Bayalu,Vanabarangi
Andhra Pradesh,Alluri Sitharama Raju,Peda Bayalu,Vanakothuru
Andhra Pradesh,Alluri Sitharama Raju,Peda Bayalu,Vancharba
Andhra Pradesh,Alluri Sitharama Raju,Peda Bayalu,Vancharba
Andhra Pradesh,Alluri Sitharama Raju,Peda Bayalu,Vanchediputtu
Andhra Pradesh,Alluri Sitharama Raju,Peda Bayalu,Vangarai
Andhra Pradesh,Alluri Sitharama Raju,Peda Bayalu,Vannadi
Andhra Pradesh,Alluri Sitharama Raju,Peda Bayalu,Varidaguda
Andhra Pradesh,Alluri Sitharama Raju,Peda Bayalu,Vellapalem
Andhra Pradesh,Alluri Sitharama Raju,Peda Bayalu,Vurada
Andhra Pradesh,Alluri Sitharama Raju,Peda Bayalu,Vurraguruvu
Andhra Pradesh,Alluri Sitharama Raju,Peda Bayalu,Yeguvabondapalle
Andhra Pradesh,Alluri Sitharama Raju,Rajavommangi,Aminabada
Andhra Pradesh,Alluri Sitharama Raju,Rajavommangi,Ammirekala
Andhra Pradesh,Alluri Sitharama Raju,Rajavommangi,Ananthagiri
Andhra Pradesh,Alluri Sitharama Raju,Rajavommangi,Appannapalem
Andhra Pradesh,Alluri Sitharama Raju,Rajavommangi,Badadanampalle
Andhra Pradesh,Alluri Sitharama Raju,Rajavommangi,Balijapadu
Andhra Pradesh,Alluri Sitharama Raju,Rajavommangi,Bodlagondi
Andhra Pradesh,Alluri Sitharama Raju,Rajavommangi,Bonangipalem
Andhra Pradesh,Alluri Sitharama Raju,Rajavommangi,Bornagudem
Andhra Pradesh,Alluri Sitharama Raju,Rajavommangi,Boyapadu
Andhra Pradesh,Alluri Sitharama Raju,Rajavommangi,Chervukommupalem
Andhra Pradesh,Alluri Sitharama Raju,Rajavommangi,Chikilinta
Andhra Pradesh,Alluri Sitharama Raju,Rajavommangi,Chinarellangipadu
Andhra Pradesh,Alluri Sitharama Raju,Rajavommangi,Dakarayi
Andhra Pradesh,Alluri Sitharama Raju,Rajavommangi,Damanapalem
Andhra Pradesh,Alluri Sitharama Raju,Rajavommangi,Donelapalem
Andhra Pradesh,Alluri Sitharama Raju,Rajavommangi,Dongala Mallavaram
Andhra Pradesh,Alluri Sitharama Raju,Rajavommangi,Dusaripamu
Andhra Pradesh,Alluri Sitharama Raju,Rajavommangi,Gaduvakurthi
Andhra Pradesh,Alluri Sitharama Raju,Rajavommangi,Ginjerthi
Andhra Pradesh,Alluri Sitharama Raju,Rajavommangi,Gobbilamadugu
Andhra Pradesh,Alluri Sitharama Raju,Rajavommangi,G. Sarabhavaram
Andhra Pradesh,Alluri Sitharama Raju,Rajavommangi,Jaddangi
Andhra Pradesh,Alluri Sitharama Raju,Rajavommangi,Jeelugulapadu
Andhra Pradesh,Alluri Sitharama Raju,Rajavommangi,Karudevipalem
Andhra Pradesh,Alluri Sitharama Raju,Rajavommangi,Kesavaram
Andhra Pradesh,Alluri Sitharama Raju,Rajavommangi,Kimiligedda
Andhra Pradesh,Alluri Sitharama Raju,Rajavommangi,Kindra
Andhra Pradesh,Alluri Sitharama Raju,Rajavommangi,Kirrabu
Andhra Pradesh,Alluri Sitharama Raju,Rajavommangi,Komarapuram
Andhra Pradesh,Alluri Sitharama Raju,Rajavommangi,Kondalingamparthi
Andhra Pradesh,Alluri Sitharama Raju,Rajavommangi,Kondapalle
Andhra Pradesh,Alluri Sitharama Raju,Rajavommangi,Kothapalle
Andhra Pradesh,Alluri Sitharama Raju,Rajavommangi,Labbarthi
Andhra Pradesh,Alluri Sitharama Raju,Rajavommangi,Lagarayi
Andhra Pradesh,Alluri Sitharama Raju,Rajavommangi,Lododdi
Andhra Pradesh,Alluri Sitharama Raju,Rajavommangi,Maredubaka
Andhra Pradesh,Alluri Sitharama Raju,Rajavommangi,Marripalem
Andhra Pradesh,Alluri Sitharama Raju,Rajavommangi,Munjavarappadu
Andhra Pradesh,Alluri Sitharama Raju,Rajavommangi,Murlavanipalem
Andhra Pradesh,Alluri Sitharama Raju,Rajavommangi,Nellimetla
Andhra Pradesh,Alluri Sitharama Raju,Rajavommangi,Pakavelthi
Andhra Pradesh,Alluri Sitharama Raju,Rajavommangi,Pedagarrangi
Andhra Pradesh,Alluri Sitharama Raju,Rajavommangi,Pedarellangipadu
Andhra Pradesh,Alluri Sitharama Raju,Rajavommangi,Pudedu
Andhra Pradesh,Alluri Sitharama Raju,Rajavommangi,Rajavommangi
Andhra Pradesh,Alluri Sitharama Raju,Rajavommangi,Revatipalem
Andhra Pradesh,Alluri Sitharama Raju,Rajavommangi,Sarabhavaram
Andhra Pradesh,Alluri Sitharama Raju,Rajavommangi,Singampalle
Andhra Pradesh,Alluri Sitharama Raju,Rajavommangi,Subbampadu
Andhra Pradesh,Alluri Sitharama Raju,Rajavommangi,Surampalem
Andhra Pradesh,Alluri Sitharama Raju,Rajavommangi,Tallapalem
Andhra Pradesh,Alluri Sitharama Raju,Rajavommangi,Thantikonda
Andhra Pradesh,Alluri Sitharama Raju,Rajavommangi,Urlakulapadu
Andhra Pradesh,Alluri Sitharama Raju,Rajavommangi,Vanakarayi
Andhra Pradesh,Alluri Sitharama Raju,Rajavommangi,Vanchangi
Andhra Pradesh,Alluri Sitharama Raju,Rajavommangi,Vatangi
Andhra Pradesh,Alluri Sitharama Raju,Rajavommangi,Velagalapalem
Andhra Pradesh,Alluri Sitharama Raju,Rajavommangi,Vogipalem
Andhra Pradesh,Alluri Sitharama Raju,Rajavommangi,Vokurthi
Andhra Pradesh,Alluri Sitharama Raju,Rajavommangi,Voyyedu
Andhra Pradesh,Alluri Sitharama Raju,Rajavommangi,Yerrampadu
Andhra Pradesh,Alluri Sitharama Raju,Rampachodavaram,Akuru
Andhra Pradesh,Alluri Sitharama Raju,Rampachodavaram,Bandapalle
Andhra Pradesh,Alluri Sitharama Raju,Rampachodavaram,Beerampalle
Andhra Pradesh,Alluri Sitharama Raju,Rampachodavaram,Bheemavaram
Andhra Pradesh,Alluri Sitharama Raju,Rampachodavaram,Bhupathipalem
Andhra Pradesh,Alluri Sitharama Raju,Rampachodavaram,Bolagonda
Andhra Pradesh,Alluri Sitharama Raju,Rampachodavaram,Bornagudem
Andhra Pradesh,Alluri Sitharama Raju,Rampachodavaram,B.Ramannapalem
Andhra Pradesh,Alluri Sitharama Raju,Rampachodavaram,Busigudem
Andhra Pradesh,Alluri Sitharama Raju,Rampachodavaram,B. Velamalakota
Andhra Pradesh,Alluri Sitharama Raju,Rampachodavaram,Chelakaveedhi
Andhra Pradesh,Alluri Sitharama Raju,Rampachodavaram,Cheruvupalem
Andhra Pradesh,Alluri Sitharama Raju,Rampachodavaram,Cheruvuru
Andhra Pradesh,Alluri Sitharama Raju,Rampachodavaram,Chilakamamidi
Andhra Pradesh,Alluri Sitharama Raju,Rampachodavaram,China Barangi
Andhra Pradesh,Alluri Sitharama Raju,Rampachodavaram,Chinageddada
Andhra Pradesh,Alluri Sitharama Raju,Rampachodavaram,Chupparipalem
Andhra Pradesh,Alluri Sitharama Raju,Rampachodavaram,Dabbavalasa
Andhra Pradesh,Alluri Sitharama Raju,Rampachodavaram,Daragudem
Andhra Pradesh,Alluri Sitharama Raju,Rampachodavaram,Daramadugula
Andhra Pradesh,Alluri Sitharama Raju,Rampachodavaram,Devarathigudem
Andhra Pradesh,Alluri Sitharama Raju,Rampachodavaram,Dirisinapalle
Andhra Pradesh,Alluri Sitharama Raju,Rampachodavaram,Dokulapadu
Andhra Pradesh,Alluri Sitharama Raju,Rampachodavaram,Eethapalle
Andhra Pradesh,Alluri Sitharama Raju,Rampachodavaram,Foulkspeta
Andhra Pradesh,Alluri Sitharama Raju,Rampachodavaram,Gandhinagaram
Andhra Pradesh,Alluri Sitharama Raju,Rampachodavaram,Ginnepalle
Andhra Pradesh,Alluri Sitharama Raju,Rampachodavaram,Gogumilli
Andhra Pradesh,Alluri Sitharama Raju,Rampachodavaram,Gopavaram
Andhra Pradesh,Alluri Sitharama Raju,Rampachodavaram,Gotlagudem
Andhra Pradesh,Alluri Sitharama Raju,Rampachodavaram,Gunjugudem
Andhra Pradesh,Alluri Sitharama Raju,Rampachodavaram,Immidivaram
Andhra Pradesh,Alluri Sitharama Raju,Rampachodavaram,I. Polavaram
Andhra Pradesh,Alluri Sitharama Raju,Rampachodavaram,Irlapalle
Andhra Pradesh,Alluri Sitharama Raju,Rampachodavaram,Isukapatla
Andhra Pradesh,Alluri Sitharama Raju,Rampachodavaram,Jagametlapalem
Andhra Pradesh,Alluri Sitharama Raju,Rampachodavaram,Jagarampalle
Andhra Pradesh,Alluri Sitharama Raju,Rampachodavaram,Kakavada
Andhra Pradesh,Alluri Sitharama Raju,Rampachodavaram,Kannavaram
Andhra Pradesh,Alluri Sitharama Raju,Rampachodavaram,Kintukuru
Andhra Pradesh,Alluri Sitharama Raju,Rampachodavaram,Komaravaram
Andhra Pradesh,Alluri Sitharama Raju,Rampachodavaram,Korumilli
Andhra Pradesh,Alluri Sitharama Raju,Rampachodavaram,Kothapakalu
Andhra Pradesh,Alluri Sitharama Raju,Rampachodavaram,Koyyalagudem
Andhra Pradesh,Alluri Sitharama Raju,Rampachodavaram,Kunjamveedhi
Andhra Pradesh,Alluri Sitharama Raju,Rampachodavaram,K.Yerrampalem
Andhra Pradesh,Alluri Sitharama Raju,Rampachodavaram,Lankapakalu
Andhra Pradesh,Alluri Sitharama Raju,Rampachodavaram,Madicherla
Andhra Pradesh,Alluri Sitharama Raju,Rampachodavaram,Marrivada
Andhra Pradesh,Alluri Sitharama Raju,Rampachodavaram,M. Burugubanda
Andhra Pradesh,Alluri Sitharama Raju,Rampachodavaram,Musurumilli
Andhra Pradesh,Alluri Sitharama Raju,Rampachodavaram,Nallagonda
Andhra Pradesh,Alluri Sitharama Raju,Rampachodavaram,Narasapuram
Andhra Pradesh,Alluri Sitharama Raju,Rampachodavaram,Neenepalle
Andhra Pradesh,Alluri Sitharama Raju,Rampachodavaram,Nimmalapalem
Andhra Pradesh,Alluri Sitharama Raju,Rampachodavaram,Pandirimamidi
Andhra Pradesh,Alluri Sitharama Raju,Rampachodavaram,Peda Barangi
Andhra Pradesh,Alluri Sitharama Raju,Rampachodavaram,Pedageddada
Andhra Pradesh,Alluri Sitharama Raju,Rampachodavaram,Peddakonda
Andhra Pradesh,Alluri Sitharama Raju,Rampachodavaram,Peddapadu
Andhra Pradesh,Alluri Sitharama Raju,Rampachodavaram,Penikalapadu
Andhra Pradesh,Alluri Sitharama Raju,Rampachodavaram,Rampa
Andhra Pradesh,Alluri Sitharama Raju,Rampachodavaram,Rampachodavaram (Ct)
Andhra Pradesh,Alluri Sitharama Raju,Rampachodavaram,Seethapalle
Andhra Pradesh,Alluri Sitharama Raju,Rampachodavaram,Sirigindalapadu
Andhra Pradesh,Alluri Sitharama Raju,Rampachodavaram,Sokulagudem
Andhra Pradesh,Alluri Sitharama Raju,Rampachodavaram,Suvarlavada
Andhra Pradesh,Alluri Sitharama Raju,Rampachodavaram,Tamarapalle
Andhra Pradesh,Alluri Sitharama Raju,Rampachodavaram,T.Burugubanda
Andhra Pradesh,Alluri Sitharama Raju,Rampachodavaram,Thativada
Andhra Pradesh,Alluri Sitharama Raju,Rampachodavaram,Tirugatirallu
Andhra Pradesh,Alluri Sitharama Raju,Rampachodavaram,Usirikajonalu
Andhra Pradesh,Alluri Sitharama Raju,Rampachodavaram,Utla
Andhra Pradesh,Alluri Sitharama Raju,Rampachodavaram,Vadapalle
Andhra Pradesh,Alluri Sitharama Raju,Rampachodavaram,Vattichelakaku
Andhra Pradesh,Alluri Sitharama Raju,Rampachodavaram,Veerlamamidi
Andhra Pradesh,Alluri Sitharama Raju,Rampachodavaram,Vemulakonda
Andhra Pradesh,Alluri Sitharama Raju,Vararamachandrapuram,Annavaram
Andhra Pradesh,Alluri Sitharama Raju,Vararamachandrapuram,Bhimavaram
Andhra Pradesh,Alluri Sitharama Raju,Vararamachandrapuram,Buruguwada
Andhra Pradesh,Alluri Sitharama Raju,Vararamachandrapuram,Chilakalapalle
Andhra Pradesh,Alluri Sitharama Raju,Vararamachandrapuram,Chinnamattapalle
Andhra Pradesh,Alluri Sitharama Raju,Vararamachandrapuram,Chintharajupalle
Andhra Pradesh,Alluri Sitharama Raju,Vararamachandrapuram,Chokkanapalle
Andhra Pradesh,Alluri Sitharama Raju,Vararamachandrapuram,Choppalle
Andhra Pradesh,Alluri Sitharama Raju,Vararamachandrapuram,Darapalle
Andhra Pradesh,Alluri Sitharama Raju,Vararamachandrapuram,Gollagudem
Andhra Pradesh,Alluri Sitharama Raju,Vararamachandrapuram,Gulletiwada
Andhra Pradesh,Alluri Sitharama Raju,Vararamachandrapuram,Gundugudem
Andhra Pradesh,Alluri Sitharama Raju,Vararamachandrapuram,Gurrampeta
Andhra Pradesh,Alluri Sitharama Raju,Vararamachandrapuram,Ippuru
Andhra Pradesh,Alluri Sitharama Raju,Vararamachandrapuram,Isunuru
Andhra Pradesh,Alluri Sitharama Raju,Vararamachandrapuram,Jallivari Gudem
Andhra Pradesh,Alluri Sitharama Raju,Vararamachandrapuram,Jediguppa
Andhra Pradesh,Alluri Sitharama Raju,Vararamachandrapuram,Kachavarapu Padu
Andhra Pradesh,Alluri Sitharama Raju,Vararamachandrapuram,Kalthunuru
Andhra Pradesh,Alluri Sitharama Raju,Vararamachandrapuram,Kannampeta
Andhra Pradesh,Alluri Sitharama Raju,Vararamachandrapuram,Kannayagudem
Andhra Pradesh,Alluri Sitharama Raju,Vararamachandrapuram,Kokkiragudem
Andhra Pradesh,Alluri Sitharama Raju,Vararamachandrapuram,Kollerupadu
Andhra Pradesh,Alluri Sitharama Raju,Vararamachandrapuram,Kolluru
Andhra Pradesh,Alluri Sitharama Raju,Vararamachandrapuram,Kondepudi
Andhra Pradesh,Alluri Sitharama Raju,Vararamachandrapuram,Koppalle
Andhra Pradesh,Alluri Sitharama Raju,Vararamachandrapuram,Kothagudem
Andhra Pradesh,Alluri Sitharama Raju,Vararamachandrapuram,Kothapeta
Andhra Pradesh,Alluri Sitharama Raju,Vararamachandrapuram,Kothuru
Andhra Pradesh,Alluri Sitharama Raju,Vararamachandrapuram,Kottarugommu
Andhra Pradesh,Alluri Sitharama Raju,Vararamachandrapuram,Kunduluru
Andhra Pradesh,Alluri Sitharama Raju,Vararamachandrapuram,Kunjavari Gudem
Andhra Pradesh,Alluri Sitharama Raju,Vararamachandrapuram,Maredupudi
Andhra Pradesh,Alluri Sitharama Raju,Vararamachandrapuram,Mulakanapalle
Andhra Pradesh,Alluri Sitharama Raju,Vararamachandrapuram,Mulkapalle
Andhra Pradesh,Alluri Sitharama Raju,Vararamachandrapuram,Narayanapuram
Andhra Pradesh,Alluri Sitharama Raju,Vararamachandrapuram,Nuthigudem
Andhra Pradesh,Alluri Sitharama Raju,Vararamachandrapuram,Peddamattapalle
Andhra Pradesh,Alluri Sitharama Raju,Vararamachandrapuram,Pochavaram
Andhra Pradesh,Alluri Sitharama Raju,Vararamachandrapuram,Prathipaka
Andhra Pradesh,Alluri Sitharama Raju,Vararamachandrapuram,Pulusumamidi
Andhra Pradesh,Alluri Sitharama Raju,Vararamachandrapuram,Rajupeta
Andhra Pradesh,Alluri Sitharama Raju,Vararamachandrapuram,Ramavaram
Andhra Pradesh,Alluri Sitharama Raju,Vararamachandrapuram,Ravigudem
Andhra Pradesh,Alluri Sitharama Raju,Vararamachandrapuram,Rekapalle
Andhra Pradesh,Alluri Sitharama Raju,Vararamachandrapuram,Seethampeta
Andhra Pradesh,Alluri Sitharama Raju,Vararamachandrapuram,Somanamallu
Andhra Pradesh,Alluri Sitharama Raju,Vararamachandrapuram,Somulagudem
Andhra Pradesh,Alluri Sitharama Raju,Vararamachandrapuram,Sriramgiri
Andhra Pradesh,Alluri Sitharama Raju,Vararamachandrapuram,Suddagudem
Andhra Pradesh,Alluri Sitharama Raju,Vararamachandrapuram,Tekuluru
Andhra Pradesh,Alluri Sitharama Raju,Vararamachandrapuram,Tellamvari Gudem
Andhra Pradesh,Alluri Sitharama Raju,Vararamachandrapuram,Thammayyapeta
Andhra Pradesh,Alluri Sitharama Raju,Vararamachandrapuram,Thotapalle
Andhra Pradesh,Alluri Sitharama Raju,Vararamachandrapuram,Tummileru
Andhra Pradesh,Alluri Sitharama Raju,Vararamachandrapuram,Ummadivaram
Andhra Pradesh,Alluri Sitharama Raju,Vararamachandrapuram,Venkampalem
Andhra Pradesh,Alluri Sitharama Raju,Vararamachandrapuram,Venkannagudem
Andhra Pradesh,Alluri Sitharama Raju,Vararamachandrapuram,Venkata Narasimhapuram
Andhra Pradesh,Alluri Sitharama Raju,Vararamachandrapuram,Venkuturu
Andhra Pradesh,Alluri Sitharama Raju,Vararamachandrapuram,Verapapanikunta
Andhra Pradesh,Alluri Sitharama Raju,Vararamachandrapuram,Waddegudem
Andhra Pradesh,Alluri Sitharama Raju,Yetapaka,Achuthapuram
Andhra Pradesh,Alluri Sitharama Raju,Yetapaka,Ayyavaripeta
Andhra Pradesh,Alluri Sitharama Raju,Yetapaka,Bandirevu
Andhra Pradesh,Alluri Sitharama Raju,Yetapaka,Boddugudem
Andhra Pradesh,Alluri Sitharama Raju,Yetapaka,Buruguvai
Andhra Pradesh,Alluri Sitharama Raju,Yetapaka,Buttaigudem
Andhra Pradesh,Alluri Sitharama Raju,Yetapaka,Chandrampalem
Andhra Pradesh,Alluri Sitharama Raju,Yetapaka,Chelempalem
Andhra Pradesh,Alluri Sitharama Raju,Yetapaka,Chinna Bandirevu
Andhra Pradesh,Alluri Sitharama Raju,Yetapaka,Chinna Nallakunta
Andhra Pradesh,Alluri Sitharama Raju,Yetapaka,Chinthalagudem
Andhra Pradesh,Alluri Sitharama Raju,Yetapaka,Chowdavaram
Andhra Pradesh,Alluri Sitharama Raju,Yetapaka,Dammapeta
Andhra Pradesh,Alluri Sitharama Raju,Yetapaka,Devarapalle
Andhra Pradesh,Alluri Sitharama Raju,Yetapaka,Doramitta
Andhra Pradesh,Alluri Sitharama Raju,Yetapaka,Fergusanpeta
Andhra Pradesh,Alluri Sitharama Raju,Yetapaka,Gannavaram
Andhra Pradesh,Alluri Sitharama Raju,Yetapaka,Gogubaka
Andhra Pradesh,Alluri Sitharama Raju,Yetapaka,Gollagudem
Andhra Pradesh,Alluri Sitharama Raju,Yetapaka,Gollaguppa
Andhra Pradesh,Alluri Sitharama Raju,Yetapaka,Gommu Koyagudem
Andhra Pradesh,Alluri Sitharama Raju,Yetapaka,Gottugudem
Andhra Pradesh,Alluri Sitharama Raju,Yetapaka,Gowridevi Peta
Andhra Pradesh,Alluri Sitharama Raju,Yetapaka,Gundala
Andhra Pradesh,Alluri Sitharama Raju,Yetapaka,Kannaigudem
Andhra Pradesh,Alluri Sitharama Raju,Yetapaka,Kannapuram
Andhra Pradesh,Alluri Sitharama Raju,Yetapaka,Kannapuram
Andhra Pradesh,Alluri Sitharama Raju,Yetapaka,Kapavaram
Andhra Pradesh,Alluri Sitharama Raju,Yetapaka,Kapugampalle
Andhra Pradesh,Alluri Sitharama Raju,Yetapaka,Kistaram
Andhra Pradesh,Alluri Sitharama Raju,Yetapaka,K. Narayanapuram
Andhra Pradesh,Alluri Sitharama Raju,Yetapaka,Kolanugudem
Andhra Pradesh,Alluri Sitharama Raju,Yetapaka,Kondaigudem
Andhra Pradesh,Alluri Sitharama Raju,Yetapaka,Kothagudem
Andhra Pradesh,Alluri Sitharama Raju,Yetapaka,Kusumanapalle
Andhra Pradesh,Alluri Sitharama Raju,Yetapaka,Lakshmidevipeta
Andhra Pradesh,Alluri Sitharama Raju,Yetapaka,Laxmipuram
Andhra Pradesh,Alluri Sitharama Raju,Yetapaka,Lingalapalle
Andhra Pradesh,Alluri Sitharama Raju,Yetapaka,Madhavaraopeta
Andhra Pradesh,Alluri Sitharama Raju,Yetapaka,Madimeru
Andhra Pradesh,Alluri Sitharama Raju,Yetapaka,Midfordpeta
Andhra Pradesh,Alluri Sitharama Raju,Yetapaka,Mummadivaru
Andhra Pradesh,Alluri Sitharama Raju,Yetapaka,Murumoor
Andhra Pradesh,Alluri Sitharama Raju,Yetapaka,Nallakunta
Andhra Pradesh,Alluri Sitharama Raju,Yetapaka,Nallakunta
Andhra Pradesh,Alluri Sitharama Raju,Yetapaka,Nandigama
Andhra Pradesh,Alluri Sitharama Raju,Yetapaka,Narasingapeta
Andhra Pradesh,Alluri Sitharama Raju,Yetapaka,Nellipaka
Andhra Pradesh,Alluri Sitharama Raju,Yetapaka,Pandurangapuram
Andhra Pradesh,Alluri Sitharama Raju,Yetapaka,Pattucheera
Andhra Pradesh,Alluri Sitharama Raju,Yetapaka,Penuballe
Andhra Pradesh,Alluri Sitharama Raju,Yetapaka,Pinapalle
Andhra Pradesh,Alluri Sitharama Raju,Yetapaka,Pitchikalapadu
Andhra Pradesh,Alluri Sitharama Raju,Yetapaka,Purushothapatnam
Andhra Pradesh,Alluri Sitharama Raju,Yetapaka,Rachagampalle
Andhra Pradesh,Alluri Sitharama Raju,Yetapaka,Raghavapuram
Andhra Pradesh,Alluri Sitharama Raju,Yetapaka,Rajupeta
Andhra Pradesh,Alluri Sitharama Raju,Yetapaka,Ramagopalapuram
Andhra Pradesh,Alluri Sitharama Raju,Yetapaka,Rangapuram
Andhra Pradesh,Alluri Sitharama Raju,Yetapaka,Rayanapeta
Andhra Pradesh,Alluri Sitharama Raju,Yetapaka,Seetaramapuram
Andhra Pradesh,Alluri Sitharama Raju,Yetapaka,Seethampeta
Andhra Pradesh,Alluri Sitharama Raju,Yetapaka,Sreenivasapuram
Andhra Pradesh,Alluri Sitharama Raju,Yetapaka,Thallagudem
Andhra Pradesh,Alluri Sitharama Raju,Yetapaka,Thotapalle
Andhra Pradesh,Alluri Sitharama Raju,Yetapaka,Thottimadugu
Andhra Pradesh,Alluri Sitharama Raju,Yetapaka,Thunikicheruvu
Andhra Pradesh,Alluri Sitharama Raju,Yetapaka,Tripura Penta Veedu
Andhra Pradesh,Alluri Sitharama Raju,Yetapaka,Viswapuram
Andhra Pradesh,Alluri Sitharama Raju,Yetapaka,Yerraboru
Andhra Pradesh,Alluri Sitharama Raju,Yetapaka,Yerragunta
Andhra Pradesh,Alluri Sitharama Raju,Yetapaka,Yetapaka
Andhra Pradesh,Alluri Sitharama Raju,Y. Ramavaram,Adupulametta
Andhra Pradesh,Alluri Sitharama Raju,Y. Ramavaram,Allurigedda
Andhra Pradesh,Alluri Sitharama Raju,Y. Ramavaram,Ammapeta
Andhra Pradesh,Alluri Sitharama Raju,Y. Ramavaram,Annampalem
Andhra Pradesh,Alluri Sitharama Raju,Y. Ramavaram,Antilova
Andhra Pradesh,Alluri Sitharama Raju,Y. Ramavaram,Babbilova
Andhra Pradesh,Alluri Sitharama Raju,Y. Ramavaram,Bachaluru
Andhra Pradesh,Alluri Sitharama Raju,Y. Ramavaram,Bandigedda
Andhra Pradesh,Alluri Sitharama Raju,Y. Ramavaram,Bheemudugadda
Andhra Pradesh,Alluri Sitharama Raju,Y. Ramavaram,Boddagondi
Andhra Pradesh,Alluri Sitharama Raju,Y. Ramavaram,Boddagunta
Andhra Pradesh,Alluri Sitharama Raju,Y. Ramavaram,Boddapalle
Andhra Pradesh,Alluri Sitharama Raju,Y. Ramavaram,Boddumamidi
Andhra Pradesh,Alluri Sitharama Raju,Y. Ramavaram,Bonangipalem
Andhra Pradesh,Alluri Sitharama Raju,Y. Ramavaram,Bullojupalem
Andhra Pradesh,Alluri Sitharama Raju,Y. Ramavaram,Buradakota
Andhra Pradesh,Alluri Sitharama Raju,Y. Ramavaram,Buradavalasa
Andhra Pradesh,Alluri Sitharama Raju,Y. Ramavaram,Buruguwada
Andhra Pradesh,Alluri Sitharama Raju,Y. Ramavaram,Busikota
Andhra Pradesh,Alluri Sitharama Raju,Y. Ramavaram,Chamagedda
Andhra Pradesh,Alluri Sitharama Raju,Y. Ramavaram,Chanaganuru
Andhra Pradesh,Alluri Sitharama Raju,Y. Ramavaram,Chaparai
Andhra Pradesh,Alluri Sitharama Raju,Y. Ramavaram,Chavitidibbalu
Andhra Pradesh,Alluri Sitharama Raju,Y. Ramavaram,Chendurthi
Andhra Pradesh,Alluri Sitharama Raju,Y. Ramavaram,Chilakaveedhilanka
Andhra Pradesh,Alluri Sitharama Raju,Y. Ramavaram,Chinavulempadu
Andhra Pradesh,Alluri Sitharama Raju,Y. Ramavaram,Chinta Koyya
Andhra Pradesh,Alluri Sitharama Raju,Y. Ramavaram,Chinthakarrapalem
Andhra Pradesh,Alluri Sitharama Raju,Y. Ramavaram,Chinthalapudi
Andhra Pradesh,Alluri Sitharama Raju,Y. Ramavaram,Dabbamamidi
Andhra Pradesh,Alluri Sitharama Raju,Y. Ramavaram,Dadalikavada
Andhra Pradesh,Alluri Sitharama Raju,Y. Ramavaram,Dalipadu
Andhra Pradesh,Alluri Sitharama Raju,Y. Ramavaram,Daragedda
Andhra Pradesh,Alluri Sitharama Raju,Y. Ramavaram,Daralova
Andhra Pradesh,Alluri Sitharama Raju,Y. Ramavaram,Devaramadugula
Andhra Pradesh,Alluri Sitharama Raju,Y. Ramavaram,D. Mamidivada
Andhra Pradesh,Alluri Sitharama Raju,Y. Ramavaram,Donarai
Andhra Pradesh,Alluri Sitharama Raju,Y. Ramavaram,Donkarai
Andhra Pradesh,Alluri Sitharama Raju,Y. Ramavaram,Doragondi
Andhra Pradesh,Alluri Sitharama Raju,Y. Ramavaram,Dorawada
Andhra Pradesh,Alluri Sitharama Raju,Y. Ramavaram,Dubela
Andhra Pradesh,Alluri Sitharama Raju,Y. Ramavaram,Dumpavalasa
Andhra Pradesh,Alluri Sitharama Raju,Y. Ramavaram,Edlakonda
Andhra Pradesh,Alluri Sitharama Raju,Y. Ramavaram,Gandempalle
Andhra Pradesh,Alluri Sitharama Raju,Y. Ramavaram,Ganganuru
Andhra Pradesh,Alluri Sitharama Raju,Y. Ramavaram,Gannavaram
Andhra Pradesh,Alluri Sitharama Raju,Y. Ramavaram,Gellavada
Andhra Pradesh,Alluri Sitharama Raju,Y. Ramavaram,Gobbilapanukulu
Andhra Pradesh,Alluri Sitharama Raju,Y. Ramavaram,Godugurayi
Andhra Pradesh,Alluri Sitharama Raju,Y. Ramavaram,Gondikota
Andhra Pradesh,Alluri Sitharama Raju,Y. Ramavaram,Goppulathotamamidi
Andhra Pradesh,Alluri Sitharama Raju,Y. Ramavaram,Goramanda
Andhra Pradesh,Alluri Sitharama Raju,Y. Ramavaram,Gummarapalem
Andhra Pradesh,Alluri Sitharama Raju,Y. Ramavaram,Gurtedu
Andhra Pradesh,Alluri Sitharama Raju,Y. Ramavaram,G.Vattigedda
Andhra Pradesh,Alluri Sitharama Raju,Y. Ramavaram,Irlavada
Andhra Pradesh,Alluri Sitharama Raju,Y. Ramavaram,Jajigedda
Andhra Pradesh,Alluri Sitharama Raju,Y. Ramavaram,Jajivalasa
Andhra Pradesh,Alluri Sitharama Raju,Y. Ramavaram,Jalagalova
Andhra Pradesh,Alluri Sitharama Raju,Y. Ramavaram,Jangalathota
Andhra Pradesh,Alluri Sitharama Raju,Y. Ramavaram,Kadarikota
Andhra Pradesh,Alluri Sitharama Raju,Y. Ramavaram,Kakkonda
Andhra Pradesh,Alluri Sitharama Raju,Y. Ramavaram,Kallepugonda
Andhra Pradesh,Alluri Sitharama Raju,Y. Ramavaram,Kanatalabanda
Andhra Pradesh,Alluri Sitharama Raju,Y. Ramavaram,Kanivada
Andhra Pradesh,Alluri Sitharama Raju,Y. Ramavaram,Kappalabanda
Andhra Pradesh,Alluri Sitharama Raju,Y. Ramavaram,Karnikota
Andhra Pradesh,Alluri Sitharama Raju,Y. Ramavaram,Kathirala
Andhra Pradesh,Alluri Sitharama Raju,Y. Ramavaram,Kokitagondi
Andhra Pradesh,Alluri Sitharama Raju,Y. Ramavaram,Komaravaram
Andhra Pradesh,Alluri Sitharama Raju,Y. Ramavaram,Koppulakota
Andhra Pradesh,Alluri Sitharama Raju,Y. Ramavaram,Koramatigondi
Andhra Pradesh,Alluri Sitharama Raju,Y. Ramavaram,Kota
Andhra Pradesh,Alluri Sitharama Raju,Y. Ramavaram,Kotabandichippalamamidi
Andhra Pradesh,Alluri Sitharama Raju,Y. Ramavaram,Kothakota
Andhra Pradesh,Alluri Sitharama Raju,Y. Ramavaram,Kothapakalu
Andhra Pradesh,Alluri Sitharama Raju,Y. Ramavaram,Kunkumamidi
Andhra Pradesh,Alluri Sitharama Raju,Y. Ramavaram,K. Yerragonda
Andhra Pradesh,Alluri Sitharama Raju,Y. Ramavaram,Lingavaram
Andhra Pradesh,Alluri Sitharama Raju,Y. Ramavaram,Mangampadu
Andhra Pradesh,Alluri Sitharama Raju,Y. Ramavaram,Marriguda
Andhra Pradesh,Alluri Sitharama Raju,Y. Ramavaram,Mulasalapalem
Andhra Pradesh,Alluri Sitharama Raju,Y. Ramavaram,Munagalapudi
Andhra Pradesh,Alluri Sitharama Raju,Y. Ramavaram,Muvvalavada
Andhra Pradesh,Alluri Sitharama Raju,Y. Ramavaram,Nagalova
Andhra Pradesh,Alluri Sitharama Raju,Y. Ramavaram,Nakkalapadu
Andhra Pradesh,Alluri Sitharama Raju,Y. Ramavaram,Nakkarathipalem
Andhra Pradesh,Alluri Sitharama Raju,Y. Ramavaram,Neelapalem
Andhra Pradesh,Alluri Sitharama Raju,Y. Ramavaram,Nellikota
Andhra Pradesh,Alluri Sitharama Raju,Y. Ramavaram,Nulakamamidi
Andhra Pradesh,Alluri Sitharama Raju,Y. Ramavaram,Nuvvugantipalem
Andhra Pradesh,Alluri Sitharama Raju,Y. Ramavaram,Paidiputta
Andhra Pradesh,Alluri Sitharama Raju,Y. Ramavaram,Palagondi
Andhra Pradesh,Alluri Sitharama Raju,Y. Ramavaram,Panasalapalem
Andhra Pradesh,Alluri Sitharama Raju,Y. Ramavaram,Panasalova
Andhra Pradesh,Alluri Sitharama Raju,Y. Ramavaram,Panchadaralanka
Andhra Pradesh,Alluri Sitharama Raju,Y. Ramavaram,Pasaruginne
Andhra Pradesh,Alluri Sitharama Raju,Y. Ramavaram,Pathakota
Andhra Pradesh,Alluri Sitharama Raju,Y. Ramavaram,Pedavulempadu
Andhra Pradesh,Alluri Sitharama Raju,Y. Ramavaram,Perikivalasa
Andhra Pradesh,Alluri Sitharama Raju,Y. Ramavaram,Polamanugondi
Andhra Pradesh,Alluri Sitharama Raju,Y. Ramavaram,Poolova
Andhra Pradesh,Alluri Sitharama Raju,Y. Ramavaram,Pulimetala
Andhra Pradesh,Alluri Sitharama Raju,Y. Ramavaram,Pulusumamidi
Andhra Pradesh,Alluri Sitharama Raju,Y. Ramavaram,Putikunta
Andhra Pradesh,Alluri Sitharama Raju,Y. Ramavaram,Puttagandi
Andhra Pradesh,Alluri Sitharama Raju,Y. Ramavaram,Puttapalle
Andhra Pradesh,Alluri Sitharama Raju,Y. Ramavaram,P. Yerragonda
Andhra Pradesh,Alluri Sitharama Raju,Y. Ramavaram,Rachapalem
Andhra Pradesh,Alluri Sitharama Raju,Y. Ramavaram,Rakota
Andhra Pradesh,Alluri Sitharama Raju,Y. Ramavaram,Ramulakonda
Andhra Pradesh,Alluri Sitharama Raju,Y. Ramavaram,Ratsavalasa
Andhra Pradesh,Alluri Sitharama Raju,Y. Ramavaram,Ravvagadda
Andhra Pradesh,Alluri Sitharama Raju,Y. Ramavaram,Regadipalem
Andhra Pradesh,Alluri Sitharama Raju,Y. Ramavaram,Revadikota
Andhra Pradesh,Alluri Sitharama Raju,Y. Ramavaram,Sesharai
Andhra Pradesh,Alluri Sitharama Raju,Y. Ramavaram,Simhadripalem
Andhra Pradesh,Alluri Sitharama Raju,Y. Ramavaram,Singanakota
Andhra Pradesh,Alluri Sitharama Raju,Y. Ramavaram,Singavaram
Andhra Pradesh,Alluri Sitharama Raju,Y. Ramavaram,Sirimetla
Andhra Pradesh,Alluri Sitharama Raju,Y. Ramavaram,Thadikota
Andhra Pradesh,Alluri Sitharama Raju,Y. Ramavaram,Thangedukota
Andhra Pradesh,Alluri Sitharama Raju,Y. Ramavaram,Totakurapalem
Andhra Pradesh,Alluri Sitharama Raju,Y. Ramavaram,Tulusuru
Andhra Pradesh,Alluri Sitharama Raju,Y. Ramavaram,Tumikelapadu
Andhra Pradesh,Alluri Sitharama Raju,Y. Ramavaram,Vadisalova
Andhra Pradesh,Alluri Sitharama Raju,Y. Ramavaram,Vanamamidigondi
Andhra Pradesh,Alluri Sitharama Raju,Y. Ramavaram,Vattigedda
Andhra Pradesh,Alluri Sitharama Raju,Y. Ramavaram,Vedullapalle
Andhra Pradesh,Alluri Sitharama Raju,Y. Ramavaram,Veerampalem
Andhra Pradesh,Alluri Sitharama Raju,Y. Ramavaram,Vejuvada
Andhra Pradesh,Alluri Sitharama Raju,Y. Ramavaram,Villarti
Andhra Pradesh,Alluri Sitharama Raju,Y. Ramavaram,Vootlabanda
Andhra Pradesh,Alluri Sitharama Raju,Y. Ramavaram,Yarlagadda
Andhra Pradesh,Alluri Sitharama Raju,Y. Ramavaram,Yerragoppula
Andhra Pradesh,Alluri Sitharama Raju,Y. Ramavaram,Yerramreddipalem
Andhra Pradesh,Alluri Sitharama Raju,Y. Ramavaram,Y. Ramavaram
Andhra Pradesh,Anakapalli,Anakapalli,Allikhanudupalem
Andhra Pradesh,Anakapalli,Anakapalli,Anakapalle North
Andhra Pradesh,Anakapalli,Anakapalli,Anakapalle South
Andhra Pradesh,Anakapalli,Anakapalli,Anakapalli South - 2
Andhra Pradesh,Anakapalli,Anakapalli,Bhatlapudi
Andhra Pradesh,Anakapalli,Anakapalli,Bowluvada (Ct)
Andhra Pradesh,Anakapalli,Anakapalli,Chintanippula Agraharam
Andhra Pradesh,Anakapalli,Anakapalli,Golagam
Andhra Pradesh,Anakapalli,Anakapalli,Gopalapuram
Andhra Pradesh,Anakapalli,Anakapalli,Jagannadhapuram
Andhra Pradesh,Anakapalli,Anakapalli,Koduru
Andhra Pradesh,Anakapalli,Anakapalli,Kondupalem
Andhra Pradesh,Anakapalli,Anakapalli,Koppaka
Andhra Pradesh,Anakapalli,Anakapalli,Kunchangi
Andhra Pradesh,Anakapalli,Anakapalli,Kundram
Andhra Pradesh,Anakapalli,Anakapalli,Makavaram
Andhra Pradesh,Anakapalli,Anakapalli,Mamidipalem
Andhra Pradesh,Anakapalli,Anakapalli,Maredupudi
Andhra Pradesh,Anakapalli,Anakapalli,Maredupudi Agraharam
Andhra Pradesh,Anakapalli,Anakapalli,Marturu
Andhra Pradesh,Anakapalli,Anakapalli,Mettapalem
Andhra Pradesh,Anakapalli,Anakapalli,Papayya Palem
Andhra Pradesh,Anakapalli,Anakapalli,Papayya Santha Palem
Andhra Pradesh,Anakapalli,Anakapalli,Pisinikada
Andhra Pradesh,Anakapalli,Anakapalli,Rajupalem
Andhra Pradesh,Anakapalli,Anakapalli,Rebaka
Andhra Pradesh,Anakapalli,Anakapalli,Sampathipuram
Andhra Pradesh,Anakapalli,Anakapalli,Sankaram
Andhra Pradesh,Anakapalli,Anakapalli,Seethanagaram
Andhra Pradesh,Anakapalli,Anakapalli,Tagarampudi
Andhra Pradesh,Anakapalli,Anakapalli,Thummapala
Andhra Pradesh,Anakapalli,Anakapalli,Valluru
Andhra Pradesh,Anakapalli,Anakapalli,Venkupalem
Andhra Pradesh,Anakapalli,Anakapalli,Vetajangalapalem
Andhra Pradesh,Anakapalli,Anakapalli,Vooderu
Andhra Pradesh,Anakapalli,Atchuthapuram,Andalapalle
Andhra Pradesh,Anakapalli,Atchuthapuram,Bhogapuram
Andhra Pradesh,Anakapalli,Atchuthapuram,Cheemalapalle
Andhra Pradesh,Anakapalli,Atchuthapuram,Chippada
Andhra Pradesh,Anakapalli,Atchuthapuram,Chodapalle
Andhra Pradesh,Anakapalli,Atchuthapuram,Dibbapalem
Andhra Pradesh,Anakapalli,Atchuthapuram,Dopperla
Andhra Pradesh,Anakapalli,Atchuthapuram,Dosuru
Andhra Pradesh,Anakapalli,Atchuthapuram,Duppituru
Andhra Pradesh,Anakapalli,Atchuthapuram,Gangamambapura Agraharam
Andhra Pradesh,Anakapalli,Atchuthapuram,Haripalem
Andhra Pradesh,Anakapalli,Atchuthapuram,Iravada
Andhra Pradesh,Anakapalli,Atchuthapuram,Jagannadhapura Agraharam
Andhra Pradesh,Anakapalli,Atchuthapuram,Jaggannapeta
Andhra Pradesh,Anakapalli,Atchuthapuram,Janguluru
Andhra Pradesh,Anakapalli,Atchuthapuram,Jogannapalem
Andhra Pradesh,Anakapalli,Atchuthapuram,Khajipalem
Andhra Pradesh,Anakapalli,Atchuthapuram,Kondakarla
Andhra Pradesh,Anakapalli,Atchuthapuram,Maduthuru
Andhra Pradesh,Anakapalli,Atchuthapuram,Maruturu
Andhra Pradesh,Anakapalli,Atchuthapuram,Melupaka Jagannadhapuram
Andhra Pradesh,Anakapalli,Atchuthapuram,Nadimpalle
Andhra Pradesh,Anakapalli,Atchuthapuram,Nunaparthi
Andhra Pradesh,Anakapalli,Atchuthapuram,Pedapadu
Andhra Pradesh,Anakapalli,Atchuthapuram,Pudimadaka
Andhra Pradesh,Anakapalli,Atchuthapuram,Ravipalem
Andhra Pradesh,Anakapalli,Atchuthapuram,Somavaram
Andhra Pradesh,Anakapalli,Atchuthapuram,Tantadi
Andhra Pradesh,Anakapalli,Atchuthapuram,Thallapalem
Andhra Pradesh,Anakapalli,Atchuthapuram,Thimmarajupeta
Andhra Pradesh,Anakapalli,Atchuthapuram,Uddlapalem
Andhra Pradesh,Anakapalli,Atchuthapuram,Uppavaram
Andhra Pradesh,Anakapalli,Atchuthapuram,Veduruvada
Andhra Pradesh,Anakapalli,Atchuthapuram,Yerravaram
Andhra Pradesh,Anakapalli,Butchayyapeta,Aithampudi
Andhra Pradesh,Anakapalli,Butchayyapeta,Appampalem
Andhra Pradesh,Anakapalli,Butchayyapeta,Bhatlova
Andhra Pradesh,Anakapalli,Butchayyapeta,Butchayyapeta
Andhra Pradesh,Anakapalli,Butchayyapeta,China Madina
Andhra Pradesh,Anakapalli,Butchayyapeta,Chinappannapalem
Andhra Pradesh,Anakapalli,Butchayyapeta,Chintapaka
Andhra Pradesh,Anakapalli,Butchayyapeta,Chittiyyapalem
Andhra Pradesh,Anakapalli,Butchayyapeta,Dibbidi
Andhra Pradesh,Anakapalli,Butchayyapeta,Gantikorlam
Andhra Pradesh,Anakapalli,Butchayyapeta,Gunnempudi
Andhra Pradesh,Anakapalli,Butchayyapeta,Kandipudi
Andhra Pradesh,Anakapalli,Butchayyapeta,Karaka
Andhra Pradesh,Anakapalli,Butchayyapeta,Komallapudi
Andhra Pradesh,Anakapalli,Butchayyapeta,Kondapalem
Andhra Pradesh,Anakapalli,Butchayyapeta,Kondapalem Agraharam
Andhra Pradesh,Anakapalli,Butchayyapeta,Kondempudi
Andhra Pradesh,Anakapalli,Butchayyapeta,Laluru
Andhra Pradesh,Anakapalli,Butchayyapeta,Lingabhupala Puram Agraharam
Andhra Pradesh,Anakapalli,Butchayyapeta,Lopudi
Andhra Pradesh,Anakapalli,Butchayyapeta,L.Singavaram
Andhra Pradesh,Anakapalli,Butchayyapeta,Mallam
Andhra Pradesh,Anakapalli,Butchayyapeta,Mallam Bhupathipalem
Andhra Pradesh,Anakapalli,Butchayyapeta,Mangalapuram
Andhra Pradesh,Anakapalli,Butchayyapeta,Neelakantapuram
Andhra Pradesh,Anakapalli,Butchayyapeta,Nimmalova
Andhra Pradesh,Anakapalli,Butchayyapeta,Pangidi
Andhra Pradesh,Anakapalli,Butchayyapeta,P. Bheemavaram
Andhra Pradesh,Anakapalli,Butchayyapeta,Peda Madina
Andhra Pradesh,Anakapalli,Butchayyapeta,Pedapudi
Andhra Pradesh,Anakapalli,Butchayyapeta,Pedapudi Agraharam
Andhra Pradesh,Anakapalli,Butchayyapeta,Polepalle
Andhra Pradesh,Anakapalli,Butchayyapeta,Pottidorapalem
Andhra Pradesh,Anakapalli,Butchayyapeta,Rajam
Andhra Pradesh,Anakapalli,Butchayyapeta,R. Bheemavaram
Andhra Pradesh,Anakapalli,Butchayyapeta,R. Sivarampuram
Andhra Pradesh,Anakapalli,Butchayyapeta,Turakalapudi
Andhra Pradesh,Anakapalli,Butchayyapeta,Typuram
Andhra Pradesh,Anakapalli,Butchayyapeta,Vaddadi
Andhra Pradesh,Anakapalli,Butchayyapeta,Vijayaramarajupeta
Andhra Pradesh,Anakapalli,Cheedikada,Advi Agraharam
Andhra Pradesh,Anakapalli,Cheedikada,Appalarajupuram
Andhra Pradesh,Anakapalli,Cheedikada,Arjunagiri Agraharam
Andhra Pradesh,Anakapalli,Cheedikada,Bylapudi
Andhra Pradesh,Anakapalli,Cheedikada,Bylapudi Singavaram
Andhra Pradesh,Anakapalli,Cheedikada,Cheedikada
Andhra Pradesh,Anakapalli,Cheedikada,Cheedipalle Agraharam
Andhra Pradesh,Anakapalli,Cheedikada,Chettupalle
Andhra Pradesh,Anakapalli,Cheedikada,Chinagogada
Andhra Pradesh,Anakapalli,Cheedikada,Chukkapalle
Andhra Pradesh,Anakapalli,Cheedikada,Dandi Suravaram
Andhra Pradesh,Anakapalli,Cheedikada,Dibbapalem
Andhra Pradesh,Anakapalli,Cheedikada,G.Kothapalle
Andhra Pradesh,Anakapalli,Cheedikada,Jaithavaram
Andhra Pradesh,Anakapalli,Cheedikada,J.B.Puram
Andhra Pradesh,Anakapalli,Cheedikada,Kattuvari Agraharam
Andhra Pradesh,Anakapalli,Cheedikada,Khandivara Agraharam
Andhra Pradesh,Anakapalli,Cheedikada,Konam
Andhra Pradesh,Anakapalli,Cheedikada,Kondasompura Agraharam
Andhra Pradesh,Anakapalli,Cheedikada,Lingabhupala Patnam
Andhra Pradesh,Anakapalli,Cheedikada,Manchala
Andhra Pradesh,Anakapalli,Cheedikada,Neelampeta
Andhra Pradesh,Anakapalli,Cheedikada,Pedagogada Agraharam
Andhra Pradesh,Anakapalli,Cheedikada,Seetharampura Agraharam
Andhra Pradesh,Anakapalli,Cheedikada,Sirijam
Andhra Pradesh,Anakapalli,Cheedikada,Tangudubilli
Andhra Pradesh,Anakapalli,Cheedikada,Tuni Valasa
Andhra Pradesh,Anakapalli,Cheedikada,Tunivalasa Bhupatipalem
Andhra Pradesh,Anakapalli,Cheedikada,Turuvolu
Andhra Pradesh,Anakapalli,Cheedikada,Varahapura Agraharam
Andhra Pradesh,Anakapalli,Cheedikada,Veerabhadrapeta
Andhra Pradesh,Anakapalli,Cheedikada,Veerapurajupeta
Andhra Pradesh,Anakapalli,Cheedikada,Vellanki
Andhra Pradesh,Anakapalli,Cheedikada,Vintipalem
Andhra Pradesh,Anakapalli,Chodavaram,Adduru
Andhra Pradesh,Anakapalli,Chodavaram,Amberupuram
Andhra Pradesh,Anakapalli,Chodavaram,Ankupalem
Andhra Pradesh,Anakapalli,Chodavaram,Annavaram
Andhra Pradesh,Anakapalli,Chodavaram,Bennavolu
Andhra Pradesh,Anakapalli,Chodavaram,Bhogapuram
Andhra Pradesh,Anakapalli,Chodavaram,Chakipalle
Andhra Pradesh,Anakapalli,Chodavaram,Chodavaram (Ct)
Andhra Pradesh,Anakapalli,Chodavaram,Damunapalle
Andhra Pradesh,Anakapalli,Chodavaram,Duddupalem
Andhra Pradesh,Anakapalli,Chodavaram,Gajapathinagaram
Andhra Pradesh,Anakapalli,Chodavaram,Gandhavaram
Andhra Pradesh,Anakapalli,Chodavaram,Gavaravaram
Andhra Pradesh,Anakapalli,Chodavaram,Govada
Andhra Pradesh,Anakapalli,Chodavaram,Gowripatnam
Andhra Pradesh,Anakapalli,Chodavaram,Jannavaram
Andhra Pradesh,Anakapalli,Chodavaram,Juttada
Andhra Pradesh,Anakapalli,Chodavaram,Khandipalle
Andhra Pradesh,Anakapalli,Chodavaram,Lakkavaram
Andhra Pradesh,Anakapalli,Chodavaram,Laxmipuram
Andhra Pradesh,Anakapalli,Chodavaram,M.Kothapalle
Andhra Pradesh,Anakapalli,Chodavaram,Muddurthi
Andhra Pradesh,Anakapalli,Chodavaram,Mycherlapalem
Andhra Pradesh,Anakapalli,Chodavaram,Narasayyapeta
Andhra Pradesh,Anakapalli,Chodavaram,Pakirsahebpeta
Andhra Pradesh,Anakapalli,Chodavaram,Rayapurajupeta
Andhra Pradesh,Anakapalli,Chodavaram,Seemunapalle
Andhra Pradesh,Anakapalli,Chodavaram,Sreerampatnam
Andhra Pradesh,Anakapalli,Chodavaram,Thimmannapalem
Andhra Pradesh,Anakapalli,Chodavaram,Venkannapalem
Andhra Pradesh,Anakapalli,Chodavaram,Venkayyagaripeta
Andhra Pradesh,Anakapalli,Devarapalli,Alamanda
Andhra Pradesh,Anakapalli,Devarapalli,Alamandakothapalle
Andhra Pradesh,Anakapalli,Devarapalli,Bethapudi
Andhra Pradesh,Anakapalli,Devarapalli,Boddapadu
Andhra Pradesh,Anakapalli,Devarapalli,Boilakintada
Andhra Pradesh,Anakapalli,Devarapalli,Chainulapalem
Andhra Pradesh,Anakapalli,Devarapalli,Chinagangavaram
Andhra Pradesh,Anakapalli,Devarapalli,Chinanandipalle
Andhra Pradesh,Anakapalli,Devarapalli,Chinasompuram
Andhra Pradesh,Anakapalli,Devarapalli,Chintalapudi
Andhra Pradesh,Anakapalli,Devarapalli,Devarapalle
Andhra Pradesh,Anakapalli,Devarapalli,Garisingi
Andhra Pradesh,Anakapalli,Devarapalli,Gorupalem
Andhra Pradesh,Anakapalli,Devarapalli,Juttadapalem
Andhra Pradesh,Anakapalli,Devarapalli,Kaligotla
Andhra Pradesh,Anakapalli,Devarapalli,Kasipathirajupuram
Andhra Pradesh,Anakapalli,Devarapalli,Kasipuram
Andhra Pradesh,Anakapalli,Devarapalli,Kondakodabu
Andhra Pradesh,Anakapalli,Devarapalli,Kothapenta
Andhra Pradesh,Anakapalli,Devarapalli,Lovamukundapuram
Andhra Pradesh,Anakapalli,Devarapalli,Lovarayapuraju Peta
Andhra Pradesh,Anakapalli,Devarapalli,Mamidipalle
Andhra Pradesh,Anakapalli,Devarapalli,Marepalle
Andhra Pradesh,Anakapalli,Devarapalli,Mulakalapalle
Andhra Pradesh,Anakapalli,Devarapalli,Mushidipalle
Andhra Pradesh,Anakapalli,Devarapalli,Nagayyapeta
Andhra Pradesh,Anakapalli,Devarapalli,Narasimha Gajapathinagaram
Andhra Pradesh,Anakapalli,Devarapalli,Pallapukodabu
Andhra Pradesh,Anakapalli,Devarapalli,Pedanandipalle Agraharam
Andhra Pradesh,Anakapalli,Devarapalli,Pedasompuram
Andhra Pradesh,Anakapalli,Devarapalli,Raiwada
Andhra Pradesh,Anakapalli,Devarapalli,Sambuvanipalem
Andhra Pradesh,Anakapalli,Devarapalli,Sammeda
Andhra Pradesh,Anakapalli,Devarapalli,Seetampeta
Andhra Pradesh,Anakapalli,Devarapalli,Sivaramachainulapalem
Andhra Pradesh,Anakapalli,Devarapalli,Tamarabba
Andhra Pradesh,Anakapalli,Devarapalli,Taruva
Andhra Pradesh,Anakapalli,Devarapalli,Tenugupudi
Andhra Pradesh,Anakapalli,Devarapalli,Thimiram
Andhra Pradesh,Anakapalli,Devarapalli,Vakapalle
Andhra Pradesh,Anakapalli,Devarapalli,Valabu
Andhra Pradesh,Anakapalli,Devarapalli,Vechalam
Andhra Pradesh,Anakapalli,Devarapalli,Venkatarajupuram
Andhra Pradesh,Anakapalli,Golugonda,Agency Laxmipuram
Andhra Pradesh,Anakapalli,Golugonda,Ammapeta
Andhra Pradesh,Anakapalli,Golugonda,Cheedigummala
Andhra Pradesh,Anakapalli,Golugonda,Cheedikada
Andhra Pradesh,Anakapalli,Golugonda,Chodyam
Andhra Pradesh,Anakapalli,Golugonda,Darapalem
Andhra Pradesh,Anakapalli,Golugonda,Gadampalem
Andhra Pradesh,Anakapalli,Golugonda,Golugonda
Andhra Pradesh,Anakapalli,Golugonda,Gopalapatnam
Andhra Pradesh,Anakapalli,Golugonda,Gundupala
Andhra Pradesh,Anakapalli,Golugonda,Jammadevipeta
Andhra Pradesh,Anakapalli,Golugonda,Jammavaram
Andhra Pradesh,Anakapalli,Golugonda,Karaka
Andhra Pradesh,Anakapalli,Golugonda,Kasimi
Andhra Pradesh,Anakapalli,Golugonda,Komira
Andhra Pradesh,Anakapalli,Golugonda,Konkasingi
Andhra Pradesh,Anakapalli,Golugonda,Kothamallempeta
Andhra Pradesh,Anakapalli,Golugonda,Kothapalem
Andhra Pradesh,Anakapalli,Golugonda,Kotha Yellavaram
Andhra Pradesh,Anakapalli,Golugonda,Krishnadevipeta
Andhra Pradesh,Anakapalli,Golugonda,Kumarapuram
Andhra Pradesh,Anakapalli,Golugonda,Lingamdora Palem
Andhra Pradesh,Anakapalli,Golugonda,Mungerlapalem
Andhra Pradesh,Anakapalli,Golugonda,Nagannadorapalem
Andhra Pradesh,Anakapalli,Golugonda,Nallanki
Andhra Pradesh,Anakapalli,Golugonda,Pakalapadu
Andhra Pradesh,Anakapalli,Golugonda,Pallapu Nagannadora Palem
Andhra Pradesh,Anakapalli,Golugonda,Pappusettipalem
Andhra Pradesh,Anakapalli,Golugonda,Pathamallempeta
Andhra Pradesh,Anakapalli,Golugonda,Pogachetlapalem
Andhra Pradesh,Anakapalli,Golugonda,Polavaram
Andhra Pradesh,Anakapalli,Golugonda,Seethakandi
Andhra Pradesh,Anakapalli,Golugonda,Thallacheedikada
Andhra Pradesh,Anakapalli,Golugonda,Vadaparthi
Andhra Pradesh,Anakapalli,Golugonda,Yarakampeta
Andhra Pradesh,Anakapalli,Golugonda,Yarravaram
Andhra Pradesh,Anakapalli,Kasimkota,Addam
Andhra Pradesh,Anakapalli,Kasimkota,Ammeensahabpeta
Andhra Pradesh,Anakapalli,Kasimkota,Atcherla
Andhra Pradesh,Anakapalli,Kasimkota,Bayyavaram
Andhra Pradesh,Anakapalli,Kasimkota,Charakam
Andhra Pradesh,Anakapalli,Kasimkota,Chintalapalem
Andhra Pradesh,Anakapalli,Kasimkota,Eswarapalle Chowduvada
Andhra Pradesh,Anakapalli,Kasimkota,Gobburu
Andhra Pradesh,Anakapalli,Kasimkota,Gobburupalem
Andhra Pradesh,Anakapalli,Kasimkota,Gurugu Bheemavaram
Andhra Pradesh,Anakapalli,Kasimkota,Gytulapalem
Andhra Pradesh,Anakapalli,Kasimkota,Kasimkota
Andhra Pradesh,Anakapalli,Kasimkota,Komaralova
Andhra Pradesh,Anakapalli,Kasimkota,Kothapalle
Andhra Pradesh,Anakapalli,Kasimkota,Narasapuram
Andhra Pradesh,Anakapalli,Kasimkota,Narasingibilly
Andhra Pradesh,Anakapalli,Kasimkota,Nutulaguntla Palem
Andhra Pradesh,Anakapalli,Kasimkota,Perantalapalem
Andhra Pradesh,Anakapalli,Kasimkota,Singavaram
Andhra Pradesh,Anakapalli,Kasimkota,Somavaram
Andhra Pradesh,Anakapalli,Kasimkota,Sundarayyapeta
Andhra Pradesh,Anakapalli,Kasimkota,Tallapalem
Andhra Pradesh,Anakapalli,Kasimkota,Tegada
Andhra Pradesh,Anakapalli,Kasimkota,Theeda
Andhra Pradesh,Anakapalli,Kasimkota,Ugginapalem
Andhra Pradesh,Anakapalli,Kasimkota,Veduruparthi
Andhra Pradesh,Anakapalli,Kasimkota,Yenugutuni
Andhra Pradesh,Anakapalli,Kasimkota,Zattapureddituni
Andhra Pradesh,Anakapalli,K.Kotapadu,Alamanda Bheemavaram
Andhra Pradesh,Anakapalli,K.Kotapadu,Alamandakoduru
Andhra Pradesh,Anakapalli,K.Kotapadu,Arle
Andhra Pradesh,Anakapalli,K.Kotapadu,Chandrayyapeta
Andhra Pradesh,Anakapalli,K.Kotapadu,Chowduvada
Andhra Pradesh,Anakapalli,K.Kotapadu,Dalivalasa
Andhra Pradesh,Anakapalli,K.Kotapadu,Deekshitula Agraharam
Andhra Pradesh,Anakapalli,K.Kotapadu,Garugubilli
Andhra Pradesh,Anakapalli,K.Kotapadu,Gavarapalem
Andhra Pradesh,Anakapalli,K.Kotapadu,Gondupalem
Andhra Pradesh,Anakapalli,K.Kotapadu,Gotlam
Andhra Pradesh,Anakapalli,K.Kotapadu,Gullepalle
Andhra Pradesh,Anakapalli,K.Kotapadu,Kavi Konda Agraharam
Andhra Pradesh,Anakapalli,K.Kotapadu,Kintada
Andhra Pradesh,Anakapalli,K.Kotapadu,Kintadakotapadu
Andhra Pradesh,Anakapalli,K.Kotapadu,Koruvada
Andhra Pradesh,Anakapalli,K.Kotapadu,Koruvada Jagannadhapuram
Andhra Pradesh,Anakapalli,K.Kotapadu,Marrivalasa
Andhra Pradesh,Anakapalli,K.Kotapadu,Medicherla
Andhra Pradesh,Anakapalli,K.Kotapadu,Paidampeta
Andhra Pradesh,Anakapalli,K.Kotapadu,Pathavalasa
Andhra Pradesh,Anakapalli,K.Kotapadu,Pindrangi
Andhra Pradesh,Anakapalli,K.Kotapadu,Pothanavalasa Agraharam
Andhra Pradesh,Anakapalli,K.Kotapadu,Ramayogi Agraharam
Andhra Pradesh,Anakapalli,K.Kotapadu,Rongalinaidupalle
Andhra Pradesh,Anakapalli,K.Kotapadu,Santhapalem
Andhra Pradesh,Anakapalli,K.Kotapadu,Singannadorapalem
Andhra Pradesh,Anakapalli,K.Kotapadu,Srungavaram
Andhra Pradesh,Anakapalli,K.Kotapadu,Sudivalasa
Andhra Pradesh,Anakapalli,K.Kotapadu,Suriddipalem
Andhra Pradesh,Anakapalli,K.Kotapadu,Ugginavalasa
Andhra Pradesh,Anakapalli,K.Kotapadu,Varada
Andhra Pradesh,Anakapalli,Kotauratla,Annavaram
Andhra Pradesh,Anakapalli,Kotauratla,Bapiraju Kothapalle
Andhra Pradesh,Anakapalli,Kotauratla,Bodapalem
Andhra Pradesh,Anakapalli,Kotauratla,Chinaboddepalle
Andhra Pradesh,Anakapalli,Kotauratla,Chowduvada
Andhra Pradesh,Anakapalli,Kotauratla,Gottivada
Andhra Pradesh,Anakapalli,Kotauratla,G.Sanyasirajupalem
Andhra Pradesh,Anakapalli,Kotauratla,Jalluru
Andhra Pradesh,Anakapalli,Kotauratla,Kailasapatnam
Andhra Pradesh,Anakapalli,Kotauratla,Kodavatipudi
Andhra Pradesh,Anakapalli,Kotauratla,Kotauratla
Andhra Pradesh,Anakapalli,Kotauratla,Krishnambhotla Agraharam
Andhra Pradesh,Anakapalli,Kotauratla,Lingapuram
Andhra Pradesh,Anakapalli,Kotauratla,Pamulavaka
Andhra Pradesh,Anakapalli,Kotauratla,Panduru
Andhra Pradesh,Anakapalli,Kotauratla,Pippalla Kothapalle
Andhra Pradesh,Anakapalli,Kotauratla,Rajupeta
Andhra Pradesh,Anakapalli,Kotauratla,Ramannapalem
Andhra Pradesh,Anakapalli,Kotauratla,Sunkapuru
Andhra Pradesh,Anakapalli,Kotauratla,Tadaparthi Jangampeta
Andhra Pradesh,Anakapalli,Kotauratla,Thangedu
Andhra Pradesh,Anakapalli,Kotauratla,Yendapalle
Andhra Pradesh,Anakapalli,Madugula,Anukuru
Andhra Pradesh,Anakapalli,Madugula,Avuruvada
Andhra Pradesh,Anakapalli,Madugula,Bhagavathula Agraharam
Andhra Pradesh,Anakapalli,Madugula,China Gorrigedda
Andhra Pradesh,Anakapalli,Madugula,China Kurmam
Andhra Pradesh,Anakapalli,Madugula,China Sarada
Andhra Pradesh,Anakapalli,Madugula,Chintaluru
Andhra Pradesh,Anakapalli,Madugula,Degalapalem
Andhra Pradesh,Anakapalli,Madugula,Gadirai
Andhra Pradesh,Anakapalli,Madugula,Goppulapalem
Andhra Pradesh,Anakapalli,Madugula,Gotivada Agraharam
Andhra Pradesh,Anakapalli,Madugula,Jalampalle
Andhra Pradesh,Anakapalli,Madugula,Jammadevipeta
Andhra Pradesh,Anakapalli,Madugula,Jampena
Andhra Pradesh,Anakapalli,Madugula,Kagitha
Andhra Pradesh,Anakapalli,Madugula,Kamakutam
Andhra Pradesh,Anakapalli,Madugula,Kaspa Jagannadhapuram
Andhra Pradesh,Anakapalli,Madugula,Kinthali
Andhra Pradesh,Anakapalli,Madugula,Kinthali Vallapuram
Andhra Pradesh,Anakapalli,Madugula,Kurmanadhapuram
Andhra Pradesh,Anakapalli,Madugula,Lakshmipuram
Andhra Pradesh,Anakapalli,Madugula,Lovagavara Varam
Andhra Pradesh,Anakapalli,Madugula,Lova Kothapalle
Andhra Pradesh,Anakapalli,Madugula,Lova Krishnapuram
Andhra Pradesh,Anakapalli,Madugula,Lova Ponnavolu
Andhra Pradesh,Anakapalli,Madugula,Maddulapalem
Andhra Pradesh,Anakapalli,Madugula,Madugula
Andhra Pradesh,Anakapalli,Madugula,Madugula Koduru
Andhra Pradesh,Anakapalli,Madugula,Madugulakotapadu
Andhra Pradesh,Anakapalli,Madugula,Medaveedu
Andhra Pradesh,Anakapalli,Madugula,M.K.Vallapuram
Andhra Pradesh,Anakapalli,Madugula,Moksha Krishnapuram
Andhra Pradesh,Anakapalli,Madugula,Mukundapuram
Andhra Pradesh,Anakapalli,Madugula,Pappusettiseri
Andhra Pradesh,Anakapalli,Madugula,Peda Gorrigedda
Andhra Pradesh,Anakapalli,Madugula,Peda Sarada
Andhra Pradesh,Anakapalli,Madugula,Pittagedda
Andhra Pradesh,Anakapalli,Madugula,Pongalipaka
Andhra Pradesh,Anakapalli,Madugula,Pothanapudi Araharam
Andhra Pradesh,Anakapalli,Madugula,P.Sivaram Puram
Andhra Pradesh,Anakapalli,Madugula,Ravipalem
Andhra Pradesh,Anakapalli,Madugula,Sagaram
Andhra Pradesh,Anakapalli,Madugula,Sanghyam
Andhra Pradesh,Anakapalli,Madugula,Sankaram
Andhra Pradesh,Anakapalli,Madugula,Satyavaram
Andhra Pradesh,Anakapalli,Madugula,Tatiparthi
Andhra Pradesh,Anakapalli,Madugula,Tiruvada
Andhra Pradesh,Anakapalli,Madugula,Vantarlapalem
Andhra Pradesh,Anakapalli,Madugula,Veeranarayanam
Andhra Pradesh,Anakapalli,Madugula,Veeravilli
Andhra Pradesh,Anakapalli,Madugula,Vommali
Andhra Pradesh,Anakapalli,Madugula,Vommali Jagannadhapuram
Andhra Pradesh,Anakapalli,Madugula,Yerukuvada
Andhra Pradesh,Anakapalli,Makavarapalem,Appandorapalem
Andhra Pradesh,Anakapalli,Makavarapalem,Bayyavaram
Andhra Pradesh,Anakapalli,Makavarapalem,Bheemaboina Palem
Andhra Pradesh,Anakapalli,Makavarapalem,Burugupalem
Andhra Pradesh,Anakapalli,Makavarapalem,Gangavaram
Andhra Pradesh,Anakapalli,Makavarapalem,Giduthuru
Andhra Pradesh,Anakapalli,Makavarapalem,Harappa Agraharam
Andhra Pradesh,Anakapalli,Makavarapalem,Jangalapalle
Andhra Pradesh,Anakapalli,Makavarapalem,Koduru
Andhra Pradesh,Anakapalli,Makavarapalem,Kondala Agraharam
Andhra Pradesh,Anakapalli,Makavarapalem,Makavarapalem
Andhra Pradesh,Anakapalli,Makavarapalem,Mallavaram
Andhra Pradesh,Anakapalli,Makavarapalem,Narayana Gajapathirajapuram Agraharam
Andhra Pradesh,Anakapalli,Makavarapalem,Peddipalem
Andhra Pradesh,Anakapalli,Makavarapalem,Pochinapeddi Agraharam
Andhra Pradesh,Anakapalli,Makavarapalem,Pydipala
Andhra Pradesh,Anakapalli,Makavarapalem,Rachapalle
Andhra Pradesh,Anakapalli,Makavarapalem,Seethanna Agraharam
Andhra Pradesh,Anakapalli,Makavarapalem,Settipalem
Andhra Pradesh,Anakapalli,Makavarapalem,Tadapala
Andhra Pradesh,Anakapalli,Makavarapalem,Tamaram
Andhra Pradesh,Anakapalli,Makavarapalem,Tootipala
Andhra Pradesh,Anakapalli,Makavarapalem,Vajragada
Andhra Pradesh,Anakapalli,Makavarapalem,Venkannapalem
Andhra Pradesh,Anakapalli,Makavarapalem,Zamindari Gangavaram
Andhra Pradesh,Anakapalli,Munagapaka,Arabupalem
Andhra Pradesh,Anakapalli,Munagapaka,Challamalla
Andhra Pradesh,Anakapalli,Munagapaka,Cherlopalem
Andhra Pradesh,Anakapalli,Munagapaka,Chuchikonda
Andhra Pradesh,Anakapalli,Munagapaka,Ganaparthi
Andhra Pradesh,Anakapalli,Munagapaka,Gantavanipalem
Andhra Pradesh,Anakapalli,Munagapaka,Jaggayyapeta Agraharam
Andhra Pradesh,Anakapalli,Munagapaka,Kakarapalle
Andhra Pradesh,Anakapalli,Munagapaka,Kumarapuram
Andhra Pradesh,Anakapalli,Munagapaka,Madakapalem
Andhra Pradesh,Anakapalli,Munagapaka,Mallavaram
Andhra Pradesh,Anakapalli,Munagapaka,Munagapaka
Andhra Pradesh,Anakapalli,Munagapaka,Nagavaram
Andhra Pradesh,Anakapalli,Munagapaka,Nagulapalle
Andhra Pradesh,Anakapalli,Munagapaka,Narendrapuram
Andhra Pradesh,Anakapalli,Munagapaka,Nelupaka
Andhra Pradesh,Anakapalli,Munagapaka,Pallapu Anandapuram
Andhra Pradesh,Anakapalli,Munagapaka,Patipalle
Andhra Pradesh,Anakapalli,Munagapaka,Purushottampuram
Andhra Pradesh,Anakapalli,Munagapaka,Rajupeta Agraharam
Andhra Pradesh,Anakapalli,Munagapaka,Ramabhadrapuram Agraharam
Andhra Pradesh,Anakapalli,Munagapaka,Thimmarajupeta
Andhra Pradesh,Anakapalli,Munagapaka,Thotada
Andhra Pradesh,Anakapalli,Munagapaka,T.Sirasapalle
Andhra Pradesh,Anakapalli,Munagapaka,Ummalada
Andhra Pradesh,Anakapalli,Munagapaka,Vadrapalle
Andhra Pradesh,Anakapalli,Munagapaka,Venkatapuram
Andhra Pradesh,Anakapalli,Munagapaka,Vompolu
Andhra Pradesh,Anakapalli,Nakkapalli,Bodugallam
Andhra Pradesh,Anakapalli,Nakkapalli,Buchirajupeta
Andhra Pradesh,Anakapalli,Nakkapalli,Chandanada
Andhra Pradesh,Anakapalli,Nakkapalli,Cheedika
Andhra Pradesh,Anakapalli,Nakkapalli,Chinadoddigallu
Andhra Pradesh,Anakapalli,Nakkapalli,Chinarambhadrapuram
Andhra Pradesh,Anakapalli,Nakkapalli,Chittibatla Agraharam
Andhra Pradesh,Anakapalli,Nakkapalli,Chukalavari Lakshmipuram
Andhra Pradesh,Anakapalli,Nakkapalli,Devavaram
Andhra Pradesh,Anakapalli,Nakkapalli,Donivanilakshmipuram
Andhra Pradesh,Anakapalli,Nakkapalli,Donkada
Andhra Pradesh,Anakapalli,Nakkapalli,Dosalapadu
Andhra Pradesh,Anakapalli,Nakkapalli,G.Jagannadhapuram
Andhra Pradesh,Anakapalli,Nakkapalli,Godicherla
Andhra Pradesh,Anakapalli,Nakkapalli,Gullipadu
Andhra Pradesh,Anakapalli,Nakkapalli,Gunupudi
Andhra Pradesh,Anakapalli,Nakkapalli,Kagitha
Andhra Pradesh,Anakapalli,Nakkapalli,Mukundarajupeta
Andhra Pradesh,Anakapalli,Nakkapalli,Nakkapalle (Ct)
Andhra Pradesh,Anakapalli,Nakkapalli,Nallamattipalem
Andhra Pradesh,Anakapalli,Nakkapalli,Nayampudi
Andhra Pradesh,Anakapalli,Nakkapalli,Nellipudi
Andhra Pradesh,Anakapalli,Nakkapalli,N.Narasapuram
Andhra Pradesh,Anakapalli,Nakkapalli,Pedadoddigallu
Andhra Pradesh,Anakapalli,Nakkapalli,Pedateenarla
Andhra Pradesh,Anakapalli,Nakkapalli,Rajayyapeta
Andhra Pradesh,Anakapalli,Nakkapalli,Ramanayyapeta
Andhra Pradesh,Anakapalli,Nakkapalli,Rebaka
Andhra Pradesh,Anakapalli,Nakkapalli,Uddandapuram
Andhra Pradesh,Anakapalli,Nakkapalli,Upmaka Agraharam
Andhra Pradesh,Anakapalli,Nakkapalli,Vempadu
Andhra Pradesh,Anakapalli,Narsipatnam,Amalapuram
Andhra Pradesh,Anakapalli,Narsipatnam,Balighattam
Andhra Pradesh,Anakapalli,Narsipatnam,Chettupalle
Andhra Pradesh,Anakapalli,Narsipatnam,Dharmasagaram
Andhra Pradesh,Anakapalli,Narsipatnam,Duggada
Andhra Pradesh,Anakapalli,Narsipatnam,Gabbada
Andhra Pradesh,Anakapalli,Narsipatnam,Guramdorapalem
Andhra Pradesh,Anakapalli,Narsipatnam,Narsipatnam (Ct)
Andhra Pradesh,Anakapalli,Narsipatnam,Neelampeta
Andhra Pradesh,Anakapalli,Narsipatnam,Ordinary Laxmipuram
Andhra Pradesh,Anakapalli,Narsipatnam,Peda Boddepalle (Ct)
Andhra Pradesh,Anakapalli,Narsipatnam,Veerabhupala Patnam
Andhra Pradesh,Anakapalli,Narsipatnam,Vemulapudi
Andhra Pradesh,Anakapalli,Narsipatnam,Yerakannapalem
Andhra Pradesh,Anakapalli,Nathavaram,Adivikamayya Agraharam
Andhra Pradesh,Anakapalli,Nathavaram,Anantha Padmanabhapuram
Andhra Pradesh,Anakapalli,Nathavaram,Buradapalle Agraharam
Andhra Pradesh,Anakapalli,Nathavaram,Chammachinta
Andhra Pradesh,Anakapalli,Nathavaram,Cherlopalem
Andhra Pradesh,Anakapalli,Nathavaram,China Jaggampeta
Andhra Pradesh,Anakapalli,Nathavaram,Chollangipalem
Andhra Pradesh,Anakapalli,Nathavaram,Dharmavaram Agraharam
Andhra Pradesh,Anakapalli,Nathavaram,Donkada Agraharam
Andhra Pradesh,Anakapalli,Nathavaram,Gannavaram
Andhra Pradesh,Anakapalli,Nathavaram,Golugondapeta
Andhra Pradesh,Anakapalli,Nathavaram,Gummidigonda
Andhra Pradesh,Anakapalli,Nathavaram,Gunupudi
Andhra Pradesh,Anakapalli,Nathavaram,Kalavavoddu Sarabhavaram
Andhra Pradesh,Anakapalli,Nathavaram,Kesavaram Agraharam
Andhra Pradesh,Anakapalli,Nathavaram,Kodavatipudi Agraharam
Andhra Pradesh,Anakapalli,Nathavaram,Krishnapura Agraharam
Andhra Pradesh,Anakapalli,Nathavaram,Kuruvada
Andhra Pradesh,Anakapalli,Nathavaram,Mallubhupala Patnam
Andhra Pradesh,Anakapalli,Nathavaram,Manyapuratla
Andhra Pradesh,Anakapalli,Nathavaram,Mulagapudi Bennavaram
Andhra Pradesh,Anakapalli,Nathavaram,Nathavaram
Andhra Pradesh,Anakapalli,Nathavaram,Pedabhairavabhoopati Agraharam
Andhra Pradesh,Anakapalli,Nathavaram,Pedajaggampeta
Andhra Pradesh,Anakapalli,Nathavaram,Pichchiganti Kothagudam
Andhra Pradesh,Anakapalli,Nathavaram,Pottinagannadora Palem
Andhra Pradesh,Anakapalli,Nathavaram,Rajupeta Agraharam
Andhra Pradesh,Anakapalli,Nathavaram,Ramachandraraju Agraharam
Andhra Pradesh,Anakapalli,Nathavaram,Sarabhoopala Patnam
Andhra Pradesh,Anakapalli,Nathavaram,Sarabhoopati Agraharam
Andhra Pradesh,Anakapalli,Nathavaram,Sarugudu
Andhra Pradesh,Anakapalli,Nathavaram,Srungavaram
Andhra Pradesh,Anakapalli,Nathavaram,Valasampeta
Andhra Pradesh,Anakapalli,Nathavaram,Vedurupalle
Andhra Pradesh,Anakapalli,Nathavaram,Veerabhupati Agraharam
Andhra Pradesh,Anakapalli,Nathavaram,Vootamalla
Andhra Pradesh,Anakapalli,Nathavaram,Yellavaram Dondapeta
Andhra Pradesh,Anakapalli,Nathavaram,Yerakabhoopati Agraharam
Andhra Pradesh,Anakapalli,Nathavaram,Yerakampeta
Andhra Pradesh,Anakapalli,Nathavaram,Zilledipudi
Andhra Pradesh,Anakapalli,Paravada,Bharinikam
Andhra Pradesh,Anakapalli,Paravada,Cheepurupalle (East )
Andhra Pradesh,Anakapalli,Paravada,Cheepurupalle (West)
Andhra Pradesh,Anakapalli,Paravada,Donkada
Andhra Pradesh,Anakapalli,Paravada,Edulapaka Bonangi
Andhra Pradesh,Anakapalli,Paravada,Jagannadhapuram Agraharam
Andhra Pradesh,Anakapalli,Paravada,Kalapaka
Andhra Pradesh,Anakapalli,Paravada,Kannuru
Andhra Pradesh,Anakapalli,Paravada,Lankelapalem
Andhra Pradesh,Anakapalli,Paravada,Lemarthi Agraharam
Andhra Pradesh,Anakapalli,Paravada,Mantripalem
Andhra Pradesh,Anakapalli,Paravada,Marripalem
Andhra Pradesh,Anakapalli,Paravada,Matripalem
Andhra Pradesh,Anakapalli,Paravada,Paravada
Andhra Pradesh,Anakapalli,Paravada,Payakarao Bonangi
Andhra Pradesh,Anakapalli,Paravada,Pedamadaka
Andhra Pradesh,Anakapalli,Paravada,Pedamusidivada
Andhra Pradesh,Anakapalli,Paravada,Pentaseema Bonangi
Andhra Pradesh,Anakapalli,Paravada,Pinamadaka
Andhra Pradesh,Anakapalli,Paravada,Ponnuruagraharam
Andhra Pradesh,Anakapalli,Paravada,P Sivarampuram
Andhra Pradesh,Anakapalli,Paravada,Ravada
Andhra Pradesh,Anakapalli,Paravada,Swayambuvaram
Andhra Pradesh,Anakapalli,Paravada,Thadi
Andhra Pradesh,Anakapalli,Paravada,Thanam
Andhra Pradesh,Anakapalli,Paravada,Vennelapalem
Andhra Pradesh,Anakapalli,Payakaraopeta,Aratla Kota
Andhra Pradesh,Anakapalli,Payakaraopeta,Edatam
Andhra Pradesh,Anakapalli,Payakaraopeta,Gopalapatnam
Andhra Pradesh,Anakapalli,Payakaraopeta,Guntapalle
Andhra Pradesh,Anakapalli,Payakaraopeta,Kandipudi
Andhra Pradesh,Anakapalli,Payakaraopeta,Kesavaram
Andhra Pradesh,Anakapalli,Payakaraopeta,Kumarapuram
Andhra Pradesh,Anakapalli,Payakaraopeta,Mangavaram
Andhra Pradesh,Anakapalli,Payakaraopeta,Masahebpeta
Andhra Pradesh,Anakapalli,Payakaraopeta,Namavaram
Andhra Pradesh,Anakapalli,Payakaraopeta,Padalavani Laxmipuram
Andhra Pradesh,Anakapalli,Payakaraopeta,Palteru
Andhra Pradesh,Anakapalli,Payakaraopeta,Payakaraopeta (Ct)
Andhra Pradesh,Anakapalli,Payakaraopeta,Pedaramabhadrapuram
Andhra Pradesh,Anakapalli,Payakaraopeta,Pentakota
Andhra Pradesh,Anakapalli,Payakaraopeta,Rajavaram
Andhra Pradesh,Anakapalli,Payakaraopeta,Satyavaram
Andhra Pradesh,Anakapalli,Payakaraopeta,S.Narasapuram
Andhra Pradesh,Anakapalli,Payakaraopeta,Srirampuram
Andhra Pradesh,Anakapalli,Rambilli,Anandapuram
Andhra Pradesh,Anakapalli,Rambilli,Chatametta
Andhra Pradesh,Anakapalli,Rambilli,Chebrolu Veerappa Konda
Andhra Pradesh,Anakapalli,Rambilli,Dimili
Andhra Pradesh,Anakapalli,Rambilli,Gokivada
Andhra Pradesh,Anakapalli,Rambilli,Gorapudi
Andhra Pradesh,Anakapalli,Rambilli,Gurjapalem
Andhra Pradesh,Anakapalli,Rambilli,Haripuram
Andhra Pradesh,Anakapalli,Rambilli,Kalavalapalle
Andhra Pradesh,Anakapalli,Rambilli,Kattabolu
Andhra Pradesh,Anakapalli,Rambilli,Koppingondapalem
Andhra Pradesh,Anakapalli,Rambilli,Kothuru
Andhra Pradesh,Anakapalli,Rambilli,Krishnampalem
Andhra Pradesh,Anakapalli,Rambilli,Kumarapalle
Andhra Pradesh,Anakapalli,Rambilli,Lalam Koduru
Andhra Pradesh,Anakapalli,Rambilli,Mamidivada
Andhra Pradesh,Anakapalli,Rambilli,Manyapuchintuva
Andhra Pradesh,Anakapalli,Rambilli,Marripalem
Andhra Pradesh,Anakapalli,Rambilli,Moturupalem
Andhra Pradesh,Anakapalli,Rambilli,Mulajampa
Andhra Pradesh,Anakapalli,Rambilli,Murakada
Andhra Pradesh,Anakapalli,Rambilli,Nakkapalem
Andhra Pradesh,Anakapalli,Rambilli,Narasapuram
Andhra Pradesh,Anakapalli,Rambilli,Panchadarla
Andhra Pradesh,Anakapalli,Rambilli,Peda Kalavalapalli
Andhra Pradesh,Anakapalli,Rambilli,Pudi
Andhra Pradesh,Anakapalli,Rambilli,Rajakoduru
Andhra Pradesh,Anakapalli,Rambilli,Rajala
Andhra Pradesh,Anakapalli,Rambilli,Rajala Agraharam
Andhra Pradesh,Anakapalli,Rambilli,Rambilli
Andhra Pradesh,Anakapalli,Rambilli,Sitapalem
Andhra Pradesh,Anakapalli,Rambilli,Velchuru
Andhra Pradesh,Anakapalli,Rambilli,Vijayarampuram Agraharam
Andhra Pradesh,Anakapalli,Rambilli,Zirayati Chintuva
Andhra Pradesh,Anakapalli,Ravikamatham,Badanapadu
Andhra Pradesh,Anakapalli,Ravikamatham,Buddibanda
Andhra Pradesh,Anakapalli,Ravikamatham,Chalisingam @ Demudukonda
Andhra Pradesh,Anakapalli,Ravikamatham,Cheemalapadu
Andhra Pradesh,Anakapalli,Ravikamatham,Chinapachila
Andhra Pradesh,Anakapalli,Ravikamatham,Dharmavaram
Andhra Pradesh,Anakapalli,Ravikamatham,Diddi
Andhra Pradesh,Anakapalli,Ravikamatham,Dondapudi
Andhra Pradesh,Anakapalli,Ravikamatham,Garnikam
Andhra Pradesh,Anakapalli,Ravikamatham,Gogamcheedipalle
Andhra Pradesh,Anakapalli,Ravikamatham,Gompa
Andhra Pradesh,Anakapalli,Ravikamatham,Guddipa
Andhra Pradesh,Anakapalli,Ravikamatham,Gudiwada
Andhra Pradesh,Anakapalli,Ravikamatham,Gummallapadu
Andhra Pradesh,Anakapalli,Ravikamatham,Kanada
Andhra Pradesh,Anakapalli,Ravikamatham,Kavagunta
Andhra Pradesh,Anakapalli,Ravikamatham,Komira
Andhra Pradesh,Anakapalli,Ravikamatham,Kothakota
Andhra Pradesh,Anakapalli,Ravikamatham,Kotnabilli
Andhra Pradesh,Anakapalli,Ravikamatham,Krishnabhupala Puram Agraharam
Andhra Pradesh,Anakapalli,Ravikamatham,Machchavanipalem
Andhra Pradesh,Anakapalli,Ravikamatham,Marrivalasa
Andhra Pradesh,Anakapalli,Ravikamatham,Marupaka
Andhra Pradesh,Anakapalli,Ravikamatham,Matsyapuram
Andhra Pradesh,Anakapalli,Ravikamatham,Medivada
Andhra Pradesh,Anakapalli,Ravikamatham,Pedapachila
Andhra Pradesh,Anakapalli,Ravikamatham,Pulakandam Ponavolu
Andhra Pradesh,Anakapalli,Ravikamatham,Ravikamatham
Andhra Pradesh,Anakapalli,Ravikamatham,T.Arjapuram
Andhra Pradesh,Anakapalli,Ravikamatham,Tattabanda
Andhra Pradesh,Anakapalli,Ravikamatham,Totakurapalem
Andhra Pradesh,Anakapalli,Ravikamatham,Z.Bennavaram
Andhra Pradesh,Anakapalli,Ravikamatham,Z.Kothapatnam
Andhra Pradesh,Anakapalli,Rolugunta,Addasaram
Andhra Pradesh,Anakapalli,Rolugunta,Arla
Andhra Pradesh,Anakapalli,Rolugunta,Benna Bhupala Patnam
Andhra Pradesh,Anakapalli,Rolugunta,Bottavanigaviram Peta
Andhra Pradesh,Anakapalli,Rolugunta,Butchampeta
Andhra Pradesh,Anakapalli,Rolugunta,Chintalapudi
Andhra Pradesh,Anakapalli,Rolugunta,Gangavaram
Andhra Pradesh,Anakapalli,Rolugunta,Gundubadu
Andhra Pradesh,Anakapalli,Rolugunta,Gurrampeta
Andhra Pradesh,Anakapalli,Rolugunta,Jaggampeta
Andhra Pradesh,Anakapalli,Rolugunta,Janakirampuram Agraharam
Andhra Pradesh,Anakapalli,Rolugunta,Kanchugummala
Andhra Pradesh,Anakapalli,Rolugunta,Komaravolu
Andhra Pradesh,Anakapalli,Rolugunta,Kondapalem
Andhra Pradesh,Anakapalli,Rolugunta,Konthalam
Andhra Pradesh,Anakapalli,Rolugunta,Koruprolu
Andhra Pradesh,Anakapalli,Rolugunta,Kovvuru
Andhra Pradesh,Anakapalli,Rolugunta,Kusarlapudi
Andhra Pradesh,Anakapalli,Rolugunta,Losingi
Andhra Pradesh,Anakapalli,Rolugunta,Mokhasa Kothapatnam
Andhra Pradesh,Anakapalli,Rolugunta,Nindugonda
Andhra Pradesh,Anakapalli,Rolugunta,Panasalapadu
Andhra Pradesh,Anakapalli,Rolugunta,Pedapeta
Andhra Pradesh,Anakapalli,Rolugunta,Rajannapeta
Andhra Pradesh,Anakapalli,Rolugunta,Ratnampeta
Andhra Pradesh,Anakapalli,Rolugunta,Rolugunta
Andhra Pradesh,Anakapalli,Rolugunta,Sarabavaram
Andhra Pradesh,Anakapalli,Rolugunta,Vaddippa
Andhra Pradesh,Anakapalli,Rolugunta,Vedullavalasa
Andhra Pradesh,Anakapalli,Rolugunta,Yerrabhupalapatnam
Andhra Pradesh,Anakapalli,Sabbavaram,Amrutapuram
Andhra Pradesh,Anakapalli,Sabbavaram,Anjanagiri
Andhra Pradesh,Anakapalli,Sabbavaram,Antakapalle
Andhra Pradesh,Anakapalli,Sabbavaram,Aripaka
Andhra Pradesh,Anakapalli,Sabbavaram,Asakapalle
Andhra Pradesh,Anakapalli,Sabbavaram,Ayyannapalem
Andhra Pradesh,Anakapalli,Sabbavaram,Bangarammapalem
Andhra Pradesh,Anakapalli,Sabbavaram,Batajangalapalem
Andhra Pradesh,Anakapalli,Sabbavaram,Boduvalasa
Andhra Pradesh,Anakapalli,Sabbavaram,Chintagatla Agraharam
Andhra Pradesh,Anakapalli,Sabbavaram,Dongalamarri Sitarampuram
Andhra Pradesh,Anakapalli,Sabbavaram,Elluppi
Andhra Pradesh,Anakapalli,Sabbavaram,Gali Bhimavaram
Andhra Pradesh,Anakapalli,Sabbavaram,Gangavaram
Andhra Pradesh,Anakapalli,Sabbavaram,Gollalapalem
Andhra Pradesh,Anakapalli,Sabbavaram,Gotivada
Andhra Pradesh,Anakapalli,Sabbavaram,Gullipalle
Andhra Pradesh,Anakapalli,Sabbavaram,Iruvada
Andhra Pradesh,Anakapalli,Sabbavaram,Lagisettipalem
Andhra Pradesh,Anakapalli,Sabbavaram,Mogalipuram
Andhra Pradesh,Anakapalli,Sabbavaram,Nallaregulapalem
Andhra Pradesh,Anakapalli,Sabbavaram,Nanginarapadu
Andhra Pradesh,Anakapalli,Sabbavaram,Narapadu
Andhra Pradesh,Anakapalli,Sabbavaram,Pydivada
Andhra Pradesh,Anakapalli,Sabbavaram,Pydivada Agraharam
Andhra Pradesh,Anakapalli,Sabbavaram,Rayapuram Agraharam
Andhra Pradesh,Anakapalli,Sabbavaram,Sabbavaram
Andhra Pradesh,Anakapalli,Sabbavaram,Sabbavaram Agraharam
Andhra Pradesh,Anakapalli,Sabbavaram,Sirasapalleadduru
Andhra Pradesh,Anakapalli,Sabbavaram,Tekkalipalem
Andhra Pradesh,Anakapalli,Sabbavaram,Vangali
Andhra Pradesh,Anakapalli,Sabbavaram,Vedullanarava
Andhra Pradesh,Anakapalli,Sabbavaram,Vippakaagraharam
Andhra Pradesh,Anakapalli,Sabbavaram,Yerukunaidupalem
Andhra Pradesh,Anakapalli,S.Rayavaram,Bheemavaram
Andhra Pradesh,Anakapalli,S.Rayavaram,Chinagummuluru
Andhra Pradesh,Anakapalli,S.Rayavaram,China Uppalam
Andhra Pradesh,Anakapalli,S.Rayavaram,Darlapudi
Andhra Pradesh,Anakapalli,S.Rayavaram,Dharmavaram Agraharam
Andhra Pradesh,Anakapalli,S.Rayavaram,Gudivada
Andhra Pradesh,Anakapalli,S.Rayavaram,Janguluruvelampalem
Andhra Pradesh,Anakapalli,S.Rayavaram,Karrivanipalem
Andhra Pradesh,Anakapalli,S.Rayavaram,Koruprolu
Andhra Pradesh,Anakapalli,S.Rayavaram,Lingarajupalem
Andhra Pradesh,Anakapalli,S.Rayavaram,Pedagummuluru
Andhra Pradesh,Anakapalli,S.Rayavaram,Peda Uppalam
Andhra Pradesh,Anakapalli,S.Rayavaram,Penugollu
Andhra Pradesh,Anakapalli,S.Rayavaram,Petasudipuram
Andhra Pradesh,Anakapalli,S.Rayavaram,Pettugollapalle
Andhra Pradesh,Anakapalli,S.Rayavaram,Sarvasiddi
Andhra Pradesh,Anakapalli,S.Rayavaram,S.Rayavaram
Andhra Pradesh,Anakapalli,S.Rayavaram,Thimmapuram
Andhra Pradesh,Anakapalli,S.Rayavaram,Upparapalle
Andhra Pradesh,Anakapalli,S.Rayavaram,Vakapadu
Andhra Pradesh,Anakapalli,S.Rayavaram,Vemagiri
Andhra Pradesh,Anakapalli,S.Rayavaram,Vommavaram
Andhra Pradesh,Anakapalli,Yelamanchili,Bayyavaram
Andhra Pradesh,Anakapalli,Yelamanchili,Eti Koppaka
Andhra Pradesh,Anakapalli,Yelamanchili,Gollagunta
Andhra Pradesh,Anakapalli,Yelamanchili,Jampapalem
Andhra Pradesh,Anakapalli,Yelamanchili,Kattupalem
Andhra Pradesh,Anakapalli,Yelamanchili,Kokkirapalle
Andhra Pradesh,Anakapalli,Yelamanchili,Krishnapuram
Andhra Pradesh,Anakapalli,Yelamanchili,Padmanabharaju Peta
Andhra Pradesh,Anakapalli,Yelamanchili,Pedapalli
Andhra Pradesh,Anakapalli,Yelamanchili,Pulaparthi
Andhra Pradesh,Anakapalli,Yelamanchili,Regupalem
Andhra Pradesh,Anakapalli,Yelamanchili,Somilingapalem
Andhra Pradesh,Anakapalli,Yelamanchili,Teruvupalle
Andhra Pradesh,Anakapalli,Yelamanchili,Thurangalapalem
Andhra Pradesh,Anakapalli,Yelamanchili,Yelamanchili (Ct)
Andhra Pradesh,Anakapalli,Yelamanchili,Yerravaram
Andhra Pradesh,Ananthapuramu,Anantapur Rural,Alamuru
Andhra Pradesh,Ananthapuramu,Anantapur Rural,Chiyyedu
Andhra Pradesh,Ananthapuramu,Anantapur Rural,Gollapalle
Andhra Pradesh,Ananthapuramu,Anantapur Rural,Itikalapalle
Andhra Pradesh,Ananthapuramu,Anantapur Rural,Jangalapalle
Andhra Pradesh,Ananthapuramu,Anantapur Rural,Kakkalapalle (Ct)
Andhra Pradesh,Ananthapuramu,Anantapur Rural,Kamarupalle
Andhra Pradesh,Ananthapuramu,Anantapur Rural,Kandakur
Andhra Pradesh,Ananthapuramu,Anantapur Rural,Katiganikalva
Andhra Pradesh,Ananthapuramu,Anantapur Rural,Kodimi
Andhra Pradesh,Ananthapuramu,Anantapur Rural,Kurugunta
Andhra Pradesh,Ananthapuramu,Anantapur Rural,Mannila
Andhra Pradesh,Ananthapuramu,Anantapur Rural,Papampeta (Ct)
Andhra Pradesh,Ananthapuramu,Anantapur Rural,Rachanapalle
Andhra Pradesh,Ananthapuramu,Anantapur Rural,Sajjalakalva
Andhra Pradesh,Ananthapuramu,Anantapur Rural,Somanadoddi
Andhra Pradesh,Ananthapuramu,Anantapur Rural,Thaticherla
Andhra Pradesh,Ananthapuramu,Anantapur Rural,Upparapalle
Andhra Pradesh,Ananthapuramu,Anantapur Urban,Anantapur (Ct)
Andhra Pradesh,Ananthapuramu,Anantapur Urban,Anantapur Rural
Andhra Pradesh,Ananthapuramu,Anantapur Urban,Narayanapuram (Ct)
Andhra Pradesh,Ananthapuramu,Atmakur,Atmakur
Andhra Pradesh,Ananthapuramu,Atmakur,Brahmana Yaleru
Andhra Pradesh,Ananthapuramu,Atmakur,Goridindla
Andhra Pradesh,Ananthapuramu,Atmakur,Madigubba
Andhra Pradesh,Ananthapuramu,Atmakur,Padamatiyaleru
Andhra Pradesh,Ananthapuramu,Atmakur,Sanapa
Andhra Pradesh,Ananthapuramu,Atmakur,Talupuru
Andhra Pradesh,Ananthapuramu,Atmakur,Thopudurthi
Andhra Pradesh,Ananthapuramu,Beluguppa,Ankampalle
Andhra Pradesh,Ananthapuramu,Beluguppa,Avulenna
Andhra Pradesh,Ananthapuramu,Beluguppa,Beluguppa
Andhra Pradesh,Ananthapuramu,Beluguppa,Budigumma
Andhra Pradesh,Ananthapuramu,Beluguppa,Duddekunta
Andhra Pradesh,Ananthapuramu,Beluguppa,Gangavaram
Andhra Pradesh,Ananthapuramu,Beluguppa,Kalvapalle
Andhra Pradesh,Ananthapuramu,Beluguppa,Konampalle
Andhra Pradesh,Ananthapuramu,Beluguppa,Narasapuram
Andhra Pradesh,Ananthapuramu,Beluguppa,Narinjagundlapalle
Andhra Pradesh,Ananthapuramu,Beluguppa,Seerpi
Andhra Pradesh,Ananthapuramu,Beluguppa,Sreerangapuram
Andhra Pradesh,Ananthapuramu,Beluguppa,Thagguparthy
Andhra Pradesh,Ananthapuramu,Beluguppa,Yerragudi
Andhra Pradesh,Ananthapuramu,Bommanahal,Bandur
Andhra Pradesh,Ananthapuramu,Bommanahal,Bollanaguddam
Andhra Pradesh,Ananthapuramu,Bommanahal,Bommanahal
Andhra Pradesh,Ananthapuramu,Bommanahal,D.Honnur
Andhra Pradesh,Ananthapuramu,Bommanahal,Elanji
Andhra Pradesh,Ananthapuramu,Bommanahal,Govindawada
Andhra Pradesh,Ananthapuramu,Bommanahal,Haresamudram
Andhra Pradesh,Ananthapuramu,Bommanahal,Kalludevanahalli
Andhra Pradesh,Ananthapuramu,Bommanahal,Kolaganahalli
Andhra Pradesh,Ananthapuramu,Bommanahal,Kuruvalli
Andhra Pradesh,Ananthapuramu,Bommanahal,Nemakallu
Andhra Pradesh,Ananthapuramu,Bommanahal,Siddarampuram
Andhra Pradesh,Ananthapuramu,Bommanahal,Singanahalli
Andhra Pradesh,Ananthapuramu,Bommanahal,Sreedharaghattu
Andhra Pradesh,Ananthapuramu,Bommanahal,Uddehal
Andhra Pradesh,Ananthapuramu,Bommanahal,Untakal
Andhra Pradesh,Ananthapuramu,Brahmasamudram,Bhairasamudram
Andhra Pradesh,Ananthapuramu,Brahmasamudram,Bhyravanithippa
Andhra Pradesh,Ananthapuramu,Brahmasamudram,Brahmasamudram
Andhra Pradesh,Ananthapuramu,Brahmasamudram,Chelimenahalli
Andhra Pradesh,Ananthapuramu,Brahmasamudram,Eradikera
Andhra Pradesh,Ananthapuramu,Brahmasamudram,Gundiganihalli
Andhra Pradesh,Ananthapuramu,Brahmasamudram,Kannepalle
Andhra Pradesh,Ananthapuramu,Brahmasamudram,Pillalapalle
Andhra Pradesh,Ananthapuramu,Brahmasamudram,Santhekondapuram
Andhra Pradesh,Ananthapuramu,Brahmasamudram,Theetakal
Andhra Pradesh,Ananthapuramu,Brahmasamudram,Vepalaparthy
Andhra Pradesh,Ananthapuramu,Brahmasamudram,West Kodipalle
Andhra Pradesh,Ananthapuramu,Brahmasamudram,Yerrakondapuram
Andhra Pradesh,Ananthapuramu,Bukkaraya Samudram,Bodiganidoddi
Andhra Pradesh,Ananthapuramu,Bukkaraya Samudram,Bukkarayasamudram
Andhra Pradesh,Ananthapuramu,Bukkaraya Samudram,Chedulla
Andhra Pradesh,Ananthapuramu,Bukkaraya Samudram,Chennampalle
Andhra Pradesh,Ananthapuramu,Bukkaraya Samudram,Chennarayunipalle
Andhra Pradesh,Ananthapuramu,Bukkaraya Samudram,Danduvaripalle
Andhra Pradesh,Ananthapuramu,Bukkaraya Samudram,Govindapalle
Andhra Pradesh,Ananthapuramu,Bukkaraya Samudram,Janthulur
Andhra Pradesh,Ananthapuramu,Bukkaraya Samudram,Kondakinda Agraharam
Andhra Pradesh,Ananthapuramu,Bukkaraya Samudram,Korrapadu
Andhra Pradesh,Ananthapuramu,Bukkaraya Samudram,Podaralla
Andhra Pradesh,Ananthapuramu,Bukkaraya Samudram,Reddipalle
Andhra Pradesh,Ananthapuramu,Bukkaraya Samudram,Siddampeta
Andhra Pradesh,Ananthapuramu,Bukkaraya Samudram,Siddarampuram
Andhra Pradesh,Ananthapuramu,D.Hirehal,D.Hirehal
Andhra Pradesh,Ananthapuramu,D.Hirehal,Dodagatta
Andhra Pradesh,Ananthapuramu,D.Hirehal,H.Hossahalli
Andhra Pradesh,Ananthapuramu,D.Hirehal,Hirdehal
Andhra Pradesh,Ananthapuramu,D.Hirehal,H.Siddapuram
Andhra Pradesh,Ananthapuramu,D.Hirehal,Hulikal
Andhra Pradesh,Ananthapuramu,D.Hirehal,Jajarakal
Andhra Pradesh,Ananthapuramu,D.Hirehal,Kadalur
Andhra Pradesh,Ananthapuramu,D.Hirehal,Kudulur
Andhra Pradesh,Ananthapuramu,D.Hirehal,Lakshmipuram
Andhra Pradesh,Ananthapuramu,D.Hirehal,Lingamanahalli
Andhra Pradesh,Ananthapuramu,D.Hirehal,Madenahalli
Andhra Pradesh,Ananthapuramu,D.Hirehal,Malapanagudi
Andhra Pradesh,Ananthapuramu,D.Hirehal,Muradi
Andhra Pradesh,Ananthapuramu,D.Hirehal,Nagalapuram
Andhra Pradesh,Ananthapuramu,D.Hirehal,Obulapuram
Andhra Pradesh,Ananthapuramu,D.Hirehal,Pulakurthi
Andhra Pradesh,Ananthapuramu,D.Hirehal,Somalapuram
Andhra Pradesh,Ananthapuramu,Garladinne,Ankampeta
Andhra Pradesh,Ananthapuramu,Garladinne,Budedu
Andhra Pradesh,Ananthapuramu,Garladinne,Garladinne
Andhra Pradesh,Ananthapuramu,Garladinne,Illuru
Andhra Pradesh,Ananthapuramu,Garladinne,Jambuladinne
Andhra Pradesh,Ananthapuramu,Garladinne,Kalluru
Andhra Pradesh,Ananthapuramu,Garladinne,Kalluru Agraharam
Andhra Pradesh,Ananthapuramu,Garladinne,Kanampalle
Andhra Pradesh,Ananthapuramu,Garladinne,Kesavapuram
Andhra Pradesh,Ananthapuramu,Garladinne,Koppalakonda
Andhra Pradesh,Ananthapuramu,Garladinne,Kotanka
Andhra Pradesh,Ananthapuramu,Garladinne,Krishnapuram
Andhra Pradesh,Ananthapuramu,Garladinne,Marthadu
Andhra Pradesh,Ananthapuramu,Garladinne,Muntimadugu
Andhra Pradesh,Ananthapuramu,Garladinne,Obulapuram
Andhra Pradesh,Ananthapuramu,Garladinne,Penakacherla
Andhra Pradesh,Ananthapuramu,Garladinne,Sirivaram
Andhra Pradesh,Ananthapuramu,Garladinne,Yerraguntla
Andhra Pradesh,Ananthapuramu,Gooty,Abbedoddi
Andhra Pradesh,Ananthapuramu,Gooty,Aniganidoddi
Andhra Pradesh,Ananthapuramu,Gooty,Basinepalle
Andhra Pradesh,Ananthapuramu,Gooty,Bethapalle
Andhra Pradesh,Ananthapuramu,Gooty,Brahmanapalle
Andhra Pradesh,Ananthapuramu,Gooty,Chetnepalli
Andhra Pradesh,Ananthapuramu,Gooty,Dharmapuram
Andhra Pradesh,Ananthapuramu,Gooty,Engilibanda
Andhra Pradesh,Ananthapuramu,Gooty,Erragudi
Andhra Pradesh,Ananthapuramu,Gooty,Eswarapalle
Andhra Pradesh,Ananthapuramu,Gooty,Gooty (Ct)
Andhra Pradesh,Ananthapuramu,Gooty,Gooty (Rural)
Andhra Pradesh,Ananthapuramu,Gooty,Jakkalacheruvu
Andhra Pradesh,Ananthapuramu,Gooty,Karadikonda
Andhra Pradesh,Ananthapuramu,Gooty,Kojjepalle
Andhra Pradesh,Ananthapuramu,Gooty,Kothapeta
Andhra Pradesh,Ananthapuramu,Gooty,Mamadur
Andhra Pradesh,Ananthapuramu,Gooty,Marnepalle
Andhra Pradesh,Ananthapuramu,Gooty,Peddoddi
Andhra Pradesh,Ananthapuramu,Gooty,Rajapuram
Andhra Pradesh,Ananthapuramu,Gooty,Thondapadu
Andhra Pradesh,Ananthapuramu,Gooty,Turakapalle
Andhra Pradesh,Ananthapuramu,Gooty,Ubicherla
Andhra Pradesh,Ananthapuramu,Gooty,Utakallu
Andhra Pradesh,Ananthapuramu,Gummagatta,Belodu
Andhra Pradesh,Ananthapuramu,Gummagatta,Bhupasamudram
Andhra Pradesh,Ananthapuramu,Gummagatta,Galagala
Andhra Pradesh,Ananthapuramu,Gummagatta,Gollapalle
Andhra Pradesh,Ananthapuramu,Gummagatta,Gummagatta
Andhra Pradesh,Ananthapuramu,Gummagatta,Kalugodu
Andhra Pradesh,Ananthapuramu,Gummagatta,Pulakunta
Andhra Pradesh,Ananthapuramu,Gummagatta,Rangasamudram
Andhra Pradesh,Ananthapuramu,Gummagatta,S.Hosahalli
Andhra Pradesh,Ananthapuramu,Gummagatta,Tallakera
Andhra Pradesh,Ananthapuramu,Gummagatta,Veerapuram
Andhra Pradesh,Ananthapuramu,Guntakal,Ameenpalle
Andhra Pradesh,Ananthapuramu,Guntakal,Ayyavaripalle
Andhra Pradesh,Ananthapuramu,Guntakal,Dancherla
Andhra Pradesh,Ananthapuramu,Guntakal,Donimukkala
Andhra Pradesh,Ananthapuramu,Guntakal,Dosaludiki
Andhra Pradesh,Ananthapuramu,Guntakal,Gundala
Andhra Pradesh,Ananthapuramu,Guntakal,Guntakal (R)
Andhra Pradesh,Ananthapuramu,Guntakal,Kasapuram
Andhra Pradesh,Ananthapuramu,Guntakal,Konganapalle
Andhra Pradesh,Ananthapuramu,Guntakal,Nagasamudram
Andhra Pradesh,Ananthapuramu,Guntakal,Nakkanadoddi
Andhra Pradesh,Ananthapuramu,Guntakal,Nelagonda
Andhra Pradesh,Ananthapuramu,Guntakal,Obulapuram
Andhra Pradesh,Ananthapuramu,Guntakal,Patha Kothachervu
Andhra Pradesh,Ananthapuramu,Guntakal,Sangala
Andhra Pradesh,Ananthapuramu,Guntakal,Sankarabanda
Andhra Pradesh,Ananthapuramu,Guntakal,Thimmanacherla
Andhra Pradesh,Ananthapuramu,Guntakal,Thimmapuram
Andhra Pradesh,Ananthapuramu,Guntakal,Yerrathimmarayachervu
Andhra Pradesh,Ananthapuramu,Kalyanadurg,Bedrahalli
Andhra Pradesh,Ananthapuramu,Kalyanadurg,Chapiri
Andhra Pradesh,Ananthapuramu,Kalyanadurg,Duradakunta
Andhra Pradesh,Ananthapuramu,Kalyanadurg,East Kodipalle
Andhra Pradesh,Ananthapuramu,Kalyanadurg,Garudapuram
Andhra Pradesh,Ananthapuramu,Kalyanadurg,Golla
Andhra Pradesh,Ananthapuramu,Kalyanadurg,Hulikal
Andhra Pradesh,Ananthapuramu,Kalyanadurg,Kalyandurg (Ct)
Andhra Pradesh,Ananthapuramu,Kalyanadurg,Kalyandurg (Rural)
Andhra Pradesh,Ananthapuramu,Kalyanadurg,Kurubarahalli
Andhra Pradesh,Ananthapuramu,Kalyanadurg,Manirevu
Andhra Pradesh,Ananthapuramu,Kalyanadurg,Muddinayanapalle
Andhra Pradesh,Ananthapuramu,Kalyanadurg,Mudigal
Andhra Pradesh,Ananthapuramu,Kalyanadurg,Palavoy
Andhra Pradesh,Ananthapuramu,Kalyanadurg,Thimmasamudram
Andhra Pradesh,Ananthapuramu,Kalyanadurg,Varli
Andhra Pradesh,Ananthapuramu,Kambadur,Chennampalle
Andhra Pradesh,Ananthapuramu,Kambadur,Gulyam
Andhra Pradesh,Ananthapuramu,Kambadur,Kambadur
Andhra Pradesh,Ananthapuramu,Kambadur,Karthanaparthi
Andhra Pradesh,Ananthapuramu,Kambadur,Kurakulapalle
Andhra Pradesh,Ananthapuramu,Kambadur,Mulakanur
Andhra Pradesh,Ananthapuramu,Kambadur,Nuthimadugu
Andhra Pradesh,Ananthapuramu,Kambadur,Pallur
Andhra Pradesh,Ananthapuramu,Kambadur,Ralla Anantapuram
Andhra Pradesh,Ananthapuramu,Kambadur,Rallapalle
Andhra Pradesh,Ananthapuramu,Kambadur,Ramapuram
Andhra Pradesh,Ananthapuramu,Kambadur,Thimmapuram
Andhra Pradesh,Ananthapuramu,Kanekal,Bennikal
Andhra Pradesh,Ananthapuramu,Kanekal,Bidurukontham
Andhra Pradesh,Ananthapuramu,Kanekal,Brahmasamudram
Andhra Pradesh,Ananthapuramu,Kanekal,Ganigera
Andhra Pradesh,Ananthapuramu,Kanekal,Garudachedu
Andhra Pradesh,Ananthapuramu,Kanekal,Hanakanahal
Andhra Pradesh,Ananthapuramu,Kanekal,Hulikera
Andhra Pradesh,Ananthapuramu,Kanekal,Kalekurthi
Andhra Pradesh,Ananthapuramu,Kanekal,Kanekal
Andhra Pradesh,Ananthapuramu,Kanekal,Malyam
Andhra Pradesh,Ananthapuramu,Kanekal,Meenahalli
Andhra Pradesh,Ananthapuramu,Kanekal,N.Hanumapuram
Andhra Pradesh,Ananthapuramu,Kanekal,Ratchumarri
Andhra Pradesh,Ananthapuramu,Kanekal,Sollapuram
Andhra Pradesh,Ananthapuramu,Kanekal,Thumbiganur
Andhra Pradesh,Ananthapuramu,Kanekal,Udegolam
Andhra Pradesh,Ananthapuramu,Kanekal,Yerragunta
Andhra Pradesh,Ananthapuramu,Kudair,Brahmanapalle
Andhra Pradesh,Ananthapuramu,Kudair,Cholasamudram
Andhra Pradesh,Ananthapuramu,Kudair,Gotukur
Andhra Pradesh,Ananthapuramu,Kudair,Ipperu
Andhra Pradesh,Ananthapuramu,Kudair,Jayapuram
Andhra Pradesh,Ananthapuramu,Kudair,Kalagalla
Andhra Pradesh,Ananthapuramu,Kudair,Kamuru
Andhra Pradesh,Ananthapuramu,Kudair,Korrakodu
Andhra Pradesh,Ananthapuramu,Kudair,Kudair
Andhra Pradesh,Ananthapuramu,Kudair,Marutla
Andhra Pradesh,Ananthapuramu,Kudair,Mavinamardhanahalli
Andhra Pradesh,Ananthapuramu,Kudair,Thimmapuram
Andhra Pradesh,Ananthapuramu,Kudair,Udiripikonda
Andhra Pradesh,Ananthapuramu,Kundurpi,Appilepalle
Andhra Pradesh,Ananthapuramu,Kundurpi,Basapuram
Andhra Pradesh,Ananthapuramu,Kundurpi,Bestharapalle
Andhra Pradesh,Ananthapuramu,Kundurpi,Jambugumpala
Andhra Pradesh,Ananthapuramu,Kundurpi,Kariganipalle
Andhra Pradesh,Ananthapuramu,Kundurpi,Kundurpi
Andhra Pradesh,Ananthapuramu,Kundurpi,Malayanur
Andhra Pradesh,Ananthapuramu,Kundurpi,Nijavalli
Andhra Pradesh,Ananthapuramu,Kundurpi,S.Mallapuram
Andhra Pradesh,Ananthapuramu,Kundurpi,Yenumaladoddi
Andhra Pradesh,Ananthapuramu,Narpala,Bandlapalle
Andhra Pradesh,Ananthapuramu,Narpala,Bondalawada
Andhra Pradesh,Ananthapuramu,Narpala,B.Pappuru
Andhra Pradesh,Ananthapuramu,Narpala,Chamaluru
Andhra Pradesh,Ananthapuramu,Narpala,Duggumarri
Andhra Pradesh,Ananthapuramu,Narpala,Durgam
Andhra Pradesh,Ananthapuramu,Narpala,Gugudu
Andhra Pradesh,Ananthapuramu,Narpala,Haveli Sodanapalle
Andhra Pradesh,Ananthapuramu,Narpala,Nadimidoddi
Andhra Pradesh,Ananthapuramu,Narpala,Narpala
Andhra Pradesh,Ananthapuramu,Narpala,Siddaracherla
Andhra Pradesh,Ananthapuramu,Narpala,Venkatampalle
Andhra Pradesh,Ananthapuramu,Pamidi,Akkajampalle
Andhra Pradesh,Ananthapuramu,Pamidi,Anumpalle
Andhra Pradesh,Ananthapuramu,Pamidi,Appajipeta
Andhra Pradesh,Ananthapuramu,Pamidi,Devarapalle
Andhra Pradesh,Ananthapuramu,Pamidi,Eddulapalle
Andhra Pradesh,Ananthapuramu,Pamidi,Edurur
Andhra Pradesh,Ananthapuramu,Pamidi,Gajarampalle
Andhra Pradesh,Ananthapuramu,Pamidi,Gulimikondla @ G.Kottala
Andhra Pradesh,Ananthapuramu,Pamidi,Kalapuram
Andhra Pradesh,Ananthapuramu,Pamidi,Kandlapalle
Andhra Pradesh,Ananthapuramu,Pamidi,Katrimala
Andhra Pradesh,Ananthapuramu,Pamidi,Khadarpeta
Andhra Pradesh,Ananthapuramu,Pamidi,Neelur
Andhra Pradesh,Ananthapuramu,Pamidi,Nemallapalle
Andhra Pradesh,Ananthapuramu,Pamidi,Palyam
Andhra Pradesh,Ananthapuramu,Pamidi,Pamidi
Andhra Pradesh,Ananthapuramu,Pamidi,Pogarur
Andhra Pradesh,Ananthapuramu,Pamidi,Ramagiri
Andhra Pradesh,Ananthapuramu,Pamidi,Ramarajupalle
Andhra Pradesh,Ananthapuramu,Pamidi,Sorakayalapeta
Andhra Pradesh,Ananthapuramu,Pamidi,Thamballapalle
Andhra Pradesh,Ananthapuramu,Pamidi,Vankarajukalva
Andhra Pradesh,Ananthapuramu,Peddapappur,Amalladinne
Andhra Pradesh,Ananthapuramu,Peddapappur,Athiralladinne
Andhra Pradesh,Ananthapuramu,Peddapappur,Chagallu
Andhra Pradesh,Ananthapuramu,Peddapappur,Chinnayakkaluru
Andhra Pradesh,Ananthapuramu,Peddapappur,Devanuppalapadu
Andhra Pradesh,Ananthapuramu,Peddapappur,Dharmapuram
Andhra Pradesh,Ananthapuramu,Peddapappur,Garladinne
Andhra Pradesh,Ananthapuramu,Peddapappur,Jodidharmapuram
Andhra Pradesh,Ananthapuramu,Peddapappur,Jutur
Andhra Pradesh,Ananthapuramu,Peddapappur,Kummetha
Andhra Pradesh,Ananthapuramu,Peddapappur,Muchukota
Andhra Pradesh,Ananthapuramu,Peddapappur,Narasapuram
Andhra Pradesh,Ananthapuramu,Peddapappur,Pasalur
Andhra Pradesh,Ananthapuramu,Peddapappur,Peddapappur
Andhra Pradesh,Ananthapuramu,Peddapappur,Peddayakkaluru
Andhra Pradesh,Ananthapuramu,Peddapappur,Pendekallu
Andhra Pradesh,Ananthapuramu,Peddapappur,Tabjula
Andhra Pradesh,Ananthapuramu,Peddavaduguru,Appecherla
Andhra Pradesh,Ananthapuramu,Peddavaduguru,Avulampalle
Andhra Pradesh,Ananthapuramu,Peddavaduguru,Chinnavadugur
Andhra Pradesh,Ananthapuramu,Peddavaduguru,Chintacheruvu
Andhra Pradesh,Ananthapuramu,Peddavaduguru,Chitrachedu
Andhra Pradesh,Ananthapuramu,Peddavaduguru,Chitturu
Andhra Pradesh,Ananthapuramu,Peddavaduguru,Dimmagudi
Andhra Pradesh,Ananthapuramu,Peddavaduguru,Gooty Ananta Puram
Andhra Pradesh,Ananthapuramu,Peddavaduguru,G. Venkatampalle
Andhra Pradesh,Ananthapuramu,Peddavaduguru,Kandlaguduru
Andhra Pradesh,Ananthapuramu,Peddavaduguru,Konapuram
Andhra Pradesh,Ananthapuramu,Peddavaduguru,Konduru
Andhra Pradesh,Ananthapuramu,Peddavaduguru,Kristipadu
Andhra Pradesh,Ananthapuramu,Peddavaduguru,Mallenipalle
Andhra Pradesh,Ananthapuramu,Peddavaduguru,Medimakulapalle
Andhra Pradesh,Ananthapuramu,Peddavaduguru,Miduthuru
Andhra Pradesh,Ananthapuramu,Peddavaduguru,Molakathalla
Andhra Pradesh,Ananthapuramu,Peddavaduguru,Muppalagutti
Andhra Pradesh,Ananthapuramu,Peddavaduguru,Nagalapuram
Andhra Pradesh,Ananthapuramu,Peddavaduguru,Peddavadugur
Andhra Pradesh,Ananthapuramu,Peddavaduguru,Penakalapadu
Andhra Pradesh,Ananthapuramu,Peddavaduguru,Ravuludiki
Andhra Pradesh,Ananthapuramu,Peddavaduguru,Teliki
Andhra Pradesh,Ananthapuramu,Peddavaduguru,Virupapuram
Andhra Pradesh,Ananthapuramu,Putlur,Arakativemula
Andhra Pradesh,Ananthapuramu,Putlur,Chalavemula
Andhra Pradesh,Ananthapuramu,Putlur,Cherlopalli
Andhra Pradesh,Ananthapuramu,Putlur,Chinnamallepalle
Andhra Pradesh,Ananthapuramu,Putlur,Chintakunta
Andhra Pradesh,Ananthapuramu,Putlur,Chintalapalle
Andhra Pradesh,Ananthapuramu,Putlur,Dosaledu
Andhra Pradesh,Ananthapuramu,Putlur,Ellutla
Andhra Pradesh,Ananthapuramu,Putlur,Gandlapadu
Andhra Pradesh,Ananthapuramu,Putlur,Kadavakallu
Andhra Pradesh,Ananthapuramu,Putlur,Kandikapula
Andhra Pradesh,Ananthapuramu,Putlur,Komatikuntla
Andhra Pradesh,Ananthapuramu,Putlur,Kummanamala
Andhra Pradesh,Ananthapuramu,Putlur,Madugupalle
Andhra Pradesh,Ananthapuramu,Putlur,Putlur
Andhra Pradesh,Ananthapuramu,Putlur,Sanagalaguduru
Andhra Pradesh,Ananthapuramu,Putlur,Surepalli
Andhra Pradesh,Ananthapuramu,Rapthadu,Bandameedapalle
Andhra Pradesh,Ananthapuramu,Rapthadu,Bommaparthy
Andhra Pradesh,Ananthapuramu,Rapthadu,Bukkacherla
Andhra Pradesh,Ananthapuramu,Rapthadu,Gandlaparthi
Andhra Pradesh,Ananthapuramu,Rapthadu,Gangulakunta
Andhra Pradesh,Ananthapuramu,Rapthadu,Gondireddipalle
Andhra Pradesh,Ananthapuramu,Rapthadu,Hampapuram
Andhra Pradesh,Ananthapuramu,Rapthadu,Maroor
Andhra Pradesh,Ananthapuramu,Rapthadu,Palacherla
Andhra Pradesh,Ananthapuramu,Rapthadu,Raptadu (Part)
Andhra Pradesh,Ananthapuramu,Rapthadu,Yerragunta
Andhra Pradesh,Ananthapuramu,Rayadurg,Avuladatla
Andhra Pradesh,Ananthapuramu,Rayadurg,Baginayakana Halli
Andhra Pradesh,Ananthapuramu,Rayadurg,Bondankal
Andhra Pradesh,Ananthapuramu,Rayadurg,Chadam
Andhra Pradesh,Ananthapuramu,Rayadurg,D.Kondapuram
Andhra Pradesh,Ananthapuramu,Rayadurg,Gramadatla
Andhra Pradesh,Ananthapuramu,Rayadurg,Junjurampalle
Andhra Pradesh,Ananthapuramu,Rayadurg,Kontanapalli
Andhra Pradesh,Ananthapuramu,Rayadurg,Mallapuram
Andhra Pradesh,Ananthapuramu,Rayadurg,Mechiri
Andhra Pradesh,Ananthapuramu,Rayadurg,Nagireddipalle
Andhra Pradesh,Ananthapuramu,Rayadurg,Rayadurgam
Andhra Pradesh,Ananthapuramu,Rayadurg,Udegolam
Andhra Pradesh,Ananthapuramu,Rayadurg,Vadrahonnur
Andhra Pradesh,Ananthapuramu,Rayadurg,Veparalla
Andhra Pradesh,Ananthapuramu,Settur,Adivigollapalle
Andhra Pradesh,Ananthapuramu,Settur,Ayyagarlapalle
Andhra Pradesh,Ananthapuramu,Settur,Bachchupalle
Andhra Pradesh,Ananthapuramu,Settur,Chintarlapalle
Andhra Pradesh,Ananthapuramu,Settur,Kamthanahalli
Andhra Pradesh,Ananthapuramu,Settur,Khairevu
Andhra Pradesh,Ananthapuramu,Settur,Lakshmanpalle
Andhra Pradesh,Ananthapuramu,Settur,Mulakaledu
Andhra Pradesh,Ananthapuramu,Settur,Settur
Andhra Pradesh,Ananthapuramu,Settur,Yatakal
Andhra Pradesh,Ananthapuramu,Singanamala,Akuledu
Andhra Pradesh,Ananthapuramu,Singanamala,Anandaraopeta
Andhra Pradesh,Ananthapuramu,Singanamala,Buddepalle
Andhra Pradesh,Ananthapuramu,Singanamala,Chakrayapeta
Andhra Pradesh,Ananthapuramu,Singanamala,Cheelapalle
Andhra Pradesh,Ananthapuramu,Singanamala,Chennavaram
Andhra Pradesh,Ananthapuramu,Singanamala,Joolakalva
Andhra Pradesh,Ananthapuramu,Singanamala,Kallumadi
Andhra Pradesh,Ananthapuramu,Singanamala,Karnatakampalle
Andhra Pradesh,Ananthapuramu,Singanamala,Korivipalle
Andhra Pradesh,Ananthapuramu,Singanamala,Lolur
Andhra Pradesh,Ananthapuramu,Singanamala,Matlagondi
Andhra Pradesh,Ananthapuramu,Singanamala,Narsapuram
Andhra Pradesh,Ananthapuramu,Singanamala,Nidhanawada
Andhra Pradesh,Ananthapuramu,Singanamala,Peddajalalpuram
Andhra Pradesh,Ananthapuramu,Singanamala,Peravali
Andhra Pradesh,Ananthapuramu,Singanamala,Rachepalle
Andhra Pradesh,Ananthapuramu,Singanamala,Salakamcheruvu
Andhra Pradesh,Ananthapuramu,Singanamala,Singanamala
Andhra Pradesh,Ananthapuramu,Singanamala,Sodanapalle
Andhra Pradesh,Ananthapuramu,Singanamala,Tarimela
Andhra Pradesh,Ananthapuramu,Singanamala,Ullikallu
Andhra Pradesh,Ananthapuramu,Tadipatri,Alur
Andhra Pradesh,Ananthapuramu,Tadipatri,Bhogasamudram
Andhra Pradesh,Ananthapuramu,Tadipatri,Bodaipalle
Andhra Pradesh,Ananthapuramu,Tadipatri,Bondaladinne
Andhra Pradesh,Ananthapuramu,Tadipatri,Brahmanapalle
Andhra Pradesh,Ananthapuramu,Tadipatri,Challavaripalle
Andhra Pradesh,Ananthapuramu,Tadipatri,Chinnapolamada
Andhra Pradesh,Ananthapuramu,Tadipatri,Chukkalur
Andhra Pradesh,Ananthapuramu,Tadipatri,Diguvapalle
Andhra Pradesh,Ananthapuramu,Tadipatri,Gangadevipalle
Andhra Pradesh,Ananthapuramu,Tadipatri,Husenapuram
Andhra Pradesh,Ananthapuramu,Tadipatri,Igudur
Andhra Pradesh,Ananthapuramu,Tadipatri,Jambulapadu
Andhra Pradesh,Ananthapuramu,Tadipatri,Kaverisamudram
Andhra Pradesh,Ananthapuramu,Tadipatri,Komali
Andhra Pradesh,Ananthapuramu,Tadipatri,Nandalapadu (R)
Andhra Pradesh,Ananthapuramu,Tadipatri,Peddapolamada
Andhra Pradesh,Ananthapuramu,Tadipatri,Puliproddatur
Andhra Pradesh,Ananthapuramu,Tadipatri,Sajjaladinne
Andhra Pradesh,Ananthapuramu,Tadipatri,Seetharampuram
Andhra Pradesh,Ananthapuramu,Tadipatri,Tadpatri (R)
Andhra Pradesh,Ananthapuramu,Tadipatri,Talaricheruvu
Andhra Pradesh,Ananthapuramu,Tadipatri,Uruchinthala
Andhra Pradesh,Ananthapuramu,Tadipatri,Vanganur
Andhra Pradesh,Ananthapuramu,Tadipatri,Veerapuram
Andhra Pradesh,Ananthapuramu,Tadipatri,Velamakur
Andhra Pradesh,Ananthapuramu,Tadipatri,Venkatampalle
Andhra Pradesh,Ananthapuramu,Uravakonda,Amidala
Andhra Pradesh,Ananthapuramu,Uravakonda,Budagavi
Andhra Pradesh,Ananthapuramu,Uravakonda,Chinna Musturu
Andhra Pradesh,Ananthapuramu,Uravakonda,Indravathi
Andhra Pradesh,Ananthapuramu,Uravakonda,Kondapuram
Andhra Pradesh,Ananthapuramu,Uravakonda,Lathavaram
Andhra Pradesh,Ananthapuramu,Uravakonda,Mopidi
Andhra Pradesh,Ananthapuramu,Uravakonda,Mylarampalle
Andhra Pradesh,Ananthapuramu,Uravakonda,Nerimetla
Andhra Pradesh,Ananthapuramu,Uravakonda,Nimbagal
Andhra Pradesh,Ananthapuramu,Uravakonda,Peddakowkuntla
Andhra Pradesh,Ananthapuramu,Uravakonda,Pedda Musturu
Andhra Pradesh,Ananthapuramu,Uravakonda,Pennahobilam
Andhra Pradesh,Ananthapuramu,Uravakonda,Racharla
Andhra Pradesh,Ananthapuramu,Uravakonda,Raketla
Andhra Pradesh,Ananthapuramu,Uravakonda,Rayampalle
Andhra Pradesh,Ananthapuramu,Uravakonda,Renimakulapalle
Andhra Pradesh,Ananthapuramu,Uravakonda,Shaiksanipalle
Andhra Pradesh,Ananthapuramu,Uravakonda,Uravakonda (Ct)
Andhra Pradesh,Ananthapuramu,Uravakonda,Veligonda
Andhra Pradesh,Ananthapuramu,Uravakonda,Vyasapuram
Andhra Pradesh,Ananthapuramu,Uravakonda,Y.Rampuram
Andhra Pradesh,Ananthapuramu,Vajrakarur,Chabala
Andhra Pradesh,Ananthapuramu,Vajrakarur,Chinna Hothur
Andhra Pradesh,Ananthapuramu,Vajrakarur,Gade Hothur
Andhra Pradesh,Ananthapuramu,Vajrakarur,Ganjikunta
Andhra Pradesh,Ananthapuramu,Vajrakarur,Gulapalem
Andhra Pradesh,Ananthapuramu,Vajrakarur,Jarutla Rampuram
Andhra Pradesh,Ananthapuramu,Vajrakarur,Kamalapadu
Andhra Pradesh,Ananthapuramu,Vajrakarur,Konakondla
Andhra Pradesh,Ananthapuramu,Vajrakarur,Pandikunta
Andhra Pradesh,Ananthapuramu,Vajrakarur,Patha Kadamalakunta
Andhra Pradesh,Ananthapuramu,Vajrakarur,Pedda Chinnapyapili
Andhra Pradesh,Ananthapuramu,Vajrakarur,Pottipadu
Andhra Pradesh,Ananthapuramu,Vajrakarur,Ragulapadu
Andhra Pradesh,Ananthapuramu,Vajrakarur,Thatrakal
Andhra Pradesh,Ananthapuramu,Vajrakarur,Vajrakarur
Andhra Pradesh,Ananthapuramu,Vajrakarur,Venkatampalle
Andhra Pradesh,Ananthapuramu,Vidapanakal,Cheekalaguriki
Andhra Pradesh,Ananthapuramu,Vidapanakal,Donekal
Andhra Pradesh,Ananthapuramu,Vidapanakal,Gadekal
Andhra Pradesh,Ananthapuramu,Vidapanakal,Hanchanahal
Andhra Pradesh,Ananthapuramu,Vidapanakal,Havaligi
Andhra Pradesh,Ananthapuramu,Vidapanakal,Kadadarabenchi
Andhra Pradesh,Ananthapuramu,Vidapanakal,Karakamukkala
Andhra Pradesh,Ananthapuramu,Vidapanakal,Malapuram
Andhra Pradesh,Ananthapuramu,Vidapanakal,N.Thimmapuram
Andhra Pradesh,Ananthapuramu,Vidapanakal,Palthur
Andhra Pradesh,Ananthapuramu,Vidapanakal,Poliki
Andhra Pradesh,Ananthapuramu,Vidapanakal,Undabanda
Andhra Pradesh,Ananthapuramu,Vidapanakal,Velpumadugu
Andhra Pradesh,Ananthapuramu,Vidapanakal,Vidapanakal
Andhra Pradesh,Ananthapuramu,Yadiki,Chandana
Andhra Pradesh,Ananthapuramu,Yadiki,Gudipadu
Andhra Pradesh,Ananthapuramu,Yadiki,Kamalapadu
Andhra Pradesh,Ananthapuramu,Yadiki,Konuppalapadu
Andhra Pradesh,Ananthapuramu,Yadiki,Kundanakota
Andhra Pradesh,Ananthapuramu,Yadiki,Nagarur
Andhra Pradesh,Ananthapuramu,Yadiki,Nittoor
Andhra Pradesh,Ananthapuramu,Yadiki,Obulapuram
Andhra Pradesh,Ananthapuramu,Yadiki,Puppala
Andhra Pradesh,Ananthapuramu,Yadiki,Rayalacheruvu
Andhra Pradesh,Ananthapuramu,Yadiki,Thimmapuram
Andhra Pradesh,Ananthapuramu,Yadiki,Tutrallapalle
Andhra Pradesh,Ananthapuramu,Yadiki,Vemulapadu
Andhra Pradesh,Ananthapuramu,Yadiki,Yadiki
Andhra Pradesh,Ananthapuramu,Yellanur,Aravedu
Andhra Pradesh,Ananthapuramu,Yellanur,Boppepalle
Andhra Pradesh,Ananthapuramu,Yellanur,Bukkapuram
Andhra Pradesh,Ananthapuramu,Yellanur,Chilamakuru
Andhra Pradesh,Ananthapuramu,Yellanur,Goddumarri
Andhra Pradesh,Ananthapuramu,Yellanur,Kacharlakunta
Andhra Pradesh,Ananthapuramu,Yellanur,Kalluru
Andhra Pradesh,Ananthapuramu,Yellanur,Kodumurthy
Andhra Pradesh,Ananthapuramu,Yellanur,Mallagundla
Andhra Pradesh,Ananthapuramu,Yellanur,Medukurthy
Andhra Pradesh,Ananthapuramu,Yellanur,Nitturu
Andhra Pradesh,Ananthapuramu,Yellanur,Pathapalle
Andhra Pradesh,Ananthapuramu,Yellanur,Peddamallepalle
Andhra Pradesh,Ananthapuramu,Yellanur,Singavaram
Andhra Pradesh,Ananthapuramu,Yellanur,Thirumalapuram
Andhra Pradesh,Ananthapuramu,Yellanur,Vemulapalle
Andhra Pradesh,Ananthapuramu,Yellanur,Vennapurapalle
Andhra Pradesh,Ananthapuramu,Yellanur,Y.Chintakayamanda
Andhra Pradesh,Ananthapuramu,Yellanur,Yellanur
Andhra Pradesh,Annamayya,Beerongi Kothakota,Badikayalapalle
Andhra Pradesh,Annamayya,Beerongi Kothakota,Bayyappagaripalle
Andhra Pradesh,Annamayya,Beerongi Kothakota,Beerangi
Andhra Pradesh,Annamayya,Beerongi Kothakota,B.Kothakota
Andhra Pradesh,Annamayya,Beerongi Kothakota,Gattu
Andhra Pradesh,Annamayya,Beerongi Kothakota,Gollapalle
Andhra Pradesh,Annamayya,Beerongi Kothakota,Gummasamudram
Andhra Pradesh,Annamayya,Beerongi Kothakota,Kotavooru
Andhra Pradesh,Annamayya,Beerongi Kothakota,Thummanamgutta
Andhra Pradesh,Annamayya,Chinnamandem,Bonamala
Andhra Pradesh,Annamayya,Chinnamandem,Chinnamandem
Andhra Pradesh,Annamayya,Chinnamandem,Devagudipalle
Andhra Pradesh,Annamayya,Chinnamandem,Diguvagottiveedu
Andhra Pradesh,Annamayya,Chinnamandem,Kalibanda
Andhra Pradesh,Annamayya,Chinnamandem,Mallur
Andhra Pradesh,Annamayya,Chinnamandem,Paramatikona
Andhra Pradesh,Annamayya,Chinnamandem,T.Sakibanda
Andhra Pradesh,Annamayya,Chinnamandem,Vandadi
Andhra Pradesh,Annamayya,Chitvel,Bhakrapuram
Andhra Pradesh,Annamayya,Chitvel,Cherlopalle
Andhra Pradesh,Annamayya,Chitvel,Chintala Chelika
Andhra Pradesh,Annamayya,Chitvel,Chitvel
Andhra Pradesh,Annamayya,Chitvel,Devamachupalle
Andhra Pradesh,Annamayya,Chitvel,Kalvavarikandrika
Andhra Pradesh,Annamayya,Chitvel,Kampasamudram
Andhra Pradesh,Annamayya,Chitvel,K.S.Agraharam
Andhra Pradesh,Annamayya,Chitvel,K.V.R.R. Puram
Andhra Pradesh,Annamayya,Chitvel,Maharajapuram @Siddareddipalle
Andhra Pradesh,Annamayya,Chitvel,Malemarpuram
Andhra Pradesh,Annamayya,Chitvel,Mallemadugu
Andhra Pradesh,Annamayya,Chitvel,Mylapalle
Andhra Pradesh,Annamayya,Chitvel,Nagavaram
Andhra Pradesh,Annamayya,Chitvel,Nagiripadu
Andhra Pradesh,Annamayya,Chitvel,Nethivaripalle
Andhra Pradesh,Annamayya,Chitvel,Rajukunta
Andhra Pradesh,Annamayya,Chitvel,Thimmayapalem
Andhra Pradesh,Annamayya,Chitvel,Thummakonda
Andhra Pradesh,Annamayya,Galiveedu,Araveedu
Andhra Pradesh,Annamayya,Galiveedu,Eguvagottiveedu
Andhra Pradesh,Annamayya,Galiveedu,Galiveedu
Andhra Pradesh,Annamayya,Galiveedu,Garugupalle
Andhra Pradesh,Annamayya,Galiveedu,Gopanapalle
Andhra Pradesh,Annamayya,Galiveedu,Gundlacheruvu
Andhra Pradesh,Annamayya,Galiveedu,Korlakunta
Andhra Pradesh,Annamayya,Galiveedu,Nooliveedu
Andhra Pradesh,Annamayya,Galiveedu,Pandikunta
Andhra Pradesh,Annamayya,Galiveedu,Pulikunta
Andhra Pradesh,Annamayya,Galiveedu,Pyarampalle
Andhra Pradesh,Annamayya,Galiveedu,Talamudipi
Andhra Pradesh,Annamayya,Galiveedu,Thumukunta
Andhra Pradesh,Annamayya,Galiveedu,Veligallu
Andhra Pradesh,Annamayya,Gurramkonda,Amilepalle
Andhra Pradesh,Annamayya,Gurramkonda,Arigalavaripalle
Andhra Pradesh,Annamayya,Gurramkonda,Cherlopalle
Andhra Pradesh,Annamayya,Gurramkonda,Chittiboyanapalle
Andhra Pradesh,Annamayya,Gurramkonda,Gurramkonda
Andhra Pradesh,Annamayya,Gurramkonda,Khandriga
Andhra Pradesh,Annamayya,Gurramkonda,Marrimakulapalle
Andhra Pradesh,Annamayya,Gurramkonda,Marripadu
Andhra Pradesh,Annamayya,Gurramkonda,Nadimikhandriga
Andhra Pradesh,Annamayya,Gurramkonda,Pasalavandla Palle
Andhra Pradesh,Annamayya,Gurramkonda,Ramapuram
Andhra Pradesh,Annamayya,Gurramkonda,Sangasamudram
Andhra Pradesh,Annamayya,Gurramkonda,Sarimadugu
Andhra Pradesh,Annamayya,Gurramkonda,Setlivaripalle
Andhra Pradesh,Annamayya,Gurramkonda,Tharigonda
Andhra Pradesh,Annamayya,Gurramkonda,Tharigondarajupalle
Andhra Pradesh,Annamayya,Gurramkonda,Yellutla
Andhra Pradesh,Annamayya,Kalakada,Devalapalle
Andhra Pradesh,Annamayya,Kalakada,Enugondapalem
Andhra Pradesh,Annamayya,Kalakada,Gangapuram
Andhra Pradesh,Annamayya,Kalakada,Gudibanda
Andhra Pradesh,Annamayya,Kalakada,Kadirayacheruvu
Andhra Pradesh,Annamayya,Kalakada,Kalakada
Andhra Pradesh,Annamayya,Kalakada,Kalakadadoddi Palle
Andhra Pradesh,Annamayya,Kalakada,Kalakadakothapalle
Andhra Pradesh,Annamayya,Kalakada,Kona
Andhra Pradesh,Annamayya,Kalakada,Madinenipalem
Andhra Pradesh,Annamayya,Kalakada,Mudiamvaripalle
Andhra Pradesh,Annamayya,Kalakada,Nadimicherla
Andhra Pradesh,Annamayya,Kalakada,Nawabpet
Andhra Pradesh,Annamayya,Kalakada,Pothavaripalle
Andhra Pradesh,Annamayya,Kalakada,Ratiguntapalle
Andhra Pradesh,Annamayya,Kalakada,Yerrakotapalle
Andhra Pradesh,Annamayya,Kalikiri,Cheekatipalle
Andhra Pradesh,Annamayya,Kalikiri,Gundloor
Andhra Pradesh,Annamayya,Kalikiri,Guttapalem
Andhra Pradesh,Annamayya,Kalikiri,Kalikiri
Andhra Pradesh,Annamayya,Kalikiri,Kalikirireddivari Palle
Andhra Pradesh,Annamayya,Kalikiri,Korlakunta
Andhra Pradesh,Annamayya,Kalikiri,Mahal
Andhra Pradesh,Annamayya,Kalikiri,Marrikuntapalle
Andhra Pradesh,Annamayya,Kalikiri,Medikurthi
Andhra Pradesh,Annamayya,Kalikiri,Munellapalle
Andhra Pradesh,Annamayya,Kalikiri,Pallavolu
Andhra Pradesh,Annamayya,Kalikiri,Parapatla
Andhra Pradesh,Annamayya,Kalikiri,Pathegada
Andhra Pradesh,Annamayya,Kalikiri,T.Sandrapalle
Andhra Pradesh,Annamayya,Kambhamvaripalle,Boppasamudram
Andhra Pradesh,Annamayya,Kambhamvaripalle,Galivaripalle
Andhra Pradesh,Annamayya,Kambhamvaripalle,Garnimitta
Andhra Pradesh,Annamayya,Kambhamvaripalle,Gorantlapalle
Andhra Pradesh,Annamayya,Kambhamvaripalle,Gyarampalle
Andhra Pradesh,Annamayya,Kambhamvaripalle,Hissapalle
Andhra Pradesh,Annamayya,Kambhamvaripalle,Jillellamanda
Andhra Pradesh,Annamayya,Kambhamvaripalle,Kambhamvaripalle
Andhra Pradesh,Annamayya,Kambhamvaripalle,Kasireddipalle
Andhra Pradesh,Annamayya,Kambhamvaripalle,Kethamreddipalle
Andhra Pradesh,Annamayya,Kambhamvaripalle,Maddipatlavandlapalle
Andhra Pradesh,Annamayya,Kambhamvaripalle,Mahalrajupalle
Andhra Pradesh,Annamayya,Kambhamvaripalle,Marella
Andhra Pradesh,Annamayya,Kambhamvaripalle,Matampalle
Andhra Pradesh,Annamayya,Kambhamvaripalle,Noothanakalva
Andhra Pradesh,Annamayya,Kambhamvaripalle,Sorakayalapet
Andhra Pradesh,Annamayya,Kambhamvaripalle,Theethavagunta Palle
Andhra Pradesh,Annamayya,Kambhamvaripalle,Thimmapuram
Andhra Pradesh,Annamayya,Kambhamvaripalle,Thuvvapalle
Andhra Pradesh,Annamayya,Kambhamvaripalle,Vagalla
Andhra Pradesh,Annamayya,Kambhamvaripalle,Yerlampalle
Andhra Pradesh,Annamayya,Kodur,Anantharajupeta
Andhra Pradesh,Annamayya,Kodur,Chiyyavaram
Andhra Pradesh,Annamayya,Kodur,Gangarajupuram
Andhra Pradesh,Annamayya,Kodur,K.Buduguntapalle
Andhra Pradesh,Annamayya,Kodur,Kitchamambapuram Agraharam
Andhra Pradesh,Annamayya,Kodur,Kodur (East)
Andhra Pradesh,Annamayya,Kodur,Kodur (West)
Andhra Pradesh,Annamayya,Kodur,Obanapalle
Andhra Pradesh,Annamayya,Kodur,Raghavarajupuram
Andhra Pradesh,Annamayya,Kodur,Settigunta
Andhra Pradesh,Annamayya,Kodur,Srinivasapuram
Andhra Pradesh,Annamayya,Kodur,Upparapalle
Andhra Pradesh,Annamayya,Kodur,Vasudevapuram
Andhra Pradesh,Annamayya,Kodur,Vellelavari Khandrika
Andhra Pradesh,Annamayya,Kurabalakota,Angallu
Andhra Pradesh,Annamayya,Kurabalakota,Brahmanavoddu Palle
Andhra Pradesh,Annamayya,Kurabalakota,Kurabalakota
Andhra Pradesh,Annamayya,Kurabalakota,Matlivaripalle
Andhra Pradesh,Annamayya,Kurabalakota,Mudivedu
Andhra Pradesh,Annamayya,Kurabalakota,Mutakanavaripalle
Andhra Pradesh,Annamayya,Kurabalakota,Pitchalavandla Palle
Andhra Pradesh,Annamayya,Kurabalakota,Thettu
Andhra Pradesh,Annamayya,Lakkireddipalli,Ananthapuram
Andhra Pradesh,Annamayya,Lakkireddipalli,Brahmana Yerragudi
Andhra Pradesh,Annamayya,Lakkireddipalli,Dappepalle
Andhra Pradesh,Annamayya,Lakkireddipalli,Dinnepadu
Andhra Pradesh,Annamayya,Lakkireddipalli,Gudlavaripalle
Andhra Pradesh,Annamayya,Lakkireddipalli,Kakulavaram
Andhra Pradesh,Annamayya,Lakkireddipalli,Kurnoothala
Andhra Pradesh,Annamayya,Lakkireddipalli,Lakkireddipalle
Andhra Pradesh,Annamayya,Lakkireddipalli,Maddirevula
Andhra Pradesh,Annamayya,Lakkireddipalli,Naraharibhatla Palle
Andhra Pradesh,Annamayya,Lakkireddipalli,Pandillapalle
Andhra Pradesh,Annamayya,Lakkireddipalli,Somabotlapalle
Andhra Pradesh,Annamayya,Madanapalle,Ankisettipalle (Og)
Andhra Pradesh,Annamayya,Madanapalle,Bandameedakammapalle
Andhra Pradesh,Annamayya,Madanapalle,Basinikonda (Part)
Andhra Pradesh,Annamayya,Madanapalle,Chinnathippasamudram
Andhra Pradesh,Annamayya,Madanapalle,Chippili (Og)
Andhra Pradesh,Annamayya,Madanapalle,Kammapalle
Andhra Pradesh,Annamayya,Madanapalle,Kasiraopeta
Andhra Pradesh,Annamayya,Madanapalle,Kollabylu (Part)
Andhra Pradesh,Annamayya,Madanapalle,Kothavaripalle
Andhra Pradesh,Annamayya,Madanapalle,Madanapalle (R) (Part)
Andhra Pradesh,Annamayya,Madanapalle,Malepadu
Andhra Pradesh,Annamayya,Madanapalle,Molakaladinne
Andhra Pradesh,Annamayya,Madanapalle,Pamaiahgaripalle (Og)
Andhra Pradesh,Annamayya,Madanapalle,Pappireddipalle (Og)
Andhra Pradesh,Annamayya,Madanapalle,Penchupadu
Andhra Pradesh,Annamayya,Madanapalle,Ponnetipalem (Og) (Part)
Andhra Pradesh,Annamayya,Madanapalle,Pothapalu
Andhra Pradesh,Annamayya,Madanapalle,Theneegalavaripalle
Andhra Pradesh,Annamayya,Madanapalle,Valasapalle
Andhra Pradesh,Annamayya,Madanapalle,Vempalle
Andhra Pradesh,Annamayya,Madanapalle,Venkappakota (Og)
Andhra Pradesh,Annamayya,Mulakalacheruvu,Burakayalakota
Andhra Pradesh,Annamayya,Mulakalacheruvu,Chennaiahgaripalle
Andhra Pradesh,Annamayya,Mulakalacheruvu,Chennappagaripalle
Andhra Pradesh,Annamayya,Mulakalacheruvu,Devalcheruvu
Andhra Pradesh,Annamayya,Mulakalacheruvu,Devarapalle
Andhra Pradesh,Annamayya,Mulakalacheruvu,Gudupalle
Andhra Pradesh,Annamayya,Mulakalacheruvu,Kadirinathunikota
Andhra Pradesh,Annamayya,Mulakalacheruvu,Kalavapalle
Andhra Pradesh,Annamayya,Mulakalacheruvu,Maddinayanipalle
Andhra Pradesh,Annamayya,Mulakalacheruvu,Marellagadda
Andhra Pradesh,Annamayya,Mulakalacheruvu,Mulakalacheruvu
Andhra Pradesh,Annamayya,Mulakalacheruvu,Nadigaddathimmanapalle
Andhra Pradesh,Annamayya,Mulakalacheruvu,Nayanicheruvupalle
Andhra Pradesh,Annamayya,Mulakalacheruvu,Peddapalem
Andhra Pradesh,Annamayya,Mulakalacheruvu,Sompalle
Andhra Pradesh,Annamayya,Mulakalacheruvu,T.Sowdasamudram
Andhra Pradesh,Annamayya,Mulakalacheruvu,Vepurikota
Andhra Pradesh,Annamayya,Nandalur,Adapur
Andhra Pradesh,Annamayya,Nandalur,Chintalakunta
Andhra Pradesh,Annamayya,Nandalur,Jangalapalle
Andhra Pradesh,Annamayya,Nandalur,Komarunipalle
Andhra Pradesh,Annamayya,Nandalur,Kommuru
Andhra Pradesh,Annamayya,Nandalur,Konapuram
Andhra Pradesh,Annamayya,Nandalur,Kunda Nellore
Andhra Pradesh,Annamayya,Nandalur,Lebaka
Andhra Pradesh,Annamayya,Nandalur,Lebaka Manga Mamba Puram
Andhra Pradesh,Annamayya,Nandalur,Nagireddipalle (Ct)
Andhra Pradesh,Annamayya,Nandalur,Nallathimmayapalle
Andhra Pradesh,Annamayya,Nandalur,Nandalur
Andhra Pradesh,Annamayya,Nandalur,Nookinenipalle
Andhra Pradesh,Annamayya,Nandalur,Patur
Andhra Pradesh,Annamayya,Nandalur,Pothapi
Andhra Pradesh,Annamayya,Nandalur,Ramamambapuram
Andhra Pradesh,Annamayya,Nandalur,Rangayapalle
Andhra Pradesh,Annamayya,Nandalur,Tanguturu
Andhra Pradesh,Annamayya,Nandalur,Tangutur Vengamambapuram
Andhra Pradesh,Annamayya,Nandalur,Thimmarajupalle
Andhra Pradesh,Annamayya,Nandalur,Yellamarajupalle
Andhra Pradesh,Annamayya,Nimmanapalle,Agraharam
Andhra Pradesh,Annamayya,Nimmanapalle,Bandlapai
Andhra Pradesh,Annamayya,Nimmanapalle,Chowkillavaripalle
Andhra Pradesh,Annamayya,Nimmanapalle,Machireddigaripalle
Andhra Pradesh,Annamayya,Nimmanapalle,Mastur
Andhra Pradesh,Annamayya,Nimmanapalle,Nimmanapalle
Andhra Pradesh,Annamayya,Nimmanapalle,Rachavetivaripalle
Andhra Pradesh,Annamayya,Nimmanapalle,Reddivaripalle
Andhra Pradesh,Annamayya,Nimmanapalle,Thavalam
Andhra Pradesh,Annamayya,Nimmanapalle,Vengamvaripalle
Andhra Pradesh,Annamayya,Obulavaripalle,Bommavaram
Andhra Pradesh,Annamayya,Obulavaripalle,Botimeedapalle
Andhra Pradesh,Annamayya,Obulavaripalle,Chinna Orampadu
Andhra Pradesh,Annamayya,Obulavaripalle,Gadela
Andhra Pradesh,Annamayya,Obulavaripalle,Gobburuvaripalle
Andhra Pradesh,Annamayya,Obulavaripalle,Govindampalle
Andhra Pradesh,Annamayya,Obulavaripalle,Jillelamadaka
Andhra Pradesh,Annamayya,Obulavaripalle,Korlakunta
Andhra Pradesh,Annamayya,Obulavaripalle,Mangampeta (Ct)
Andhra Pradesh,Annamayya,Obulavaripalle,Mukkavaripalle
Andhra Pradesh,Annamayya,Obulavaripalle,Nukanapalle
Andhra Pradesh,Annamayya,Obulavaripalle,Pedda Rampadu
Andhra Pradesh,Annamayya,Obulavaripalle,Rallacheruvupalle
Andhra Pradesh,Annamayya,Obulavaripalle,Venkatesapuram
Andhra Pradesh,Annamayya,Obulavaripalle,Yerraguntakota
Andhra Pradesh,Annamayya,Peddamandyam,Bandrevu
Andhra Pradesh,Annamayya,Peddamandyam,Diguvapalle
Andhra Pradesh,Annamayya,Peddamandyam,Kalicherla
Andhra Pradesh,Annamayya,Peddamandyam,Musalikunta
Andhra Pradesh,Annamayya,Peddamandyam,Papepalle
Andhra Pradesh,Annamayya,Peddamandyam,Peddamandyam
Andhra Pradesh,Annamayya,Peddamandyam,Siddavaram
Andhra Pradesh,Annamayya,Peddamandyam,Sivapuram
Andhra Pradesh,Annamayya,Peddamandyam,Veligallu
Andhra Pradesh,Annamayya,Pedda Thippasamudram,Amallabandakota
Andhra Pradesh,Annamayya,Pedda Thippasamudram,Ananthapuram
Andhra Pradesh,Annamayya,Pedda Thippasamudram,Boorlapalle
Andhra Pradesh,Annamayya,Pedda Thippasamudram,Buchipalle
Andhra Pradesh,Annamayya,Pedda Thippasamudram,Chinnaponguppalle
Andhra Pradesh,Annamayya,Pedda Thippasamudram,Jagadamvaripalle
Andhra Pradesh,Annamayya,Pedda Thippasamudram,Kamsalavandla Palle
Andhra Pradesh,Annamayya,Pedda Thippasamudram,Kandukuru
Andhra Pradesh,Annamayya,Pedda Thippasamudram,Katnagallu
Andhra Pradesh,Annamayya,Pedda Thippasamudram,Maddaiahgaripalle
Andhra Pradesh,Annamayya,Pedda Thippasamudram,Madunuru
Andhra Pradesh,Annamayya,Pedda Thippasamudram,Mallela
Andhra Pradesh,Annamayya,Pedda Thippasamudram,Pattamvandlapalle
Andhra Pradesh,Annamayya,Pedda Thippasamudram,Peddathippasamudram
Andhra Pradesh,Annamayya,Pedda Thippasamudram,Pulikallu
Andhra Pradesh,Annamayya,Pedda Thippasamudram,Rangasamudram
Andhra Pradesh,Annamayya,Pedda Thippasamudram,Sampathikota
Andhra Pradesh,Annamayya,Pedda Thippasamudram,Thummarakunta
Andhra Pradesh,Annamayya,Pedda Thippasamudram,T.Sadum
Andhra Pradesh,Annamayya,Penagalur,Damancherla
Andhra Pradesh,Annamayya,Penagalur,Girijamambapuram
Andhra Pradesh,Annamayya,Penagalur,Indlur
Andhra Pradesh,Annamayya,Penagalur,Itimarpuram
Andhra Pradesh,Annamayya,Penagalur,Jattivaripalle
Andhra Pradesh,Annamayya,Penagalur,Kambalakunta
Andhra Pradesh,Annamayya,Penagalur,Komantharajupuram
Andhra Pradesh,Annamayya,Penagalur,Kondur
Andhra Pradesh,Annamayya,Penagalur,Konduruchinraya Samudram
Andhra Pradesh,Annamayya,Penagalur,Nallapureddipalle
Andhra Pradesh,Annamayya,Penagalur,Narasingarajupuram
Andhra Pradesh,Annamayya,Penagalur,Narayana Nellore
Andhra Pradesh,Annamayya,Penagalur,Obili
Andhra Pradesh,Annamayya,Penagalur,Penagalur
Andhra Pradesh,Annamayya,Penagalur,Penagalur Agraharam
Andhra Pradesh,Annamayya,Penagalur,Pondalur
Andhra Pradesh,Annamayya,Penagalur,Pondalurvenkatampalle
Andhra Pradesh,Annamayya,Penagalur,Siddavaram
Andhra Pradesh,Annamayya,Penagalur,Singanamala
Andhra Pradesh,Annamayya,Penagalur,Singanamalachennarayasamudram
Andhra Pradesh,Annamayya,Penagalur,Singanamalavengamambapuram
Andhra Pradesh,Annamayya,Penagalur,Singareddipalle
Andhra Pradesh,Annamayya,Penagalur,Sirivaram
Andhra Pradesh,Annamayya,Penagalur,Thimmamambapuram
Andhra Pradesh,Annamayya,Penagalur,Thirumalarajupeta
Andhra Pradesh,Annamayya,Penagalur,Thirunampalle
Andhra Pradesh,Annamayya,Penagalur,Velagacherla
Andhra Pradesh,Annamayya,Penagalur,Yelagacherla Mangamambapuram
Andhra Pradesh,Annamayya,Pileru,Agraharam
Andhra Pradesh,Annamayya,Pileru,Avuvaripalle
Andhra Pradesh,Annamayya,Pileru,Bodumalluvaripalle
Andhra Pradesh,Annamayya,Pileru,Doddipalle
Andhra Pradesh,Annamayya,Pileru,Gudarevupalle
Andhra Pradesh,Annamayya,Pileru,Jandla
Andhra Pradesh,Annamayya,Pileru,Kavalipalle
Andhra Pradesh,Annamayya,Pileru,Maddelacheruvu
Andhra Pradesh,Annamayya,Pileru,Mellacheruvu
Andhra Pradesh,Annamayya,Pileru,Mudupulavemula
Andhra Pradesh,Annamayya,Pileru,Pileru (Ct)
Andhra Pradesh,Annamayya,Pileru,Regullu
Andhra Pradesh,Annamayya,Pileru,Talupula
Andhra Pradesh,Annamayya,Pileru,Vepulabylu
Andhra Pradesh,Annamayya,Pileru,Yerraguntlapalle
Andhra Pradesh,Annamayya,Pullampeta,A.Channamambapuram
Andhra Pradesh,Annamayya,Pullampeta,Anantaiahgaripalle
Andhra Pradesh,Annamayya,Pullampeta,Ananthasamudram
Andhra Pradesh,Annamayya,Pullampeta,Apparajupeta
Andhra Pradesh,Annamayya,Pullampeta,Dalavaipalle
Andhra Pradesh,Annamayya,Pullampeta,Dandlopalle
Andhra Pradesh,Annamayya,Pullampeta,Devasamudram
Andhra Pradesh,Annamayya,Pullampeta,Garalamadugu
Andhra Pradesh,Annamayya,Pullampeta,Immanur
Andhra Pradesh,Annamayya,Pullampeta,Ketharajupalle
Andhra Pradesh,Annamayya,Pullampeta,Kommanavaripalle
Andhra Pradesh,Annamayya,Pullampeta,Kothapalle Agraharam
Andhra Pradesh,Annamayya,Pullampeta,Perigavaram
Andhra Pradesh,Annamayya,Pullampeta,Pullampeta
Andhra Pradesh,Annamayya,Pullampeta,Puthanavaripalle
Andhra Pradesh,Annamayya,Pullampeta,Ramasamudram
Andhra Pradesh,Annamayya,Pullampeta,Rangampalle
Andhra Pradesh,Annamayya,Pullampeta,Reddipalle
Andhra Pradesh,Annamayya,Pullampeta,Sreerangarajupalem
Andhra Pradesh,Annamayya,Pullampeta,Thippayapalle
Andhra Pradesh,Annamayya,Pullampeta,Thiruvengalanatharajapuram
Andhra Pradesh,Annamayya,Pullampeta,Utukuruchalivendla
Andhra Pradesh,Annamayya,Pullampeta,Utukuru Venkatampalle
Andhra Pradesh,Annamayya,Pullampeta,Vallurupalle
Andhra Pradesh,Annamayya,Pullampeta,Vathalur
Andhra Pradesh,Annamayya,Rajampet,Akepadu
Andhra Pradesh,Annamayya,Rajampet,Anantharajupuram
Andhra Pradesh,Annamayya,Rajampet,Bahirajapalle
Andhra Pradesh,Annamayya,Rajampet,Brahmanapalle
Andhra Pradesh,Annamayya,Rajampet,Gopamambapuram
Andhra Pradesh,Annamayya,Rajampet,Gundluru
Andhra Pradesh,Annamayya,Rajampet,Hastavaram
Andhra Pradesh,Annamayya,Rajampet,Kitchamambapuram
Andhra Pradesh,Annamayya,Rajampet,Kothapalle
Andhra Pradesh,Annamayya,Rajampet,Madanagopalapuram
Andhra Pradesh,Annamayya,Rajampet,Mandapalle
Andhra Pradesh,Annamayya,Rajampet,Mannur
Andhra Pradesh,Annamayya,Rajampet,Mittameedapalle
Andhra Pradesh,Annamayya,Rajampet,Poli
Andhra Pradesh,Annamayya,Rajampet,Pulapathuru
Andhra Pradesh,Annamayya,Rajampet,Rajampet (R) (Part)
Andhra Pradesh,Annamayya,Rajampet,R.Buduguntapalle
Andhra Pradesh,Annamayya,Rajampet,Rollamadugu
Andhra Pradesh,Annamayya,Rajampet,Seshamambapuram
Andhra Pradesh,Annamayya,Rajampet,Sitarampuram
Andhra Pradesh,Annamayya,Rajampet,Srirangarajapuram
Andhra Pradesh,Annamayya,Rajampet,Tallapaka
Andhra Pradesh,Annamayya,Rajampet,Utukur
Andhra Pradesh,Annamayya,Ramapuram,Bandlapalle
Andhra Pradesh,Annamayya,Ramapuram,Chitlur
Andhra Pradesh,Annamayya,Ramapuram,Gopagudipalle
Andhra Pradesh,Annamayya,Ramapuram,Guvvalacheruvu
Andhra Pradesh,Annamayya,Ramapuram,Hasanapuram
Andhra Pradesh,Annamayya,Ramapuram,Kalpanayunicheruvu
Andhra Pradesh,Annamayya,Ramapuram,Nallaguttapalle
Andhra Pradesh,Annamayya,Ramapuram,Neelakantharaopeta
Andhra Pradesh,Annamayya,Ramapuram,Pothukurupalle
Andhra Pradesh,Annamayya,Ramapuram,Rachapalle
Andhra Pradesh,Annamayya,Ramapuram,Saraswathipalle
Andhra Pradesh,Annamayya,Ramapuram,Suddamalla
Andhra Pradesh,Annamayya,Ramasamudram,Arikela
Andhra Pradesh,Annamayya,Ramasamudram,Chembakur
Andhra Pradesh,Annamayya,Ramasamudram,Chokkandlapalle
Andhra Pradesh,Annamayya,Ramasamudram,Elavanellore
Andhra Pradesh,Annamayya,Ramasamudram,Kappalle
Andhra Pradesh,Annamayya,Ramasamudram,Kudurucheemanapalle
Andhra Pradesh,Annamayya,Ramasamudram,Kurijala
Andhra Pradesh,Annamayya,Ramasamudram,Malenatham
Andhra Pradesh,Annamayya,Ramasamudram,Miniki
Andhra Pradesh,Annamayya,Ramasamudram,Moogavadi
Andhra Pradesh,Annamayya,Ramasamudram,Nariganipalle
Andhra Pradesh,Annamayya,Ramasamudram,Peddakurapalle
Andhra Pradesh,Annamayya,Ramasamudram,Ramasamudram
Andhra Pradesh,Annamayya,Ramasamudram,R.Nadimpalle
Andhra Pradesh,Annamayya,Ramasamudram,Voolapadu
Andhra Pradesh,Annamayya,Rayachoti,Abbavaram
Andhra Pradesh,Annamayya,Rayachoti,Botlacheruvu
Andhra Pradesh,Annamayya,Rayachoti,Chennamukkapalle (Ct)
Andhra Pradesh,Annamayya,Rayachoti,Cherlopalle
Andhra Pradesh,Annamayya,Rayachoti,Dullavaripalle
Andhra Pradesh,Annamayya,Rayachoti,Gorlamudiveedu
Andhra Pradesh,Annamayya,Rayachoti,Guntimadugu
Andhra Pradesh,Annamayya,Rayachoti,Indukurupalle
Andhra Pradesh,Annamayya,Rayachoti,Kasbagollapalle
Andhra Pradesh,Annamayya,Rayachoti,Katimayakunta
Andhra Pradesh,Annamayya,Rayachoti,Madhavaram
Andhra Pradesh,Annamayya,Rayachoti,Masapet (R)
Andhra Pradesh,Annamayya,Rayachoti,Peddakalvapalle
Andhra Pradesh,Annamayya,Rayachoti,Pemmadapalle
Andhra Pradesh,Annamayya,Rayachoti,Rayachoti
Andhra Pradesh,Annamayya,Rayachoti,Sibyala
Andhra Pradesh,Annamayya,Rayachoti,Syamalavaripalle
Andhra Pradesh,Annamayya,Rayachoti,Yandapalle
Andhra Pradesh,Annamayya,Rayachoti,Yerranagupalle
Andhra Pradesh,Annamayya,Sambepalle,Devapatla
Andhra Pradesh,Annamayya,Sambepalle,Dudyala
Andhra Pradesh,Annamayya,Sambepalle,Gunnikuntla
Andhra Pradesh,Annamayya,Sambepalle,Guriginjakunta
Andhra Pradesh,Annamayya,Sambepalle,Guttapalle
Andhra Pradesh,Annamayya,Sambepalle,Motakatla
Andhra Pradesh,Annamayya,Sambepalle,Narayanareddipalle
Andhra Pradesh,Annamayya,Sambepalle,Routhukunta
Andhra Pradesh,Annamayya,Sambepalle,Sambepalle
Andhra Pradesh,Annamayya,Sambepalle,Settipalle
Andhra Pradesh,Annamayya,Sambepalle,Sho.Somavaram
Andhra Pradesh,Annamayya,Thamballapalle,Diguvapalem
Andhra Pradesh,Annamayya,Thamballapalle,Eddulavaripalle
Andhra Pradesh,Annamayya,Thamballapalle,Gangireddipalle
Andhra Pradesh,Annamayya,Thamballapalle,Gopidinne
Andhra Pradesh,Annamayya,Thamballapalle,Gundlapalle
Andhra Pradesh,Annamayya,Thamballapalle,Kannemadugu
Andhra Pradesh,Annamayya,Thamballapalle,Kosuvaripalle
Andhra Pradesh,Annamayya,Thamballapalle,Kotakonda
Andhra Pradesh,Annamayya,Thamballapalle,Kotala
Andhra Pradesh,Annamayya,Thamballapalle,Kotlapalle
Andhra Pradesh,Annamayya,Thamballapalle,Kukkarajupalle
Andhra Pradesh,Annamayya,Thamballapalle,Marrimakulapalle
Andhra Pradesh,Annamayya,Thamballapalle,Panchalamarri
Andhra Pradesh,Annamayya,Thamballapalle,Renimakulapalle
Andhra Pradesh,Annamayya,Thamballapalle,Thamballapalle
Andhra Pradesh,Annamayya,Thamballapalle,Yerrasanipalle
Andhra Pradesh,Annamayya,Thamballapalle,Zunjurupenta
Andhra Pradesh,Annamayya,T.Sundupalle,Akkampalle
Andhra Pradesh,Annamayya,T.Sundupalle,Bhagampalle
Andhra Pradesh,Annamayya,T.Sundupalle,Chinnaiahgaripalle
Andhra Pradesh,Annamayya,T.Sundupalle,Gundlapalle
Andhra Pradesh,Annamayya,T.Sundupalle,Madithadu
Andhra Pradesh,Annamayya,T.Sundupalle,Mudampadu
Andhra Pradesh,Annamayya,T.Sundupalle,Peddinenikalva
Andhra Pradesh,Annamayya,T.Sundupalle,Perumallaiahgaripalle
Andhra Pradesh,Annamayya,T.Sundupalle,Polimerapalle
Andhra Pradesh,Annamayya,T.Sundupalle,Rayavaram
Andhra Pradesh,Annamayya,T.Sundupalle,Reddivaripalle
Andhra Pradesh,Annamayya,T.Sundupalle,Thimmasamudram
Andhra Pradesh,Annamayya,T.Sundupalle,T Sundupalle
Andhra Pradesh,Annamayya,T.Sundupalle,Yerramanenipalem
Andhra Pradesh,Annamayya,Valmikipuram,Aramadaka
Andhra Pradesh,Annamayya,Valmikipuram,Ayyavaripalle
Andhra Pradesh,Annamayya,Valmikipuram,Budidavedu
Andhra Pradesh,Annamayya,Valmikipuram,Chintaparthi
Andhra Pradesh,Annamayya,Valmikipuram,Chinthalavaripalle
Andhra Pradesh,Annamayya,Valmikipuram,Gandaboyanapalle
Andhra Pradesh,Annamayya,Valmikipuram,Jammallapalle
Andhra Pradesh,Annamayya,Valmikipuram,Jarravaripalle
Andhra Pradesh,Annamayya,Valmikipuram,Kuraparthi
Andhra Pradesh,Annamayya,Valmikipuram,Manchuru
Andhra Pradesh,Annamayya,Valmikipuram,Mugalamarri
Andhra Pradesh,Annamayya,Valmikipuram,Nagarimadugu
Andhra Pradesh,Annamayya,Valmikipuram,Thatiguntapalle
Andhra Pradesh,Annamayya,Valmikipuram,T.Sakirevupalle
Andhra Pradesh,Annamayya,Valmikipuram,Valmikipuram
Andhra Pradesh,Annamayya,Valmikipuram,Velagapalle
Andhra Pradesh,Annamayya,Valmikipuram,Vittalam
Andhra Pradesh,Annamayya,Veeraballe,Gadikota
Andhra Pradesh,Annamayya,Veeraballe,Matli
Andhra Pradesh,Annamayya,Veeraballe,Odiveedu
Andhra Pradesh,Annamayya,Veeraballe,Peddiveedu
Andhra Pradesh,Annamayya,Veeraballe,Sanipaya
Andhra Pradesh,Annamayya,Veeraballe,Somavaram
Andhra Pradesh,Annamayya,Veeraballe,Veeraballe
Andhra Pradesh,Annamayya,Veeraballe,Vongimalla
Andhra Pradesh,Annamayya,Veeraballe,Yadaballe
Andhra Pradesh,Bapatla,Addanki,Addanki (North) (U)
Andhra Pradesh,Bapatla,Addanki,Addanki (South) (U)
Andhra Pradesh,Bapatla,Addanki,Bommanampadu
Andhra Pradesh,Bapatla,Addanki,Chakraya Palem
Andhra Pradesh,Bapatla,Addanki,Chinakotha Palle
Andhra Pradesh,Bapatla,Addanki,Dharmavaram
Andhra Pradesh,Bapatla,Addanki,Dhenuva Konda
Andhra Pradesh,Bapatla,Addanki,Gopalapuram
Andhra Pradesh,Bapatla,Addanki,Kalavakuru
Andhra Pradesh,Bapatla,Addanki,Kotikalapudi
Andhra Pradesh,Bapatla,Addanki,Kunkupadu
Andhra Pradesh,Bapatla,Addanki,Mani Keswaram
Andhra Pradesh,Bapatla,Addanki,Modepalle
Andhra Pradesh,Bapatla,Addanki,Mylavaram
Andhra Pradesh,Bapatla,Addanki,Nannurupadu
Andhra Pradesh,Bapatla,Addanki,Narasimha Puram
Andhra Pradesh,Bapatla,Addanki,Ramayapalem (U)
Andhra Pradesh,Bapatla,Addanki,Uppalapadu
Andhra Pradesh,Bapatla,Addanki,Vemparala
Andhra Pradesh,Bapatla,Amarthalur,Amruthalur
Andhra Pradesh,Bapatla,Amarthalur,Bodapadu
Andhra Pradesh,Bapatla,Amarthalur,Govada
Andhra Pradesh,Bapatla,Amarthalur,Intur
Andhra Pradesh,Bapatla,Amarthalur,Koditadiparru
Andhra Pradesh,Bapatla,Amarthalur,Kuchipudi
Andhra Pradesh,Bapatla,Amarthalur,Moparru
Andhra Pradesh,Bapatla,Amarthalur,Mulpur
Andhra Pradesh,Bapatla,Amarthalur,Panchalavaram
Andhra Pradesh,Bapatla,Amarthalur,Peddapudi
Andhra Pradesh,Bapatla,Amarthalur,Pyaparru
Andhra Pradesh,Bapatla,Amarthalur,Thurumella
Andhra Pradesh,Bapatla,Amarthalur,Yelavarru
Andhra Pradesh,Bapatla,Ballikurava,Ballikurava
Andhra Pradesh,Bapatla,Ballikurava,Chennupalle
Andhra Pradesh,Bapatla,Ballikurava,Gorre Padu
Andhra Pradesh,Bapatla,Ballikurava,Guntupalle
Andhra Pradesh,Bapatla,Ballikurava,Konidena
Andhra Pradesh,Bapatla,Ballikurava,Koppera Padu
Andhra Pradesh,Bapatla,Ballikurava,Koppera Palem
Andhra Pradesh,Bapatla,Ballikurava,Kukatla Palle
Andhra Pradesh,Bapatla,Ballikurava,Mukteswaram
Andhra Pradesh,Bapatla,Ballikurava,Sankaralingam Gudipadu
Andhra Pradesh,Bapatla,Ballikurava,Uppumaguluru
Andhra Pradesh,Bapatla,Ballikurava,Vaidana
Andhra Pradesh,Bapatla,Ballikurava,Valla Palle
Andhra Pradesh,Bapatla,Ballikurava,Vemavaram
Andhra Pradesh,Bapatla,Bapatla,Adivi
Andhra Pradesh,Bapatla,Bapatla,Appikatla
Andhra Pradesh,Bapatla,Bapatla,Bapatla East (R)
Andhra Pradesh,Bapatla,Bapatla,Bapatla West (R)
Andhra Pradesh,Bapatla,Bapatla,Bharthipudi
Andhra Pradesh,Bapatla,Bapatla,Cheruvu
Andhra Pradesh,Bapatla,Bapatla,Etheru
Andhra Pradesh,Bapatla,Bapatla,Gopapuram
Andhra Pradesh,Bapatla,Bapatla,Gudipudi
Andhra Pradesh,Bapatla,Bapatla,Jammulapalem
Andhra Pradesh,Bapatla,Bapatla,Jillellamudi
Andhra Pradesh,Bapatla,Bapatla,Kankatapalem
Andhra Pradesh,Bapatla,Bapatla,Maruproluvaripalem (R)
Andhra Pradesh,Bapatla,Bapatla,Mulapalem
Andhra Pradesh,Bapatla,Bapatla,Murukondapadu
Andhra Pradesh,Bapatla,Bapatla,Narasayapalem
Andhra Pradesh,Bapatla,Bapatla,Neredupalle
Andhra Pradesh,Bapatla,Bapatla,Palaparthipadu
Andhra Pradesh,Bapatla,Bapatla,Poondla
Andhra Pradesh,Bapatla,Bapatla,Velicherla
Andhra Pradesh,Bapatla,Bhattiprolu,Addepalli
Andhra Pradesh,Bapatla,Bhattiprolu,Bhattiprolu
Andhra Pradesh,Bapatla,Bhattiprolu,Gorigapudi
Andhra Pradesh,Bapatla,Bhattiprolu,Konetipuram
Andhra Pradesh,Bapatla,Bhattiprolu,Oleru
Andhra Pradesh,Bapatla,Bhattiprolu,Pallekona
Andhra Pradesh,Bapatla,Bhattiprolu,Pedalanka
Andhra Pradesh,Bapatla,Bhattiprolu,Pedapulivarru
Andhra Pradesh,Bapatla,Bhattiprolu,Pesarlanka
Andhra Pradesh,Bapatla,Bhattiprolu,Sivangulapalem
Andhra Pradesh,Bapatla,Bhattiprolu,Surepalle
Andhra Pradesh,Bapatla,Bhattiprolu,Vellaturu
Andhra Pradesh,Bapatla,Cherukupalli,Arepalle
Andhra Pradesh,Bapatla,Cherukupalli,Arumbaka
Andhra Pradesh,Bapatla,Cherukupalli,Balusulapalem
Andhra Pradesh,Bapatla,Cherukupalli,Gudavalli
Andhra Pradesh,Bapatla,Cherukupalli,Kanagala
Andhra Pradesh,Bapatla,Cherukupalli,Kavuru
Andhra Pradesh,Bapatla,Cherukupalli,Nadimpalle
Andhra Pradesh,Bapatla,Cherukupalli,Ponnapalle
Andhra Pradesh,Bapatla,Cherukupalli,Rajavolu
Andhra Pradesh,Bapatla,Cherukupalli,Rambhotlapalem
Andhra Pradesh,Bapatla,Chinaganjam,Chinaganjam
Andhra Pradesh,Bapatla,Chinaganjam,Chinthagum Palle
Andhra Pradesh,Bapatla,Chinaganjam,Gonasapudi
Andhra Pradesh,Bapatla,Chinaganjam,Kadavakuduru
Andhra Pradesh,Bapatla,Chinaganjam,Motu Palle
Andhra Pradesh,Bapatla,Chinaganjam,Pedaganjam
Andhra Pradesh,Bapatla,Chinaganjam,Santharavuru
Andhra Pradesh,Bapatla,Chirala,Chirala (Ct)
Andhra Pradesh,Bapatla,Chirala,Gavinivari Palem
Andhra Pradesh,Bapatla,Chirala,Ipuru Palem (Part)
Andhra Pradesh,Bapatla,Chirala,Perala
Andhra Pradesh,Bapatla,Chirala,Wada
Andhra Pradesh,Bapatla,Inkollu,Bhimavaram
Andhra Pradesh,Bapatla,Inkollu,Duddukur
Andhra Pradesh,Bapatla,Inkollu,Ganga Varam
Andhra Pradesh,Bapatla,Inkollu,Idupulapadu
Andhra Pradesh,Bapatla,Inkollu,Inkollu
Andhra Pradesh,Bapatla,Inkollu,Koniki
Andhra Pradesh,Bapatla,Inkollu,Nagandla
Andhra Pradesh,Bapatla,Inkollu,Pavulur
Andhra Pradesh,Bapatla,Inkollu,Pusapadu
Andhra Pradesh,Bapatla,J.Pangulur,Alavalapadu
Andhra Pradesh,Bapatla,J.Pangulur,Budavada
Andhra Pradesh,Bapatla,J.Pangulur,Bytamanjulur
Andhra Pradesh,Bapatla,J.Pangulur,Chandalur
Andhra Pradesh,Bapatla,J.Pangulur,Janakavaram Panguluru
Andhra Pradesh,Bapatla,J.Pangulur,Kasyapuram
Andhra Pradesh,Bapatla,J.Pangulur,Konda Manjulur
Andhra Pradesh,Bapatla,J.Pangulur,Kondamur
Andhra Pradesh,Bapatla,J.Pangulur,Kotapadu
Andhra Pradesh,Bapatla,J.Pangulur,Muppavaram
Andhra Pradesh,Bapatla,J.Pangulur,Nuzendla Palle
Andhra Pradesh,Bapatla,J.Pangulur,Ramakuru
Andhra Pradesh,Bapatla,J.Pangulur,Reningavaram
Andhra Pradesh,Bapatla,J.Pangulur,Thurpu Koppera Padu
Andhra Pradesh,Bapatla,J.Pangulur,Thurpu Thakkella Padu
Andhra Pradesh,Bapatla,Karamchedu,Audi Pudi
Andhra Pradesh,Bapatla,Karamchedu,Daggubadu
Andhra Pradesh,Bapatla,Karamchedu,Karamchedu
Andhra Pradesh,Bapatla,Karamchedu,Kesavarappadu
Andhra Pradesh,Bapatla,Karamchedu,Kodavalivari Palem
Andhra Pradesh,Bapatla,Karamchedu,Kunkalamarru
Andhra Pradesh,Bapatla,Karamchedu,Swarna
Andhra Pradesh,Bapatla,Karlapalem,Buddam
Andhra Pradesh,Bapatla,Karlapalem,Ganapavaram
Andhra Pradesh,Bapatla,Karlapalem,Karlapalem
Andhra Pradesh,Bapatla,Karlapalem,Perali
Andhra Pradesh,Bapatla,Karlapalem,Yazali
Andhra Pradesh,Bapatla,Kolluru,Ananthavaram
Andhra Pradesh,Bapatla,Kolluru,Boddulurupadu
Andhra Pradesh,Bapatla,Kolluru,Chilumuru
Andhra Pradesh,Bapatla,Kolluru,Chinapulivarru
Andhra Pradesh,Bapatla,Kolluru,Donepudi
Andhra Pradesh,Bapatla,Kolluru,Gajullanka
Andhra Pradesh,Bapatla,Kolluru,Gurivindapalle
Andhra Pradesh,Bapatla,Kolluru,Ipur
Andhra Pradesh,Bapatla,Kolluru,Kollur
Andhra Pradesh,Bapatla,Kolluru,Pedalanka
Andhra Pradesh,Bapatla,Kolluru,Potharlanka
Andhra Pradesh,Bapatla,Kolluru,Ravikampadu
Andhra Pradesh,Bapatla,Korisapadu,Anamanamur
Andhra Pradesh,Bapatla,Korisapadu,Bodduvani Palem
Andhra Pradesh,Bapatla,Korisapadu,Dyvala Ravuru
Andhra Pradesh,Bapatla,Korisapadu,Korisapadu
Andhra Pradesh,Bapatla,Korisapadu,Pamidi Padu
Andhra Pradesh,Bapatla,Korisapadu,Pichikalagudipadu
Andhra Pradesh,Bapatla,Korisapadu,Prasangula Padu
Andhra Pradesh,Bapatla,Korisapadu,Rachapudi
Andhra Pradesh,Bapatla,Korisapadu,Ravinuthala
Andhra Pradesh,Bapatla,Korisapadu,Somavarappadu
Andhra Pradesh,Bapatla,Martur,Bobbe Palle
Andhra Pradesh,Bapatla,Martur,Bolla Palle
Andhra Pradesh,Bapatla,Martur,Darsiagraharam
Andhra Pradesh,Bapatla,Martur,Dronadula
Andhra Pradesh,Bapatla,Martur,Jangamaheswarapuram
Andhra Pradesh,Bapatla,Martur,Jonna Thali Agraharam
Andhra Pradesh,Bapatla,Martur,Kolala Pudi
Andhra Pradesh,Bapatla,Martur,Konanki
Andhra Pradesh,Bapatla,Martur,Lakkavaram Agraharam
Andhra Pradesh,Bapatla,Martur,Martur
Andhra Pradesh,Bapatla,Martur,Nagaraju Palle
Andhra Pradesh,Bapatla,Martur,Rajupalem
Andhra Pradesh,Bapatla,Martur,Valaparla
Andhra Pradesh,Bapatla,Nagaram,Allaparru
Andhra Pradesh,Bapatla,Nagaram,Dhulipudi
Andhra Pradesh,Bapatla,Nagaram,Edupalle
Andhra Pradesh,Bapatla,Nagaram,Eletipalem
Andhra Pradesh,Bapatla,Nagaram,Nagaram
Andhra Pradesh,Bapatla,Nagaram,Pamidimarru
Andhra Pradesh,Bapatla,Nagaram,Pedamatlapudi
Andhra Pradesh,Bapatla,Nagaram,Pedapalle
Andhra Pradesh,Bapatla,Nagaram,Peddavaram
Andhra Pradesh,Bapatla,Nagaram,Pudiwada
Andhra Pradesh,Bapatla,Nagaram,Siripudi
Andhra Pradesh,Bapatla,Nagaram,Sivangulapalem
Andhra Pradesh,Bapatla,Nagaram,Thotapalle
Andhra Pradesh,Bapatla,Nizampatnam,Adavuladeevi
Andhra Pradesh,Bapatla,Nizampatnam,Amudalapalli
Andhra Pradesh,Bapatla,Nizampatnam,Dindi
Andhra Pradesh,Bapatla,Nizampatnam,Kuchinapudi
Andhra Pradesh,Bapatla,Nizampatnam,Muthupalle Agraharam
Andhra Pradesh,Bapatla,Nizampatnam,Nizampatnam
Andhra Pradesh,Bapatla,Nizampatnam,Pallapatla
Andhra Pradesh,Bapatla,Nizampatnam,Pregnam
Andhra Pradesh,Bapatla,Parchur,Adusumalle
Andhra Pradesh,Bapatla,Parchur,Bodawadamandagunta
Andhra Pradesh,Bapatla,Parchur,Chennubhotla Palem
Andhra Pradesh,Bapatla,Parchur,Cherukuru
Andhra Pradesh,Bapatla,Parchur,Devara Palle
Andhra Pradesh,Bapatla,Parchur,Edubadu
Andhra Pradesh,Bapatla,Parchur,Garnepudi
Andhra Pradesh,Bapatla,Parchur,Gollapudi
Andhra Pradesh,Bapatla,Parchur,Inagallu
Andhra Pradesh,Bapatla,Parchur,Nuthalapadu
Andhra Pradesh,Bapatla,Parchur,Parchur
Andhra Pradesh,Bapatla,Parchur,Ramanayapalem
Andhra Pradesh,Bapatla,Parchur,Upputur
Andhra Pradesh,Bapatla,Parchur,Veeranna Palem
Andhra Pradesh,Bapatla,Pittalavanipalem,Allur
Andhra Pradesh,Bapatla,Pittalavanipalem,Chandole
Andhra Pradesh,Bapatla,Pittalavanipalem,Khajipalem
Andhra Pradesh,Bapatla,Pittalavanipalem,Komali
Andhra Pradesh,Bapatla,Pittalavanipalem,Pittalavanipalem
Andhra Pradesh,Bapatla,Pittalavanipalem,Sangupalem Kodur
Andhra Pradesh,Bapatla,Repalle,Aravapalle
Andhra Pradesh,Bapatla,Repalle,Bethapudi
Andhra Pradesh,Bapatla,Repalle,Chatragadda
Andhra Pradesh,Bapatla,Repalle,Chodayapalem
Andhra Pradesh,Bapatla,Repalle,Gangadipalem
Andhra Pradesh,Bapatla,Repalle,Isukapalle (R)
Andhra Pradesh,Bapatla,Repalle,Kaithepalle
Andhra Pradesh,Bapatla,Repalle,Kamarajugadda
Andhra Pradesh,Bapatla,Repalle,Karumuru
Andhra Pradesh,Bapatla,Repalle,Nalluru
Andhra Pradesh,Bapatla,Repalle,Parisapadu
Andhra Pradesh,Bapatla,Repalle,Penumudi
Andhra Pradesh,Bapatla,Repalle,Peteru
Andhra Pradesh,Bapatla,Repalle,Potumeraka
Andhra Pradesh,Bapatla,Repalle,Repalle Town (U)
Andhra Pradesh,Bapatla,Repalle,Singupalem
Andhra Pradesh,Bapatla,Repalle,Uppudi
Andhra Pradesh,Bapatla,Repalle,Visweswaram
Andhra Pradesh,Bapatla,Santhamaguluru,Elchur
Andhra Pradesh,Bapatla,Santhamaguluru,Gopapuram
Andhra Pradesh,Bapatla,Santhamaguluru,Gurijepalle
Andhra Pradesh,Bapatla,Santhamaguluru,Kamepalle
Andhra Pradesh,Bapatla,Santhamaguluru,Kommala Padu
Andhra Pradesh,Bapatla,Santhamaguluru,Kopparam
Andhra Pradesh,Bapatla,Santhamaguluru,Kunduru (East)
Andhra Pradesh,Bapatla,Santhamaguluru,Kunduru (West)
Andhra Pradesh,Bapatla,Santhamaguluru,Santhamaguluru
Andhra Pradesh,Bapatla,Santhamaguluru,Tangedu Malli
Andhra Pradesh,Bapatla,Santhamaguluru,Vellala Cheruvu
Andhra Pradesh,Bapatla,Tsunduru,Alapadu
Andhra Pradesh,Bapatla,Tsunduru,Chinaparimi
Andhra Pradesh,Bapatla,Tsunduru,Edlapalle
Andhra Pradesh,Bapatla,Tsunduru,Kothapalle Narikellapalle
Andhra Pradesh,Bapatla,Tsunduru,Manduru
Andhra Pradesh,Bapatla,Tsunduru,Modukuru
Andhra Pradesh,Bapatla,Tsunduru,Pedagadelavarru
Andhra Pradesh,Bapatla,Tsunduru,Penugudurupadu
Andhra Pradesh,Bapatla,Tsunduru,Thottempudi
Andhra Pradesh,Bapatla,Tsunduru,Tsundur
Andhra Pradesh,Bapatla,Tsunduru,Valiveru
Andhra Pradesh,Bapatla,Tsunduru,Vetapalem
Andhra Pradesh,Bapatla,Vemuru,Abbanagudavalli
Andhra Pradesh,Bapatla,Vemuru,Balijepalle
Andhra Pradesh,Bapatla,Vemuru,Chadalawada
Andhra Pradesh,Bapatla,Vemuru,Chavali
Andhra Pradesh,Bapatla,Vemuru,Jampani
Andhra Pradesh,Bapatla,Vemuru,Kuchallapadu
Andhra Pradesh,Bapatla,Vemuru,Penumarru
Andhra Pradesh,Bapatla,Vemuru,Peravali
Andhra Pradesh,Bapatla,Vemuru,Peravalipalem
Andhra Pradesh,Bapatla,Vemuru,Pothumarru
Andhra Pradesh,Bapatla,Vemuru,Pulichintalapalem
Andhra Pradesh,Bapatla,Vemuru,Varahapuram
Andhra Pradesh,Bapatla,Vemuru,Vemuru
Andhra Pradesh,Bapatla,Vetapalem,Kotha Peta (Part)
Andhra Pradesh,Bapatla,Vetapalem,Nayani Palle
Andhra Pradesh,Bapatla,Vetapalem,Pandilla Palle
Andhra Pradesh,Bapatla,Vetapalem,Pullari Palem
Andhra Pradesh,Bapatla,Vetapalem,Vetapalem (Ct)
Andhra Pradesh,Bapatla,Yeddana Pudi,Ananthavaram
Andhra Pradesh,Bapatla,Yeddana Pudi,Enamadala
Andhra Pradesh,Bapatla,Yeddana Pudi,Gannavaram
Andhra Pradesh,Bapatla,Yeddana Pudi,Jagarlamudi
Andhra Pradesh,Bapatla,Yeddana Pudi,Poluru
Andhra Pradesh,Bapatla,Yeddana Pudi,Punuru
Andhra Pradesh,Bapatla,Yeddana Pudi,Vinjanampadu
Andhra Pradesh,Bapatla,Yeddana Pudi,West Peddivari Palem
Andhra Pradesh,Bapatla,Yeddana Pudi,Yeddanapudi
Andhra Pradesh,Chittoor,Baireddipalle,Alapalle
Andhra Pradesh,Chittoor,Baireddipalle,Baireddipalle
Andhra Pradesh,Chittoor,Baireddipalle,Belupalle
Andhra Pradesh,Chittoor,Baireddipalle,Chappidipalle
Andhra Pradesh,Chittoor,Baireddipalle,Devadoddi
Andhra Pradesh,Chittoor,Baireddipalle,Dharmapuri
Andhra Pradesh,Chittoor,Baireddipalle,Donthirallapalle
Andhra Pradesh,Chittoor,Baireddipalle,Ganginayanipalle
Andhra Pradesh,Chittoor,Baireddipalle,Gollachemana Palle
Andhra Pradesh,Chittoor,Baireddipalle,Gounithimmepalle
Andhra Pradesh,Chittoor,Baireddipalle,Kadapanatham
Andhra Pradesh,Chittoor,Baireddipalle,Kaigallu
Andhra Pradesh,Chittoor,Baireddipalle,Kambhampalle
Andhra Pradesh,Chittoor,Baireddipalle,Kammanapalle
Andhra Pradesh,Chittoor,Baireddipalle,Lakkanapalle
Andhra Pradesh,Chittoor,Baireddipalle,Meakalanagireddi Palle
Andhra Pradesh,Chittoor,Baireddipalle,Mulathimmepalle
Andhra Pradesh,Chittoor,Baireddipalle,Nellipatla
Andhra Pradesh,Chittoor,Baireddipalle,Pathurnatham
Andhra Pradesh,Chittoor,Baireddipalle,Peddachellaragunta
Andhra Pradesh,Chittoor,Baireddipalle,Raghunayakula Dinne
Andhra Pradesh,Chittoor,Baireddipalle,Settipalle
Andhra Pradesh,Chittoor,Baireddipalle,Theertham
Andhra Pradesh,Chittoor,Baireddipalle,Thimmaiahgaripalle
Andhra Pradesh,Chittoor,Baireddipalle,Veerlabanda
Andhra Pradesh,Chittoor,Bangarupalem,Beripalle
Andhra Pradesh,Chittoor,Bangarupalem,Bodabandla
Andhra Pradesh,Chittoor,Bangarupalem,Gollapalle
Andhra Pradesh,Chittoor,Bangarupalem,Gundla Kattamanchi
Andhra Pradesh,Chittoor,Bangarupalem,Jambuvaripalle
Andhra Pradesh,Chittoor,Bangarupalem,Kallurupalle
Andhra Pradesh,Chittoor,Bangarupalem,Kalvamogilappa Kandriga
Andhra Pradesh,Chittoor,Bangarupalem,Keeramanda
Andhra Pradesh,Chittoor,Bangarupalem,Kurmaipalle
Andhra Pradesh,Chittoor,Bangarupalem,Mahasamudram
Andhra Pradesh,Chittoor,Bangarupalem,Mogili
Andhra Pradesh,Chittoor,Bangarupalem,Mothagunta
Andhra Pradesh,Chittoor,Bangarupalem,Nalagampalle
Andhra Pradesh,Chittoor,Bangarupalem,Nallangadu
Andhra Pradesh,Chittoor,Bangarupalem,Noonegundlapalle
Andhra Pradesh,Chittoor,Bangarupalem,Palamakulapalle
Andhra Pradesh,Chittoor,Bangarupalem,Paleru
Andhra Pradesh,Chittoor,Bangarupalem,Ragimanipenta
Andhra Pradesh,Chittoor,Bangarupalem,Sadakuppam
Andhra Pradesh,Chittoor,Bangarupalem,Setteri
Andhra Pradesh,Chittoor,Bangarupalem,Tekumanda
Andhra Pradesh,Chittoor,Bangarupalem,Thambuganipalle
Andhra Pradesh,Chittoor,Bangarupalem,Thoompayanapalle
Andhra Pradesh,Chittoor,Bangarupalem,Thumba
Andhra Pradesh,Chittoor,Bangarupalem,Thumba Kuppam
Andhra Pradesh,Chittoor,Bangarupalem,Venkatagiri
Andhra Pradesh,Chittoor,Bangarupalem,Vepanapalle
Andhra Pradesh,Chittoor,Chittoor Rural,Alukurupalle
Andhra Pradesh,Chittoor,Chittoor Rural,Anagallu
Andhra Pradesh,Chittoor,Chittoor Rural,Ananthapuram
Andhra Pradesh,Chittoor,Chittoor Rural,Arathala
Andhra Pradesh,Chittoor,Chittoor Rural,Ayanavedu
Andhra Pradesh,Chittoor,Chittoor Rural,Bakara Narasinga Rayani Peta
Andhra Pradesh,Chittoor,Chittoor Rural,Bandapalle
Andhra Pradesh,Chittoor,Chittoor Rural,Chinthalagunta
Andhra Pradesh,Chittoor,Chittoor Rural,Diguvamasapalle
Andhra Pradesh,Chittoor,Chittoor Rural,Gollapalle
Andhra Pradesh,Chittoor,Chittoor Rural,Guvvakallu
Andhra Pradesh,Chittoor,Chittoor Rural,Krishnapuram
Andhra Pradesh,Chittoor,Chittoor Rural,Kurchivedu
Andhra Pradesh,Chittoor,Chittoor Rural,Muthukuru
Andhra Pradesh,Chittoor,Chittoor Rural,Pachanapalle
Andhra Pradesh,Chittoor,Chittoor Rural,Paluru
Andhra Pradesh,Chittoor,Chittoor Rural,Peddisettipalle
Andhra Pradesh,Chittoor,Chittoor Rural,Perumalla Khandriga
Andhra Pradesh,Chittoor,Chittoor Rural,Settiappam Thangal
Andhra Pradesh,Chittoor,Chittoor Rural,Siddampalle
Andhra Pradesh,Chittoor,Chittoor Rural,S.Venkatapuram
Andhra Pradesh,Chittoor,Chittoor Rural,Thalambedu
Andhra Pradesh,Chittoor,Chittoor Rural,Thenebanda (Part)
Andhra Pradesh,Chittoor,Chittoor Rural,Thumminda
Andhra Pradesh,Chittoor,Chittoor Rural,Varadarajulapalle
Andhra Pradesh,Chittoor,Chittoor Rural,Venkatapuram
Andhra Pradesh,Chittoor,Chittoor Urban,Anupalle
Andhra Pradesh,Chittoor,Chittoor Urban,Anupalle (Part)
Andhra Pradesh,Chittoor,Chittoor Urban,Chittoor
Andhra Pradesh,Chittoor,Chittoor Urban,Doddipalle (Og)
Andhra Pradesh,Chittoor,Chittoor Urban,Gandlapalle
Andhra Pradesh,Chittoor,Chittoor Urban,Greamspeta
Andhra Pradesh,Chittoor,Chittoor Urban,Iruvaram
Andhra Pradesh,Chittoor,Chittoor Urban,Kattamanchi
Andhra Pradesh,Chittoor,Chittoor Urban,Lakshmambapuram
Andhra Pradesh,Chittoor,Chittoor Urban,Mangasamudram (Ct)
Andhra Pradesh,Chittoor,Chittoor Urban,Mapakshi
Andhra Pradesh,Chittoor,Chittoor Urban,Mapakshi
Andhra Pradesh,Chittoor,Chittoor Urban,Murakambattu (Ct)
Andhra Pradesh,Chittoor,Chittoor Urban,Narigapalle
Andhra Pradesh,Chittoor,Chittoor Urban,Thimmasamudram
Andhra Pradesh,Chittoor,Chowdepalle,29 -A. Chinta -Makulapalle
Andhra Pradesh,Chittoor,Chowdepalle,A.Kothakota
Andhra Pradesh,Chittoor,Chowdepalle,Charala
Andhra Pradesh,Chittoor,Chowdepalle,Chowdepalle
Andhra Pradesh,Chittoor,Chowdepalle,Diguvapalle
Andhra Pradesh,Chittoor,Chowdepalle,Durgasamudram
Andhra Pradesh,Chittoor,Chowdepalle,Gaddamvaripalle
Andhra Pradesh,Chittoor,Chowdepalle,Katiperi
Andhra Pradesh,Chittoor,Chowdepalle,Kogathi
Andhra Pradesh,Chittoor,Chowdepalle,Kondamarri
Andhra Pradesh,Chittoor,Chowdepalle,Laddigam
Andhra Pradesh,Chittoor,Chowdepalle,Pandillapalle
Andhra Pradesh,Chittoor,Chowdepalle,Peddayallakuntla
Andhra Pradesh,Chittoor,Chowdepalle,Pudipatla
Andhra Pradesh,Chittoor,Chowdepalle,Settipeta
Andhra Pradesh,Chittoor,Gangadhara Nellore,Agaramangalam
Andhra Pradesh,Chittoor,Gangadhara Nellore,Ambodharapalle
Andhra Pradesh,Chittoor,Gangadhara Nellore,Atmakur
Andhra Pradesh,Chittoor,Gangadhara Nellore,B.C.Khandriga
Andhra Pradesh,Chittoor,Gangadhara Nellore,Bojjinayanipalle
Andhra Pradesh,Chittoor,Gangadhara Nellore,Bukkapatnam
Andhra Pradesh,Chittoor,Gangadhara Nellore,Chinnavepanjeri
Andhra Pradesh,Chittoor,Gangadhara Nellore,Ellapalle
Andhra Pradesh,Chittoor,Gangadhara Nellore,Errabodireddipalle
Andhra Pradesh,Chittoor,Gangadhara Nellore,Gangadharanellore
Andhra Pradesh,Chittoor,Gangadhara Nellore,Garigalapalle
Andhra Pradesh,Chittoor,Gangadhara Nellore,Gollapalle
Andhra Pradesh,Chittoor,Gangadhara Nellore,Kadapagunta
Andhra Pradesh,Chittoor,Gangadhara Nellore,Kalijavedu
Andhra Pradesh,Chittoor,Gangadhara Nellore,Kondepalle
Andhra Pradesh,Chittoor,Gangadhara Nellore,Kotagaram
Andhra Pradesh,Chittoor,Gangadhara Nellore,Kothavenkatapuram
Andhra Pradesh,Chittoor,Gangadhara Nellore,Kotrakona
Andhra Pradesh,Chittoor,Gangadhara Nellore,Mahadevamangalam
Andhra Pradesh,Chittoor,Gangadhara Nellore,Mukkelathuru
Andhra Pradesh,Chittoor,Gangadhara Nellore,Murthinayanipalle
Andhra Pradesh,Chittoor,Gangadhara Nellore,Nallarallapalle
Andhra Pradesh,Chittoor,Gangadhara Nellore,Nandanoor
Andhra Pradesh,Chittoor,Gangadhara Nellore,Nellipalle
Andhra Pradesh,Chittoor,Gangadhara Nellore,Pachigunta
Andhra Pradesh,Chittoor,Gangadhara Nellore,Pathapalem
Andhra Pradesh,Chittoor,Gangadhara Nellore,Pathavenkatapuram
Andhra Pradesh,Chittoor,Gangadhara Nellore,Peddakalva
Andhra Pradesh,Chittoor,Gangadhara Nellore,Tungundram
Andhra Pradesh,Chittoor,Gangadhara Nellore,Varathuru
Andhra Pradesh,Chittoor,Gangadhara Nellore,Veerakanellore
Andhra Pradesh,Chittoor,Gangadhara Nellore,Velkur
Andhra Pradesh,Chittoor,Gangadhara Nellore,Vepanjeri
Andhra Pradesh,Chittoor,Gangadhara Nellore,Vezzupalle
Andhra Pradesh,Chittoor,Gangadhara Nellore,Vinjam
Andhra Pradesh,Chittoor,Gangavaram,Dandapalle
Andhra Pradesh,Chittoor,Gangavaram,Gandrajupalle
Andhra Pradesh,Chittoor,Gangavaram,Gangavaram (Part)
Andhra Pradesh,Chittoor,Gangavaram,Gundugallu
Andhra Pradesh,Chittoor,Gangavaram,Jeedimakulapalle
Andhra Pradesh,Chittoor,Gangavaram,Kalagatoor
Andhra Pradesh,Chittoor,Gangavaram,Kallupalle
Andhra Pradesh,Chittoor,Gangavaram,Keelapalle
Andhra Pradesh,Chittoor,Gangavaram,Keelapatla
Andhra Pradesh,Chittoor,Gangavaram,Kothapalle
Andhra Pradesh,Chittoor,Gangavaram,Mamadugu
Andhra Pradesh,Chittoor,Gangavaram,Maredupalle
Andhra Pradesh,Chittoor,Gangavaram,Melumoy
Andhra Pradesh,Chittoor,Gangavaram,Mogilpalle
Andhra Pradesh,Chittoor,Gangavaram,Pasupathur
Andhra Pradesh,Chittoor,Gangavaram,Pathikonda
Andhra Pradesh,Chittoor,Gudipala,Adilakshmamba Puram
Andhra Pradesh,Chittoor,Gudipala,Bandapalle
Andhra Pradesh,Chittoor,Gudipala,Bandarlapalle
Andhra Pradesh,Chittoor,Gudipala,Basavapalle
Andhra Pradesh,Chittoor,Gudipala,Bomma Samudram
Andhra Pradesh,Chittoor,Gudipala,Cheelapalle
Andhra Pradesh,Chittoor,Gudipala,Cheruvu Mundara Khandriga
Andhra Pradesh,Chittoor,Gudipala,Chittapara
Andhra Pradesh,Chittoor,Gudipala,Dakshina Brahmana Palle
Andhra Pradesh,Chittoor,Gudipala,Gollapalle
Andhra Pradesh,Chittoor,Gudipala,Gudipala
Andhra Pradesh,Chittoor,Gudipala,Kaidugani Khandriga
Andhra Pradesh,Chittoor,Gudipala,Kothapalle
Andhra Pradesh,Chittoor,Gudipala,Krishna Jammapuram
Andhra Pradesh,Chittoor,Gudipala,Kuppiganipalle
Andhra Pradesh,Chittoor,Gudipala,Lakshmambapuram
Andhra Pradesh,Chittoor,Gudipala,Mandi Krishnapuram
Andhra Pradesh,Chittoor,Gudipala,Marakalakuppam
Andhra Pradesh,Chittoor,Gudipala,Mogaralapalle
Andhra Pradesh,Chittoor,Gudipala,Muthukurpalle
Andhra Pradesh,Chittoor,Gudipala,Nangamangalam
Andhra Pradesh,Chittoor,Gudipala,Naragallu
Andhra Pradesh,Chittoor,Gudipala,Papasamudram
Andhra Pradesh,Chittoor,Gudipala,Pasumanda
Andhra Pradesh,Chittoor,Gudipala,Pasumanda
Andhra Pradesh,Chittoor,Gudipala,Ragimanupatteda
Andhra Pradesh,Chittoor,Gudipala,Ramapuram
Andhra Pradesh,Chittoor,Gudipala,Ramapuram
Andhra Pradesh,Chittoor,Gudipala,Srirangampalle
Andhra Pradesh,Chittoor,Gudipala,Thimmaiahpalle
Andhra Pradesh,Chittoor,Gudipala,Vasanthapuram
Andhra Pradesh,Chittoor,Gudipala,Venkata Lakshmamba Puram
Andhra Pradesh,Chittoor,Gudupalle,Agaram
Andhra Pradesh,Chittoor,Gudupalle,Alugumanipalle
Andhra Pradesh,Chittoor,Gudupalle,Anagarlapalle
Andhra Pradesh,Chittoor,Gudupalle,Anganamalakothuru
Andhra Pradesh,Chittoor,Gudupalle,Athinatham
Andhra Pradesh,Chittoor,Gudupalle,Avulathimmanapalle
Andhra Pradesh,Chittoor,Gudupalle,Beggilipalle
Andhra Pradesh,Chittoor,Gudupalle,Bijiganipalle
Andhra Pradesh,Chittoor,Gudupalle,Bisanatham
Andhra Pradesh,Chittoor,Gudupalle,Boyanapalle
Andhra Pradesh,Chittoor,Gudupalle,Burugulapalle
Andhra Pradesh,Chittoor,Gudupalle,Cheekatipalle
Andhra Pradesh,Chittoor,Gudupalle,Chinnagollapalle
Andhra Pradesh,Chittoor,Gudupalle,Chinnaparthikunta
Andhra Pradesh,Chittoor,Gudupalle,Dasimanipalle
Andhra Pradesh,Chittoor,Gudupalle,Dinnepalle
Andhra Pradesh,Chittoor,Gudupalle,Gokarlapalle
Andhra Pradesh,Chittoor,Gudupalle,Gudupalle
Andhra Pradesh,Chittoor,Gudupalle,Gundlasagaram
Andhra Pradesh,Chittoor,Gudupalle,Irisiganipalle
Andhra Pradesh,Chittoor,Gudupalle,Jarugukonda
Andhra Pradesh,Chittoor,Gudupalle,Kakinayanichigurla Palle
Andhra Pradesh,Chittoor,Gudupalle,Kanamanapalle
Andhra Pradesh,Chittoor,Gudupalle,Kodiganipalle
Andhra Pradesh,Chittoor,Gudupalle,Kotachembagiri
Andhra Pradesh,Chittoor,Gudupalle,Kotamakanepalle
Andhra Pradesh,Chittoor,Gudupalle,Kotapalle
Andhra Pradesh,Chittoor,Gudupalle,Kuppiganipalle
Andhra Pradesh,Chittoor,Gudupalle,Lingapuram Dinne
Andhra Pradesh,Chittoor,Gudupalle,Malavanikothur
Andhra Pradesh,Chittoor,Gudupalle,Maldepalle
Andhra Pradesh,Chittoor,Gudupalle,Nakkanapalle
Andhra Pradesh,Chittoor,Gudupalle,Nalagampalle
Andhra Pradesh,Chittoor,Gudupalle,Onnapanayani Kothur
Andhra Pradesh,Chittoor,Gudupalle,Ontipalle
Andhra Pradesh,Chittoor,Gudupalle,Peddagollapalle
Andhra Pradesh,Chittoor,Gudupalle,Peddaparthikunta
Andhra Pradesh,Chittoor,Gudupalle,Pogurupalle
Andhra Pradesh,Chittoor,Gudupalle,Sanganapalle
Andhra Pradesh,Chittoor,Gudupalle,Settipalle
Andhra Pradesh,Chittoor,Gudupalle,Settipalle @ K.Bandarlapalle
Andhra Pradesh,Chittoor,Gudupalle,Sirigiripalle
Andhra Pradesh,Chittoor,Gudupalle,Sodiganipalle
Andhra Pradesh,Chittoor,Gudupalle,Sonnarasanapalle
Andhra Pradesh,Chittoor,Gudupalle,Thalai Agraharam
Andhra Pradesh,Chittoor,Gudupalle,Thimmanayanipalle
Andhra Pradesh,Chittoor,Gudupalle,Vengepalle
Andhra Pradesh,Chittoor,Gudupalle,Yamaganipalle
Andhra Pradesh,Chittoor,Irala,Ayyala Krishna Reddipalle
Andhra Pradesh,Chittoor,Irala,Chigarapalle
Andhra Pradesh,Chittoor,Irala,Erlampalle
Andhra Pradesh,Chittoor,Irala,Gundlapalle
Andhra Pradesh,Chittoor,Irala,Irala
Andhra Pradesh,Chittoor,Irala,Kaminayanipalle
Andhra Pradesh,Chittoor,Irala,Kanipakam
Andhra Pradesh,Chittoor,Irala,Kollapalle
Andhra Pradesh,Chittoor,Irala,Kothapalle
Andhra Pradesh,Chittoor,Irala,Morampalle
Andhra Pradesh,Chittoor,Irala,Mudigolam
Andhra Pradesh,Chittoor,Irala,Nampalle
Andhra Pradesh,Chittoor,Irala,Peddasamireddipalle
Andhra Pradesh,Chittoor,Irala,Polakala
Andhra Pradesh,Chittoor,Irala,Pulluru
Andhra Pradesh,Chittoor,Irala,Puthramaddi
Andhra Pradesh,Chittoor,Irala,Sanganapalle
Andhra Pradesh,Chittoor,Irala,Venkata Samudra Agraharam
Andhra Pradesh,Chittoor,Karvetinagar,Alathur
Andhra Pradesh,Chittoor,Karvetinagar,Annur
Andhra Pradesh,Chittoor,Karvetinagar,Annurkasabagayat
Andhra Pradesh,Chittoor,Karvetinagar,Battuvaripalle
Andhra Pradesh,Chittoor,Karvetinagar,Damodara Maharajapuram
Andhra Pradesh,Chittoor,Karvetinagar,Edigapalli
Andhra Pradesh,Chittoor,Karvetinagar,Eduvaripalle
Andhra Pradesh,Chittoor,Karvetinagar,Erramrajupalle
Andhra Pradesh,Chittoor,Karvetinagar,Gazanki
Andhra Pradesh,Chittoor,Karvetinagar,Gopichettipalle
Andhra Pradesh,Chittoor,Karvetinagar,Karvetinagar
Andhra Pradesh,Chittoor,Karvetinagar,Kasavarajapura Agraharam
Andhra Pradesh,Chittoor,Karvetinagar,Katherapalle
Andhra Pradesh,Chittoor,Karvetinagar,Kesavakuppam
Andhra Pradesh,Chittoor,Karvetinagar,Kethumatmaharajapuram
Andhra Pradesh,Chittoor,Karvetinagar,Kollagunta
Andhra Pradesh,Chittoor,Karvetinagar,Kotarvedu
Andhra Pradesh,Chittoor,Karvetinagar,Krishnasamudram
Andhra Pradesh,Chittoor,Karvetinagar,Lakshmirajupet
Andhra Pradesh,Chittoor,Karvetinagar,Makamambavilasam
Andhra Pradesh,Chittoor,Karvetinagar,Mukkaravaripalle
Andhra Pradesh,Chittoor,Karvetinagar,Nissankadurgam
Andhra Pradesh,Chittoor,Karvetinagar,Ponnagallu
Andhra Pradesh,Chittoor,Karvetinagar,Rajakumaravenkata Bahadurpet
Andhra Pradesh,Chittoor,Karvetinagar,Surendranagaram
Andhra Pradesh,Chittoor,Karvetinagar,Tirumalakondamambagaripeta
Andhra Pradesh,Chittoor,Karvetinagar,Viratapuram
Andhra Pradesh,Chittoor,Kuppam,Adavi Budugur
Andhra Pradesh,Chittoor,Kuppam,Adavimulakapalle
Andhra Pradesh,Chittoor,Kuppam,Avulanatham
Andhra Pradesh,Chittoor,Kuppam,Bairaganipalle (Rural)
Andhra Pradesh,Chittoor,Kuppam,Bandasettipalle (Rural)
Andhra Pradesh,Chittoor,Kuppam,Bathalapalle
Andhra Pradesh,Chittoor,Kuppam,Bevanapalle
Andhra Pradesh,Chittoor,Kuppam,Bodaguttapalle
Andhra Pradesh,Chittoor,Kuppam,Boggupalle
Andhra Pradesh,Chittoor,Kuppam,Chalarlapalle
Andhra Pradesh,Chittoor,Kuppam,Chammaguttapalle
Andhra Pradesh,Chittoor,Kuppam,Chekkunatham
Andhra Pradesh,Chittoor,Kuppam,Chinna Bangarunatham
Andhra Pradesh,Chittoor,Kuppam,Chinna Boggupalle
Andhra Pradesh,Chittoor,Kuppam,Chinnakurbalapalle (Rural)
Andhra Pradesh,Chittoor,Kuppam,Chinnaobba
Andhra Pradesh,Chittoor,Kuppam,Dasegowniyur
Andhra Pradesh,Chittoor,Kuppam,Ekarlapalle
Andhra Pradesh,Chittoor,Kuppam,Ellajjanuru
Andhra Pradesh,Chittoor,Kuppam,Gattappanayanipalle
Andhra Pradesh,Chittoor,Kuppam,Gonugur
Andhra Pradesh,Chittoor,Kuppam,Gudlakadirepalle
Andhra Pradesh,Chittoor,Kuppam,Gudlanayanipalle
Andhra Pradesh,Chittoor,Kuppam,Guttapalle
Andhra Pradesh,Chittoor,Kuppam,Jarugu
Andhra Pradesh,Chittoor,Kuppam,Kakimadugu
Andhra Pradesh,Chittoor,Kuppam,Kamathamur
Andhra Pradesh,Chittoor,Kuppam,Kanamapacharla Palle
Andhra Pradesh,Chittoor,Kuppam,Kangundi
Andhra Pradesh,Chittoor,Kuppam,Kangundi
Andhra Pradesh,Chittoor,Kuppam,Kathimanipalle
Andhra Pradesh,Chittoor,Kuppam,Koormanipalle
Andhra Pradesh,Chittoor,Kuppam,Kothapalle
Andhra Pradesh,Chittoor,Kuppam,Krishnadasanapalle
Andhra Pradesh,Chittoor,Kuppam,Kungegowniyur
Andhra Pradesh,Chittoor,Kuppam,Kuppam (Ct)
Andhra Pradesh,Chittoor,Kuppam,Kuttiganipalle
Andhra Pradesh,Chittoor,Kuppam,Marapalle
Andhra Pradesh,Chittoor,Kuppam,Mittapalle
Andhra Pradesh,Chittoor,Kuppam,Mottakadirinur
Andhra Pradesh,Chittoor,Kuppam,Mulakalapalle
Andhra Pradesh,Chittoor,Kuppam,Nadimur
Andhra Pradesh,Chittoor,Kuppam,Nimmakampalle
Andhra Pradesh,Chittoor,Kuppam,Noolakunta
Andhra Pradesh,Chittoor,Kuppam,Paipalyam
Andhra Pradesh,Chittoor,Kuppam,Palarlapalle
Andhra Pradesh,Chittoor,Kuppam,Pedda Bangarunatham
Andhra Pradesh,Chittoor,Kuppam,Pedda Boggupallle
Andhra Pradesh,Chittoor,Kuppam,Peddagopanapalle
Andhra Pradesh,Chittoor,Kuppam,Ponnangur
Andhra Pradesh,Chittoor,Kuppam,Porakuntlapalle
Andhra Pradesh,Chittoor,Kuppam,Rajanam
Andhra Pradesh,Chittoor,Kuppam,Sajjalapalle
Andhra Pradesh,Chittoor,Kuppam,Samaguttapalle
Andhra Pradesh,Chittoor,Kuppam,Seegalapalle
Andhra Pradesh,Chittoor,Kuppam,T.Sadumur
Andhra Pradesh,Chittoor,Kuppam,Urinayanikothur
Andhra Pradesh,Chittoor,Kuppam,Urinayanipalle
Andhra Pradesh,Chittoor,Kuppam,Urlaobanapalle
Andhra Pradesh,Chittoor,Kuppam,Varamanur
Andhra Pradesh,Chittoor,Kuppam,Vasanadu
Andhra Pradesh,Chittoor,Kuppam,Vasanadugolla Palle
Andhra Pradesh,Chittoor,Kuppam,Vendugampalle
Andhra Pradesh,Chittoor,Kuppam,Venkatesapuram
Andhra Pradesh,Chittoor,Kuppam,Yanadipalle
Andhra Pradesh,Chittoor,Nagari,Adavikothuru
Andhra Pradesh,Chittoor,Nagari,Agaram
Andhra Pradesh,Chittoor,Nagari,Damarapakam
Andhra Pradesh,Chittoor,Nagari,Ekambarakuppam
Andhra Pradesh,Chittoor,Nagari,Gundrajukuppam (R)
Andhra Pradesh,Chittoor,Nagari,Kakavedu
Andhra Pradesh,Chittoor,Nagari,Kannikapuram
Andhra Pradesh,Chittoor,Nagari,Kavetipuram
Andhra Pradesh,Chittoor,Nagari,Keelapattu
Andhra Pradesh,Chittoor,Nagari,Mangadu
Andhra Pradesh,Chittoor,Nagari,Melapattu
Andhra Pradesh,Chittoor,Nagari,Mittapalem
Andhra Pradesh,Chittoor,Nagari,Mudipalle
Andhra Pradesh,Chittoor,Nagari,Nagarajukuppam
Andhra Pradesh,Chittoor,Nagari,Nagari
Andhra Pradesh,Chittoor,Nagari,Netthamkandriga
Andhra Pradesh,Chittoor,Nagari,Oranthangal Gollakuppam
Andhra Pradesh,Chittoor,Nagari,Salvapatteda
Andhra Pradesh,Chittoor,Nagari,Saraswathivilasapuram
Andhra Pradesh,Chittoor,Nagari,Satrawada
Andhra Pradesh,Chittoor,Nagari,Sreeranganaagaragraham
Andhra Pradesh,Chittoor,Nagari,Srinivasapuram
Andhra Pradesh,Chittoor,Nagari,Taduku
Andhra Pradesh,Chittoor,Nagari,Tadukupeta
Andhra Pradesh,Chittoor,Nagari,Therani (R)
Andhra Pradesh,Chittoor,Nagari,Tirumalarajukandriga
Andhra Pradesh,Chittoor,Nagari,Tiruvengamambapuram
Andhra Pradesh,Chittoor,Nagari,Veerakaverirajupuram
Andhra Pradesh,Chittoor,Nagari,Velavadi
Andhra Pradesh,Chittoor,Nagari,Venkatanarasimha -Rajuvaripet
Andhra Pradesh,Chittoor,Nindra,Agaram
Andhra Pradesh,Chittoor,Nindra,Arur
Andhra Pradesh,Chittoor,Nindra,Athur
Andhra Pradesh,Chittoor,Nindra,Chavarambakam
Andhra Pradesh,Chittoor,Nindra,Elakatur
Andhra Pradesh,Chittoor,Nindra,Iruguvai
Andhra Pradesh,Chittoor,Nindra,Kacharavedu
Andhra Pradesh,Chittoor,Nindra,Kavanur
Andhra Pradesh,Chittoor,Nindra,Koppedu Acharyula Khandriga
Andhra Pradesh,Chittoor,Nindra,Kunama Raju Palem
Andhra Pradesh,Chittoor,Nindra,Netteri
Andhra Pradesh,Chittoor,Nindra,Nindra
Andhra Pradesh,Chittoor,Nindra,Padiri
Andhra Pradesh,Chittoor,Nindra,Samayapuram
Andhra Pradesh,Chittoor,Nindra,Sri Ramapuram
Andhra Pradesh,Chittoor,Palamaner,Ankamvaripalle
Andhra Pradesh,Chittoor,Palamaner,Ayyamreddi Palle
Andhra Pradesh,Chittoor,Palamaner,Baippagari Palle
Andhra Pradesh,Chittoor,Palamaner,Chethapenta
Andhra Pradesh,Chittoor,Palamaner,Gundlapalle
Andhra Pradesh,Chittoor,Palamaner,Jagamarla
Andhra Pradesh,Chittoor,Palamaner,Jallipeta
Andhra Pradesh,Chittoor,Palamaner,Karidimadugu
Andhra Pradesh,Chittoor,Palamaner,Kolamasana Palle
Andhra Pradesh,Chittoor,Palamaner,Kurmoi
Andhra Pradesh,Chittoor,Palamaner,Moram (Part)
Andhra Pradesh,Chittoor,Palamaner,Nagamangalam
Andhra Pradesh,Chittoor,Palamaner,Palamaneru
Andhra Pradesh,Chittoor,Palamaner,Pengara Kunta
Andhra Pradesh,Chittoor,Palamaner,Ranganayanipalle
Andhra Pradesh,Chittoor,Palamaner,Samudrapalle
Andhra Pradesh,Chittoor,Palamaner,Sree Ranga Rajpuram
Andhra Pradesh,Chittoor,Palasamudram,Allipoolagunta
Andhra Pradesh,Chittoor,Palasamudram,Amudala
Andhra Pradesh,Chittoor,Palasamudram,Amudalaputhur
Andhra Pradesh,Chittoor,Palasamudram,Balakrishnapuram
Andhra Pradesh,Chittoor,Palasamudram,Gangamambapuram
Andhra Pradesh,Chittoor,Palasamudram,Kaverirajupuram
Andhra Pradesh,Chittoor,Palasamudram,Krishnajammapuram
Andhra Pradesh,Chittoor,Palasamudram,Lakshminarasimha Puram
Andhra Pradesh,Chittoor,Palasamudram,Mamidimanumoola
Andhra Pradesh,Chittoor,Palasamudram,Matavalam
Andhra Pradesh,Chittoor,Palasamudram,Narasimhapuram @ A.Khandriga
Andhra Pradesh,Chittoor,Palasamudram,Palasamudram
Andhra Pradesh,Chittoor,Palasamudram,Ramakrishnapuram
Andhra Pradesh,Chittoor,Palasamudram,Siddiraju Rangaraju Khandriga
Andhra Pradesh,Chittoor,Palasamudram,Simharajupuram
Andhra Pradesh,Chittoor,Palasamudram,Srikaverirajupuram
Andhra Pradesh,Chittoor,Palasamudram,Tirumalarajupuram
Andhra Pradesh,Chittoor,Palasamudram,Vanadurgapuram
Andhra Pradesh,Chittoor,Palasamudram,Vengalarajukuppam
Andhra Pradesh,Chittoor,Peddapanjani,Appinapalle
Andhra Pradesh,Chittoor,Peddapanjani,Battamdoddi
Andhra Pradesh,Chittoor,Peddapanjani,Bommarajupalle
Andhra Pradesh,Chittoor,Peddapanjani,Chalamangalam
Andhra Pradesh,Chittoor,Peddapanjani,Chamaneru
Andhra Pradesh,Chittoor,Peddapanjani,Gamkonda
Andhra Pradesh,Chittoor,Peddapanjani,Karasanapalle
Andhra Pradesh,Chittoor,Peddapanjani,Kogileru
Andhra Pradesh,Chittoor,Peddapanjani,Kolathur
Andhra Pradesh,Chittoor,Peddapanjani,Mudarampalle
Andhra Pradesh,Chittoor,Peddapanjani,Muthukur
Andhra Pradesh,Chittoor,Peddapanjani,Nagireddipalle
Andhra Pradesh,Chittoor,Peddapanjani,Nidigunta
Andhra Pradesh,Chittoor,Peddapanjani,Peddakappalle
Andhra Pradesh,Chittoor,Peddapanjani,Peddapanjani
Andhra Pradesh,Chittoor,Peddapanjani,Peddavelagatur
Andhra Pradesh,Chittoor,Peddapanjani,Rayalapeta
Andhra Pradesh,Chittoor,Peddapanjani,Sankarayalapeta
Andhra Pradesh,Chittoor,Peddapanjani,Sivadi
Andhra Pradesh,Chittoor,Peddapanjani,Suddagundlapalle
Andhra Pradesh,Chittoor,Peddapanjani,Thurlapalle
Andhra Pradesh,Chittoor,Peddapanjani,Veerapalle
Andhra Pradesh,Chittoor,Penumur,Ammagaripalle
Andhra Pradesh,Chittoor,Penumur,Charvaganipalle
Andhra Pradesh,Chittoor,Penumur,Chennasamudra Agraharam
Andhra Pradesh,Chittoor,Penumur,Chinnamareddi Khandriga
Andhra Pradesh,Chittoor,Penumur,Chinthapenta
Andhra Pradesh,Chittoor,Penumur,Guntipalle
Andhra Pradesh,Chittoor,Penumur,Kaligiri
Andhra Pradesh,Chittoor,Penumur,Kalvagunta
Andhra Pradesh,Chittoor,Penumur,Kamachinnaiahpalle
Andhra Pradesh,Chittoor,Penumur,Kondama Agraharam
Andhra Pradesh,Chittoor,Penumur,Mopireddipalle
Andhra Pradesh,Chittoor,Penumur,Nanjarapalle
Andhra Pradesh,Chittoor,Penumur,Penumuru
Andhra Pradesh,Chittoor,Penumur,Pulikallu
Andhra Pradesh,Chittoor,Penumur,Samireddipalle
Andhra Pradesh,Chittoor,Penumur,Sathambakam
Andhra Pradesh,Chittoor,Penumur,Thathireddipalle
Andhra Pradesh,Chittoor,Pulicherla,Ayyavandlapalle
Andhra Pradesh,Chittoor,Pulicherla,Bandaruvaripalle
Andhra Pradesh,Chittoor,Pulicherla,Bodireddigaripalle
Andhra Pradesh,Chittoor,Pulicherla,Devalampet
Andhra Pradesh,Chittoor,Pulicherla,E.Ramireddigari Palle
Andhra Pradesh,Chittoor,Pulicherla,Gaddamvaripalle
Andhra Pradesh,Chittoor,Pulicherla,Kallur
Andhra Pradesh,Chittoor,Pulicherla,Kavetigaripalle
Andhra Pradesh,Chittoor,Pulicherla,Mangalampeta
Andhra Pradesh,Chittoor,Pulicherla,Ramireddigaripalle
Andhra Pradesh,Chittoor,Pulicherla,Rayavaripalle
Andhra Pradesh,Chittoor,Pulicherla,Reddivaripalle
Andhra Pradesh,Chittoor,Pulicherla,Vallivetivaripalle
Andhra Pradesh,Chittoor,Pulicherla,Venkatadasari Palle
Andhra Pradesh,Chittoor,Pulicherla,Yellankivaripallle
Andhra Pradesh,Chittoor,Punganuru,Aradigunta
Andhra Pradesh,Chittoor,Punganuru,Bandlapalle
Andhra Pradesh,Chittoor,Punganuru,Bheemaganipalle
Andhra Pradesh,Chittoor,Punganuru,Bodevaripalle
Andhra Pradesh,Chittoor,Punganuru,Chadalla
Andhra Pradesh,Chittoor,Punganuru,Chandramakula Palle
Andhra Pradesh,Chittoor,Punganuru,Etavakili
Andhra Pradesh,Chittoor,Punganuru,Ethur
Andhra Pradesh,Chittoor,Punganuru,Kummaranatham
Andhra Pradesh,Chittoor,Punganuru,Magandlapalle
Andhra Pradesh,Chittoor,Punganuru,Mangalam
Andhra Pradesh,Chittoor,Punganuru,Melumdoddi
Andhra Pradesh,Chittoor,Punganuru,Melupatla
Andhra Pradesh,Chittoor,Punganuru,Mittachinthavari Palle
Andhra Pradesh,Chittoor,Punganuru,Nekkondi
Andhra Pradesh,Chittoor,Punganuru,Palyampalle
Andhra Pradesh,Chittoor,Punganuru,Punganur (Rural)
Andhra Pradesh,Chittoor,Punganuru,Raganipalle (Rural)
Andhra Pradesh,Chittoor,Punganuru,Vanamaladinne
Andhra Pradesh,Chittoor,Puthalapattu,Akanambattu
Andhra Pradesh,Chittoor,Puthalapattu,Baitapalle
Andhra Pradesh,Chittoor,Puthalapattu,Chitipiralla
Andhra Pradesh,Chittoor,Puthalapattu,Erracheruvupalle
Andhra Pradesh,Chittoor,Puthalapattu,Goduguchinta
Andhra Pradesh,Chittoor,Puthalapattu,Kothakota
Andhra Pradesh,Chittoor,Puthalapattu,Muthirevula
Andhra Pradesh,Chittoor,Puthalapattu,Oddepalle
Andhra Pradesh,Chittoor,Puthalapattu,Palakuru
Andhra Pradesh,Chittoor,Puthalapattu,Paturu
Andhra Pradesh,Chittoor,Puthalapattu,Peta Agraharam
Andhra Pradesh,Chittoor,Puthalapattu,Petamitta
Andhra Pradesh,Chittoor,Puthalapattu,Polavaram
Andhra Pradesh,Chittoor,Puthalapattu,Potukanuma
Andhra Pradesh,Chittoor,Puthalapattu,Puthalapattu
Andhra Pradesh,Chittoor,Puthalapattu,Siddalinganapalle
Andhra Pradesh,Chittoor,Puthalapattu,Thalupulapalle
Andhra Pradesh,Chittoor,Puthalapattu,Thenepalle
Andhra Pradesh,Chittoor,Puthalapattu,Thippanapalle
Andhra Pradesh,Chittoor,Puthalapattu,Vavilthota
Andhra Pradesh,Chittoor,Puthalapattu,Venuthanapalle
Andhra Pradesh,Chittoor,Puthalapattu,Vepanapalle
Andhra Pradesh,Chittoor,Ramakuppam,Ankireddipalle
Andhra Pradesh,Chittoor,Ramakuppam,Attikuppam
Andhra Pradesh,Chittoor,Ramakuppam,Baipparedlapalle
Andhra Pradesh,Chittoor,Ramakuppam,Balaobanapalle
Andhra Pradesh,Chittoor,Ramakuppam,Balla
Andhra Pradesh,Chittoor,Ramakuppam,Bandarlapalle
Andhra Pradesh,Chittoor,Ramakuppam,Battuvaripalle
Andhra Pradesh,Chittoor,Ramakuppam,Bondalagunta
Andhra Pradesh,Chittoor,Ramakuppam,Cheldiganipalle
Andhra Pradesh,Chittoor,Ramakuppam,Chennareddipalle
Andhra Pradesh,Chittoor,Ramakuppam,Giddapalle
Andhra Pradesh,Chittoor,Ramakuppam,Gorivimakulapalle
Andhra Pradesh,Chittoor,Ramakuppam,Govindapalle
Andhra Pradesh,Chittoor,Ramakuppam,Jowkupalle
Andhra Pradesh,Chittoor,Ramakuppam,Kadasinakuppam
Andhra Pradesh,Chittoor,Ramakuppam,Kempasamudram
Andhra Pradesh,Chittoor,Ramakuppam,Kenchanaballa
Andhra Pradesh,Chittoor,Ramakuppam,Killakupodu
Andhra Pradesh,Chittoor,Ramakuppam,Kollupalle
Andhra Pradesh,Chittoor,Ramakuppam,Konganapalle
Andhra Pradesh,Chittoor,Ramakuppam,Krishnapuram Dinne
Andhra Pradesh,Chittoor,Ramakuppam,Manendram
Andhra Pradesh,Chittoor,Ramakuppam,Muddanapalle
Andhra Pradesh,Chittoor,Ramakuppam,Pacharumakula Palle
Andhra Pradesh,Chittoor,Ramakuppam,Pamana Boyanapalle
Andhra Pradesh,Chittoor,Ramakuppam,Pandyalamadugu
Andhra Pradesh,Chittoor,Ramakuppam,Papireddivooru
Andhra Pradesh,Chittoor,Ramakuppam,Peddaganur
Andhra Pradesh,Chittoor,Ramakuppam,Peddakurabala Palle
Andhra Pradesh,Chittoor,Ramakuppam,Peddur
Andhra Pradesh,Chittoor,Ramakuppam,Rajupeta
Andhra Pradesh,Chittoor,Ramakuppam,Ramakuppam
Andhra Pradesh,Chittoor,Ramakuppam,Reddivanipodu
Andhra Pradesh,Chittoor,Ramakuppam,Singasamudram
Andhra Pradesh,Chittoor,Ramakuppam,Thimmasamudram
Andhra Pradesh,Chittoor,Ramakuppam,Unisigani Palle
Andhra Pradesh,Chittoor,Ramakuppam,Veeranamala
Andhra Pradesh,Chittoor,Ramakuppam,Vijalapuram
Andhra Pradesh,Chittoor,Rompicherla,Bandakindapalle
Andhra Pradesh,Chittoor,Rompicherla,Bommaiahgari Palle
Andhra Pradesh,Chittoor,Rompicherla,Ganugachintha
Andhra Pradesh,Chittoor,Rompicherla,Motumallela
Andhra Pradesh,Chittoor,Rompicherla,Peddagottigallu
Andhra Pradesh,Chittoor,Rompicherla,Peddamallela
Andhra Pradesh,Chittoor,Rompicherla,Rompicherla
Andhra Pradesh,Chittoor,Santhipuram,Ammavaripeta
Andhra Pradesh,Chittoor,Santhipuram,Anchinayanikuppam
Andhra Pradesh,Chittoor,Santhipuram,Anikera
Andhra Pradesh,Chittoor,Santhipuram,Arimuthanapalle
Andhra Pradesh,Chittoor,Santhipuram,Banthimadugu Gollapalle
Andhra Pradesh,Chittoor,Santhipuram,Bellakogila
Andhra Pradesh,Chittoor,Santhipuram,Bendanakuppam
Andhra Pradesh,Chittoor,Santhipuram,Bennayanuru
Andhra Pradesh,Chittoor,Santhipuram,Boyanapalle
Andhra Pradesh,Chittoor,Santhipuram,Cheemanapalle
Andhra Pradesh,Chittoor,Santhipuram,Chillamanipalle
Andhra Pradesh,Chittoor,Santhipuram,Chinagandlapalle
Andhra Pradesh,Chittoor,Santhipuram,Chinnaradoddi
Andhra Pradesh,Chittoor,Santhipuram,Chinthakampalle
Andhra Pradesh,Chittoor,Santhipuram,Chowdampalle
Andhra Pradesh,Chittoor,Santhipuram,Dandikuppam
Andhra Pradesh,Chittoor,Santhipuram,Dommarathippana Palle
Andhra Pradesh,Chittoor,Santhipuram,Donkumanipalle
Andhra Pradesh,Chittoor,Santhipuram,Gellapalledinne
Andhra Pradesh,Chittoor,Santhipuram,Gesikapalle
Andhra Pradesh,Chittoor,Santhipuram,Gundusettipalle
Andhra Pradesh,Chittoor,Santhipuram,Gunjarlapalle
Andhra Pradesh,Chittoor,Santhipuram,Jalliganipalle
Andhra Pradesh,Chittoor,Santhipuram,Jeedimanipalle
Andhra Pradesh,Chittoor,Santhipuram,Joniganuru
Andhra Pradesh,Chittoor,Santhipuram,Kadapalle
Andhra Pradesh,Chittoor,Santhipuram,Kadirimuthanapalle
Andhra Pradesh,Chittoor,Santhipuram,Kadiriobanapalle
Andhra Pradesh,Chittoor,Santhipuram,Kalamaladoddi
Andhra Pradesh,Chittoor,Santhipuram,Karlagatta
Andhra Pradesh,Chittoor,Santhipuram,Karumatla
Andhra Pradesh,Chittoor,Santhipuram,Kenamakulapalle
Andhra Pradesh,Chittoor,Santhipuram,Kolamadugu
Andhra Pradesh,Chittoor,Santhipuram,Konerukuppam
Andhra Pradesh,Chittoor,Santhipuram,Krishnapuram
Andhra Pradesh,Chittoor,Santhipuram,Madanapalle
Andhra Pradesh,Chittoor,Santhipuram,Matam Santhampalle
Andhra Pradesh,Chittoor,Santhipuram,Morasanapalle
Andhra Pradesh,Chittoor,Santhipuram,Motakothuru
Andhra Pradesh,Chittoor,Santhipuram,Muddanapalle
Andhra Pradesh,Chittoor,Santhipuram,Nallappareddiyuru
Andhra Pradesh,Chittoor,Santhipuram,Nallarallapalle
Andhra Pradesh,Chittoor,Santhipuram,Nanjampeta
Andhra Pradesh,Chittoor,Santhipuram,Pedduru
Andhra Pradesh,Chittoor,Santhipuram,Poduru
Andhra Pradesh,Chittoor,Santhipuram,Preethichamanur
Andhra Pradesh,Chittoor,Santhipuram,Rallabaduguru
Andhra Pradesh,Chittoor,Santhipuram,Redlapalle
Andhra Pradesh,Chittoor,Santhipuram,Regadadinnepalle
Andhra Pradesh,Chittoor,Santhipuram,Santhampalle
Andhra Pradesh,Chittoor,Santhipuram,Sathu
Andhra Pradesh,Chittoor,Santhipuram,Settiballa
Andhra Pradesh,Chittoor,Santhipuram,Sivaramapuram
Andhra Pradesh,Chittoor,Santhipuram,Sonnegownipalle
Andhra Pradesh,Chittoor,Santhipuram,Sonnegownnipalle
Andhra Pradesh,Chittoor,Santhipuram,Thammiganipalle
Andhra Pradesh,Chittoor,Santhipuram,Thumsi
Andhra Pradesh,Chittoor,Santhipuram,Vadagandlapalle
Andhra Pradesh,Chittoor,Santhipuram,Veduruguttapalle
Andhra Pradesh,Chittoor,Santhipuram,Vetagirikothur
Andhra Pradesh,Chittoor,Sodam,Ammagaripalle
Andhra Pradesh,Chittoor,Sodam,Booragamanda
Andhra Pradesh,Chittoor,Sodam,Cherukuvaripalle
Andhra Pradesh,Chittoor,Sodam,Chintamakulapalle
Andhra Pradesh,Chittoor,Sodam,Errathivaripalle
Andhra Pradesh,Chittoor,Sodam,Gongivaripalle
Andhra Pradesh,Chittoor,Sodam,Khambhamvaripalle
Andhra Pradesh,Chittoor,Sodam,Nadigadda
Andhra Pradesh,Chittoor,Sodam,Palamanda
Andhra Pradesh,Chittoor,Sodam,Sodam
Andhra Pradesh,Chittoor,Sodam,Thatiguntapalem
Andhra Pradesh,Chittoor,Sodam,Thimmanayanipalle
Andhra Pradesh,Chittoor,Sodam,Vootupalle
Andhra Pradesh,Chittoor,Somala,Avulapalle
Andhra Pradesh,Chittoor,Somala,Irikipenta
Andhra Pradesh,Chittoor,Somala,Kamireddivaripalle
Andhra Pradesh,Chittoor,Somala,Kandur
Andhra Pradesh,Chittoor,Somala,Mittapalle
Andhra Pradesh,Chittoor,Somala,Nanjampeta @ Chandambylu
Andhra Pradesh,Chittoor,Somala,Nellimanda
Andhra Pradesh,Chittoor,Somala,Peddauppara Palle
Andhra Pradesh,Chittoor,Somala,S. Nadim Palle
Andhra Pradesh,Chittoor,Somala,Somala
Andhra Pradesh,Chittoor,Somala,Thamminayanipalle
Andhra Pradesh,Chittoor,Somala,Upparapalle
Andhra Pradesh,Chittoor,Somala,Valligatla
Andhra Pradesh,Chittoor,Srirangarajapuram,Arimakulapalle
Andhra Pradesh,Chittoor,Srirangarajapuram,Basivireddipalle
Andhra Pradesh,Chittoor,Srirangarajapuram,Basivireddipalle
Andhra Pradesh,Chittoor,Srirangarajapuram,Chekkamadugu
Andhra Pradesh,Chittoor,Srirangarajapuram,Chillamakulapalle
Andhra Pradesh,Chittoor,Srirangarajapuram,China Thayyur
Andhra Pradesh,Chittoor,Srirangarajapuram,D.B.R.Bylu
Andhra Pradesh,Chittoor,Srirangarajapuram,Durgarajapuram
Andhra Pradesh,Chittoor,Srirangarajapuram,Giddamakarajapuram
Andhra Pradesh,Chittoor,Srirangarajapuram,Jangalapalle
Andhra Pradesh,Chittoor,Srirangarajapuram,Kannikapuram
Andhra Pradesh,Chittoor,Srirangarajapuram,Kannikapuram
Andhra Pradesh,Chittoor,Srirangarajapuram,Kannikapuram
Andhra Pradesh,Chittoor,Srirangarajapuram,Katikapalle
Andhra Pradesh,Chittoor,Srirangarajapuram,Kondrajupuram
Andhra Pradesh,Chittoor,Srirangarajapuram,Kotarlapalle
Andhra Pradesh,Chittoor,Srirangarajapuram,Kothapalle
Andhra Pradesh,Chittoor,Srirangarajapuram,Mangunta
Andhra Pradesh,Chittoor,Srirangarajapuram,Marripalle Dakshinapu Khandriga
Andhra Pradesh,Chittoor,Srirangarajapuram,Muchalamarri
Andhra Pradesh,Chittoor,Srirangarajapuram,Muddikuppam
Andhra Pradesh,Chittoor,Srirangarajapuram,Nallepalle
Andhra Pradesh,Chittoor,Srirangarajapuram,Narasimharajapuram
Andhra Pradesh,Chittoor,Srirangarajapuram,Nelavoy
Andhra Pradesh,Chittoor,Srirangarajapuram,Oddupalle
Andhra Pradesh,Chittoor,Srirangarajapuram,Padmapuram
Andhra Pradesh,Chittoor,Srirangarajapuram,Pathapalem
Andhra Pradesh,Chittoor,Srirangarajapuram,Pedakondepalle
Andhra Pradesh,Chittoor,Srirangarajapuram,Pillarikuppam
Andhra Pradesh,Chittoor,Srirangarajapuram,Pullur
Andhra Pradesh,Chittoor,Srirangarajapuram,Ripunjayarajapuram
Andhra Pradesh,Chittoor,Srirangarajapuram,Srirangarajapuram
Andhra Pradesh,Chittoor,Srirangarajapuram,Srungara Sekhara Rajupuram
Andhra Pradesh,Chittoor,Srirangarajapuram,Suparvarajapuram
Andhra Pradesh,Chittoor,Srirangarajapuram,Thatimakulapalle
Andhra Pradesh,Chittoor,Srirangarajapuram,Venkatapuram
Andhra Pradesh,Chittoor,Srirangarajapuram,Venugopalapuram
Andhra Pradesh,Chittoor,Srirangarajapuram,Vilasavarahapuram
Andhra Pradesh,Chittoor,Thavanampalle,Aragonda
Andhra Pradesh,Chittoor,Thavanampalle,Cherlopalle
Andhra Pradesh,Chittoor,Thavanampalle,Diguva Magham
Andhra Pradesh,Chittoor,Thavanampalle,Diguva Thadakara
Andhra Pradesh,Chittoor,Thavanampalle,Eachaneri
Andhra Pradesh,Chittoor,Thavanampalle,Eguva Thadakara
Andhra Pradesh,Chittoor,Thavanampalle,Gandupalle
Andhra Pradesh,Chittoor,Thavanampalle,Govindareddipalle
Andhra Pradesh,Chittoor,Thavanampalle,Gurukavaripalle
Andhra Pradesh,Chittoor,Thavanampalle,Karakampalle
Andhra Pradesh,Chittoor,Thavanampalle,Kattakindapalle
Andhra Pradesh,Chittoor,Thavanampalle,Madhavaram
Andhra Pradesh,Chittoor,Thavanampalle,Mallakunta
Andhra Pradesh,Chittoor,Thavanampalle,Mathyam
Andhra Pradesh,Chittoor,Thavanampalle,Muthukur
Andhra Pradesh,Chittoor,Thavanampalle,Nalisettipalle
Andhra Pradesh,Chittoor,Thavanampalle,Paimagham
Andhra Pradesh,Chittoor,Thavanampalle,Pallecheruvu
Andhra Pradesh,Chittoor,Thavanampalle,Patnam
Andhra Pradesh,Chittoor,Thavanampalle,Punya Samudram
Andhra Pradesh,Chittoor,Thavanampalle,Sarakallu
Andhra Pradesh,Chittoor,Thavanampalle,Thavanampalle
Andhra Pradesh,Chittoor,Thavanampalle,Thavanampalle Puttur
Andhra Pradesh,Chittoor,Thavanampalle,Uthara Brahmanapalle
Andhra Pradesh,Chittoor,Vedurukuppam,Aggichenupalle
Andhra Pradesh,Chittoor,Vedurukuppam,Allamadugu
Andhra Pradesh,Chittoor,Vedurukuppam,Allamadugu Hw
Andhra Pradesh,Chittoor,Vedurukuppam,Bommaiahpalle
Andhra Pradesh,Chittoor,Vedurukuppam,Brahmanapalle
Andhra Pradesh,Chittoor,Vedurukuppam,Chenchugudi
Andhra Pradesh,Chittoor,Vedurukuppam,Devalampeta
Andhra Pradesh,Chittoor,Vedurukuppam,Devaragudipalle
Andhra Pradesh,Chittoor,Vedurukuppam,Etterangapalle
Andhra Pradesh,Chittoor,Vedurukuppam,Garampalle
Andhra Pradesh,Chittoor,Vedurukuppam,Goduguchintha
Andhra Pradesh,Chittoor,Vedurukuppam,Inamkothuru
Andhra Pradesh,Chittoor,Vedurukuppam,Jadabapanapalle
Andhra Pradesh,Chittoor,Vedurukuppam,Jakkidona
Andhra Pradesh,Chittoor,Vedurukuppam,Kaverimaharajulungariagraharam
Andhra Pradesh,Chittoor,Vedurukuppam,Komaragunta
Andhra Pradesh,Chittoor,Vedurukuppam,Kondakindapalle
Andhra Pradesh,Chittoor,Vedurukuppam,Kurivikuppam
Andhra Pradesh,Chittoor,Vedurukuppam,Makamabapuram
Andhra Pradesh,Chittoor,Vedurukuppam,Mambedu
Andhra Pradesh,Chittoor,Vedurukuppam,Marepalle
Andhra Pradesh,Chittoor,Vedurukuppam,Marripalleuttarapu Khandriga
Andhra Pradesh,Chittoor,Vedurukuppam,Mondivenganapalle
Andhra Pradesh,Chittoor,Vedurukuppam,Pachikapalem
Andhra Pradesh,Chittoor,Vedurukuppam,Pathagunta
Andhra Pradesh,Chittoor,Vedurukuppam,Perumallapalle
Andhra Pradesh,Chittoor,Vedurukuppam,Tarlabylu
Andhra Pradesh,Chittoor,Vedurukuppam,Thettuguntapalle
Andhra Pradesh,Chittoor,Vedurukuppam,Thippinaidupalle
Andhra Pradesh,Chittoor,Vedurukuppam,Tirumalakondamambapuram
Andhra Pradesh,Chittoor,Vedurukuppam,Vedurukuppam
Andhra Pradesh,Chittoor,Vedurukuppam,Venugopalapuram
Andhra Pradesh,Chittoor,Vedurukuppam,Veperi
Andhra Pradesh,Chittoor,Venkatagirikota,Bairupalle
Andhra Pradesh,Chittoor,Venkatagirikota,Bodiguttapalle
Andhra Pradesh,Chittoor,Venkatagirikota,Boya Chinnaganna Palle
Andhra Pradesh,Chittoor,Venkatagirikota,Chinna Kongatam
Andhra Pradesh,Chittoor,Venkatagirikota,Chintamakulapalle
Andhra Pradesh,Chittoor,Venkatagirikota,Gonumakulapalle
Andhra Pradesh,Chittoor,Venkatagirikota,Gudipalle
Andhra Pradesh,Chittoor,Venkatagirikota,Hanumapalle
Andhra Pradesh,Chittoor,Venkatagirikota,Jodiverrivanipalle
Andhra Pradesh,Chittoor,Venkatagirikota,Jounipalle
Andhra Pradesh,Chittoor,Venkatagirikota,Konerugollapalle
Andhra Pradesh,Chittoor,Venkatagirikota,Kongatam
Andhra Pradesh,Chittoor,Venkatagirikota,Kothakota
Andhra Pradesh,Chittoor,Venkatagirikota,Krishnapuram
Andhra Pradesh,Chittoor,Venkatagirikota,Kumbarlapalle
Andhra Pradesh,Chittoor,Venkatagirikota,Mattiguttapalle
Andhra Pradesh,Chittoor,Venkatagirikota,Mudaramdoddi
Andhra Pradesh,Chittoor,Venkatagirikota,Nadeetheeram Dasarlapalle
Andhra Pradesh,Chittoor,Venkatagirikota,Nernipalle
Andhra Pradesh,Chittoor,Venkatagirikota,Padigalakuppam
Andhra Pradesh,Chittoor,Venkatagirikota,Paipalle
Andhra Pradesh,Chittoor,Venkatagirikota,Panuganipalle
Andhra Pradesh,Chittoor,Venkatagirikota,Papepalle
Andhra Pradesh,Chittoor,Venkatagirikota,Patrapalle
Andhra Pradesh,Chittoor,Venkatagirikota,Pedda Bharanipalle
Andhra Pradesh,Chittoor,Venkatagirikota,Peddanapalle
Andhra Pradesh,Chittoor,Venkatagirikota,S.Bandapalle (Bandapalle)
Andhra Pradesh,Chittoor,Venkatagirikota,Sivunikuppam
Andhra Pradesh,Chittoor,Venkatagirikota,Thota Kanuma
Andhra Pradesh,Chittoor,Venkatagirikota,Tirumala Pichigundlapalle
Andhra Pradesh,Chittoor,Venkatagirikota,Venkatagirikota
Andhra Pradesh,Chittoor,Venkatagirikota,Vibhuthiyela Nagaram
Andhra Pradesh,Chittoor,Venkatagirikota,Vogu
Andhra Pradesh,Chittoor,Venkatagirikota,Yalakallu
Andhra Pradesh,Chittoor,Vijayapuram,Alapakam
Andhra Pradesh,Chittoor,Vijayapuram,Buchivanatham
Andhra Pradesh,Chittoor,Vijayapuram,Ella Samudram
Andhra Pradesh,Chittoor,Vijayapuram,Gangamamba Puram
Andhra Pradesh,Chittoor,Vijayapuram,Illathuru
Andhra Pradesh,Chittoor,Vijayapuram,Jagannadhapuram
Andhra Pradesh,Chittoor,Vijayapuram,Kaliambakam
Andhra Pradesh,Chittoor,Vijayapuram,Kalikapuram
Andhra Pradesh,Chittoor,Vijayapuram,Kosala Nagaram
Andhra Pradesh,Chittoor,Vijayapuram,Kothuru Venkatapuram
Andhra Pradesh,Chittoor,Vijayapuram,Maharaja Puram
Andhra Pradesh,Chittoor,Vijayapuram,Mangalam
Andhra Pradesh,Chittoor,Vijayapuram,Pannur
Andhra Pradesh,Chittoor,Vijayapuram,Patha Arcot
Andhra Pradesh,Chittoor,Vijayapuram,Sami Reddi Khandriga
Andhra Pradesh,Chittoor,Vijayapuram,Sriharipuram
Andhra Pradesh,Chittoor,Vijayapuram,Vijaya Puram
Andhra Pradesh,Chittoor,Vijayapuram,Vijaya Raghavapuram
Andhra Pradesh,Chittoor,Yadamarri,Bhoomireddipalle
Andhra Pradesh,Chittoor,Yadamarri,Bodaguttapalle
Andhra Pradesh,Chittoor,Yadamarri,Budithireddipalle
Andhra Pradesh,Chittoor,Yadamarri,Dasarapalle
Andhra Pradesh,Chittoor,Yadamarri,Gollapalle
Andhra Pradesh,Chittoor,Yadamarri,Jangalapalle
Andhra Pradesh,Chittoor,Yadamarri,Kammapalle
Andhra Pradesh,Chittoor,Yadamarri,Kanathalacheruvu
Andhra Pradesh,Chittoor,Yadamarri,Kasiralla
Andhra Pradesh,Chittoor,Yadamarri,Konapalle
Andhra Pradesh,Chittoor,Yadamarri,Kotalam
Andhra Pradesh,Chittoor,Yadamarri,Kukkalapalle
Andhra Pradesh,Chittoor,Yadamarri,Madhavaram
Andhra Pradesh,Chittoor,Yadamarri,Madireddipalle
Andhra Pradesh,Chittoor,Yadamarri,Majara Kothapalle
Andhra Pradesh,Chittoor,Yadamarri,Modipalle
Andhra Pradesh,Chittoor,Yadamarri,Mudduramapuram
Andhra Pradesh,Chittoor,Yadamarri,Nadimpalle
Andhra Pradesh,Chittoor,Yadamarri,Otiripalle
Andhra Pradesh,Chittoor,Yadamarri,Otivaripalle
Andhra Pradesh,Chittoor,Yadamarri,Patrapalle
Andhra Pradesh,Chittoor,Yadamarri,Periyambadi
Andhra Pradesh,Chittoor,Yadamarri,Siddareddipalle
Andhra Pradesh,Chittoor,Yadamarri,Yadamarri
Andhra Pradesh,Dr. B.R. Ambedkar Konaseema,Ainavilli,Ainavilli
Andhra Pradesh,Dr. B.R. Ambedkar Konaseema,Ainavilli,Chintana Lanka
Andhra Pradesh,Dr. B.R. Ambedkar Konaseema,Ainavilli,K. Jagannadhapuram
Andhra Pradesh,Dr. B.R. Ambedkar Konaseema,Ainavilli,Kondukuduru
Andhra Pradesh,Dr. B.R. Ambedkar Konaseema,Ainavilli,Kotipalli Bhaga
Andhra Pradesh,Dr. B.R. Ambedkar Konaseema,Ainavilli,Krapa
Andhra Pradesh,Dr. B.R. Ambedkar Konaseema,Ainavilli,Madupalle
Andhra Pradesh,Dr. B.R. Ambedkar Konaseema,Ainavilli,Magam
Andhra Pradesh,Dr. B.R. Ambedkar Konaseema,Ainavilli,Nedunuru
Andhra Pradesh,Dr. B.R. Ambedkar Konaseema,Ainavilli,Pothukurru
Andhra Pradesh,Dr. B.R. Ambedkar Konaseema,Ainavilli,Sanapalli Lanka
Andhra Pradesh,Dr. B.R. Ambedkar Konaseema,Ainavilli,Sirasavalli Savaram
Andhra Pradesh,Dr. B.R. Ambedkar Konaseema,Ainavilli,Siripalle
Andhra Pradesh,Dr. B.R. Ambedkar Konaseema,Ainavilli,Totharamudi
Andhra Pradesh,Dr. B.R. Ambedkar Konaseema,Ainavilli,Veeravallipalem
Andhra Pradesh,Dr. B.R. Ambedkar Konaseema,Ainavilli,Veluvalapalle
Andhra Pradesh,Dr. B.R. Ambedkar Konaseema,Ainavilli,Vilasa
Andhra Pradesh,Dr. B.R. Ambedkar Konaseema,Alamuru,Alamuru
Andhra Pradesh,Dr. B.R. Ambedkar Konaseema,Alamuru,Baduguvanilanka
Andhra Pradesh,Dr. B.R. Ambedkar Konaseema,Alamuru,Chemudu Lanka
Andhra Pradesh,Dr. B.R. Ambedkar Konaseema,Alamuru,Chintaluru
Andhra Pradesh,Dr. B.R. Ambedkar Konaseema,Alamuru,Choppela
Andhra Pradesh,Dr. B.R. Ambedkar Konaseema,Alamuru,Gummileru
Andhra Pradesh,Dr. B.R. Ambedkar Konaseema,Alamuru,Jonnada
Andhra Pradesh,Dr. B.R. Ambedkar Konaseema,Alamuru,Kalavacherla
Andhra Pradesh,Dr. B.R. Ambedkar Konaseema,Alamuru,Madiki
Andhra Pradesh,Dr. B.R. Ambedkar Konaseema,Alamuru,Modukuru
Andhra Pradesh,Dr. B.R. Ambedkar Konaseema,Alamuru,Mulastana Agraharam
Andhra Pradesh,Dr. B.R. Ambedkar Konaseema,Alamuru,Narsipudi
Andhra Pradesh,Dr. B.R. Ambedkar Konaseema,Alamuru,Navabpeta
Andhra Pradesh,Dr. B.R. Ambedkar Konaseema,Alamuru,Pedapalle
Andhra Pradesh,Dr. B.R. Ambedkar Konaseema,Alamuru,Penikeru
Andhra Pradesh,Dr. B.R. Ambedkar Konaseema,Alamuru,Pinapalle
Andhra Pradesh,Dr. B.R. Ambedkar Konaseema,Alamuru,Sandhipudi
Andhra Pradesh,Dr. B.R. Ambedkar Konaseema,Alamuru,Suryarao Peta
Andhra Pradesh,Dr. B.R. Ambedkar Konaseema,Allavaram,Allavaram
Andhra Pradesh,Dr. B.R. Ambedkar Konaseema,Allavaram,Bendamurulanka
Andhra Pradesh,Dr. B.R. Ambedkar Konaseema,Allavaram,Bodasakurru
Andhra Pradesh,Dr. B.R. Ambedkar Konaseema,Allavaram,Devaguptam
Andhra Pradesh,Dr. B.R. Ambedkar Konaseema,Allavaram,Godi
Andhra Pradesh,Dr. B.R. Ambedkar Konaseema,Allavaram,Godilanka
Andhra Pradesh,Dr. B.R. Ambedkar Konaseema,Allavaram,Gudala
Andhra Pradesh,Dr. B.R. Ambedkar Konaseema,Allavaram,Komaragiripatnam
Andhra Pradesh,Dr. B.R. Ambedkar Konaseema,Allavaram,Mogallamuru
Andhra Pradesh,Dr. B.R. Ambedkar Konaseema,Allavaram,Rellugadda
Andhra Pradesh,Dr. B.R. Ambedkar Konaseema,Allavaram,Samanthakuru
Andhra Pradesh,Dr. B.R. Ambedkar Konaseema,Allavaram,Tadikona
Andhra Pradesh,Dr. B.R. Ambedkar Konaseema,Allavaram,Thurupulanka
Andhra Pradesh,Dr. B.R. Ambedkar Konaseema,Allavaram,Yentrikona
Andhra Pradesh,Dr. B.R. Ambedkar Konaseema,Amalapuram,Amalapuram (R)
Andhra Pradesh,Dr. B.R. Ambedkar Konaseema,Amalapuram,A. Vemavaram
Andhra Pradesh,Dr. B.R. Ambedkar Konaseema,Amalapuram,A. Vemavarappadu
Andhra Pradesh,Dr. B.R. Ambedkar Konaseema,Amalapuram,Bandarulanka
Andhra Pradesh,Dr. B.R. Ambedkar Konaseema,Amalapuram,Bandarulanka (Ct)
Andhra Pradesh,Dr. B.R. Ambedkar Konaseema,Amalapuram,Bhatnavilli
Andhra Pradesh,Dr. B.R. Ambedkar Konaseema,Amalapuram,Edarapalle
Andhra Pradesh,Dr. B.R. Ambedkar Konaseema,Amalapuram,Gunnapalle Agraharam
Andhra Pradesh,Dr. B.R. Ambedkar Konaseema,Amalapuram,Immidivarappadu
Andhra Pradesh,Dr. B.R. Ambedkar Konaseema,Amalapuram,Indupalle
Andhra Pradesh,Dr. B.R. Ambedkar Konaseema,Amalapuram,Janupalle
Andhra Pradesh,Dr. B.R. Ambedkar Konaseema,Amalapuram,Kamanagaruvu
Andhra Pradesh,Dr. B.R. Ambedkar Konaseema,Amalapuram,Nadipudi
Andhra Pradesh,Dr. B.R. Ambedkar Konaseema,Amalapuram,Nallamilli
Andhra Pradesh,Dr. B.R. Ambedkar Konaseema,Amalapuram,Palagummi
Andhra Pradesh,Dr. B.R. Ambedkar Konaseema,Amalapuram,Peruru
Andhra Pradesh,Dr. B.R. Ambedkar Konaseema,Amalapuram,Sakuru
Andhra Pradesh,Dr. B.R. Ambedkar Konaseema,Amalapuram,Samanasa
Andhra Pradesh,Dr. B.R. Ambedkar Konaseema,Amalapuram,Thandavapalle
Andhra Pradesh,Dr. B.R. Ambedkar Konaseema,Amalapuram,Vanne Chintalapudi
Andhra Pradesh,Dr. B.R. Ambedkar Konaseema,Ambajipeta,Chiratapudi
Andhra Pradesh,Dr. B.R. Ambedkar Konaseema,Ambajipeta,Gangalakurru
Andhra Pradesh,Dr. B.R. Ambedkar Konaseema,Ambajipeta,Irusumanda
Andhra Pradesh,Dr. B.R. Ambedkar Konaseema,Ambajipeta,Isukapudi
Andhra Pradesh,Dr. B.R. Ambedkar Konaseema,Ambajipeta,K. Pedapudi
Andhra Pradesh,Dr. B.R. Ambedkar Konaseema,Ambajipeta,Machavaram
Andhra Pradesh,Dr. B.R. Ambedkar Konaseema,Ambajipeta,Mosalipalle
Andhra Pradesh,Dr. B.R. Ambedkar Konaseema,Ambajipeta,Mukkamala
Andhra Pradesh,Dr. B.R. Ambedkar Konaseema,Ambajipeta,Nandampudi
Andhra Pradesh,Dr. B.R. Ambedkar Konaseema,Ambajipeta,Pasupalle
Andhra Pradesh,Dr. B.R. Ambedkar Konaseema,Ambajipeta,Pulletikurru
Andhra Pradesh,Dr. B.R. Ambedkar Konaseema,Ambajipeta,Thondavaram
Andhra Pradesh,Dr. B.R. Ambedkar Konaseema,Ambajipeta,Vakkalanka
Andhra Pradesh,Dr. B.R. Ambedkar Konaseema,Atreyapuram,Ankampalem
Andhra Pradesh,Dr. B.R. Ambedkar Konaseema,Atreyapuram,Atreyapuram
Andhra Pradesh,Dr. B.R. Ambedkar Konaseema,Atreyapuram,Kattunga
Andhra Pradesh,Dr. B.R. Ambedkar Konaseema,Atreyapuram,Lolla
Andhra Pradesh,Dr. B.R. Ambedkar Konaseema,Atreyapuram,Merlapalem
Andhra Pradesh,Dr. B.R. Ambedkar Konaseema,Atreyapuram,Narkedimilli
Andhra Pradesh,Dr. B.R. Ambedkar Konaseema,Atreyapuram,Peravaram
Andhra Pradesh,Dr. B.R. Ambedkar Konaseema,Atreyapuram,Pulidindi
Andhra Pradesh,Dr. B.R. Ambedkar Konaseema,Atreyapuram,Rajavaram
Andhra Pradesh,Dr. B.R. Ambedkar Konaseema,Atreyapuram,Ryali
Andhra Pradesh,Dr. B.R. Ambedkar Konaseema,Atreyapuram,Utchili
Andhra Pradesh,Dr. B.R. Ambedkar Konaseema,Atreyapuram,Vadapalle
Andhra Pradesh,Dr. B.R. Ambedkar Konaseema,Atreyapuram,Vaddiparru
Andhra Pradesh,Dr. B.R. Ambedkar Konaseema,Atreyapuram,Valicheru
Andhra Pradesh,Dr. B.R. Ambedkar Konaseema,Atreyapuram,Vasanthawada
Andhra Pradesh,Dr. B.R. Ambedkar Konaseema,I. Polavaram,Guthinadeevi
Andhra Pradesh,Dr. B.R. Ambedkar Konaseema,I. Polavaram,G. Vemavaram
Andhra Pradesh,Dr. B.R. Ambedkar Konaseema,I. Polavaram,I. Polavaram
Andhra Pradesh,Dr. B.R. Ambedkar Konaseema,I. Polavaram,Kesanakurru
Andhra Pradesh,Dr. B.R. Ambedkar Konaseema,I. Polavaram,Komaragiri
Andhra Pradesh,Dr. B.R. Ambedkar Konaseema,I. Polavaram,Muramalla
Andhra Pradesh,Dr. B.R. Ambedkar Konaseema,I. Polavaram,Pasuvullanka
Andhra Pradesh,Dr. B.R. Ambedkar Konaseema,I. Polavaram,Patha Injaram
Andhra Pradesh,Dr. B.R. Ambedkar Konaseema,I. Polavaram,Thillakkuppa
Andhra Pradesh,Dr. B.R. Ambedkar Konaseema,I. Polavaram,T. Kothapalle
Andhra Pradesh,Dr. B.R. Ambedkar Konaseema,I. Polavaram,Yedurulanka
Andhra Pradesh,Dr. B.R. Ambedkar Konaseema,Kapileswarapuram,Addankivari Lanka
Andhra Pradesh,Dr. B.R. Ambedkar Konaseema,Kapileswarapuram,Angara
Andhra Pradesh,Dr. B.R. Ambedkar Konaseema,Kapileswarapuram,Atchutapuram
Andhra Pradesh,Dr. B.R. Ambedkar Konaseema,Kapileswarapuram,Kaleru
Andhra Pradesh,Dr. B.R. Ambedkar Konaseema,Kapileswarapuram,Kapileswarapuram
Andhra Pradesh,Dr. B.R. Ambedkar Konaseema,Kapileswarapuram,Kedara Lanka
Andhra Pradesh,Dr. B.R. Ambedkar Konaseema,Kapileswarapuram,Korumilli
Andhra Pradesh,Dr. B.R. Ambedkar Konaseema,Kapileswarapuram,Machara
Andhra Pradesh,Dr. B.R. Ambedkar Konaseema,Kapileswarapuram,Nagula Cheruvu
Andhra Pradesh,Dr. B.R. Ambedkar Konaseema,Kapileswarapuram,Nalluru
Andhra Pradesh,Dr. B.R. Ambedkar Konaseema,Kapileswarapuram,Nelaturu
Andhra Pradesh,Dr. B.R. Ambedkar Konaseema,Kapileswarapuram,Nidasanametta
Andhra Pradesh,Dr. B.R. Ambedkar Konaseema,Kapileswarapuram,Padamati Khandrika
Andhra Pradesh,Dr. B.R. Ambedkar Konaseema,Kapileswarapuram,Teki
Andhra Pradesh,Dr. B.R. Ambedkar Konaseema,Kapileswarapuram,Thatapudi
Andhra Pradesh,Dr. B.R. Ambedkar Konaseema,Kapileswarapuram,Vadlamuru
Andhra Pradesh,Dr. B.R. Ambedkar Konaseema,Kapileswarapuram,Vakatippa
Andhra Pradesh,Dr. B.R. Ambedkar Konaseema,Kapileswarapuram,Valluru
Andhra Pradesh,Dr. B.R. Ambedkar Konaseema,Kapileswarapuram,Vedurumudi
Andhra Pradesh,Dr. B.R. Ambedkar Konaseema,Kapileswarapuram,West Khandrika
Andhra Pradesh,Dr. B.R. Ambedkar Konaseema,Katrenikona,Bantumilli
Andhra Pradesh,Dr. B.R. Ambedkar Konaseema,Katrenikona,Brahmasamedyam
Andhra Pradesh,Dr. B.R. Ambedkar Konaseema,Katrenikona,Cheyyeru
Andhra Pradesh,Dr. B.R. Ambedkar Konaseema,Katrenikona,Chirrayanam
Andhra Pradesh,Dr. B.R. Ambedkar Konaseema,Katrenikona,Dontikurru
Andhra Pradesh,Dr. B.R. Ambedkar Konaseema,Katrenikona,Geddanapalle
Andhra Pradesh,Dr. B.R. Ambedkar Konaseema,Katrenikona,Kandikuppa
Andhra Pradesh,Dr. B.R. Ambedkar Konaseema,Katrenikona,Katrenikona
Andhra Pradesh,Dr. B.R. Ambedkar Konaseema,Katrenikona,Kundaleswaram
Andhra Pradesh,Dr. B.R. Ambedkar Konaseema,Katrenikona,Lakshmiwada
Andhra Pradesh,Dr. B.R. Ambedkar Konaseema,Katrenikona,Nadavapalle
Andhra Pradesh,Dr. B.R. Ambedkar Konaseema,Katrenikona,Pallamkurru
Andhra Pradesh,Dr. B.R. Ambedkar Konaseema,Katrenikona,Penuwalla
Andhra Pradesh,Dr. B.R. Ambedkar Konaseema,Katrenikona,Uppudi
Andhra Pradesh,Dr. B.R. Ambedkar Konaseema,K Gangavaram,Addampalle
Andhra Pradesh,Dr. B.R. Ambedkar Konaseema,K Gangavaram,Amjuru
Andhra Pradesh,Dr. B.R. Ambedkar Konaseema,K Gangavaram,Balantharam
Andhra Pradesh,Dr. B.R. Ambedkar Konaseema,K Gangavaram,Bhatla Palika
Andhra Pradesh,Dr. B.R. Ambedkar Konaseema,K Gangavaram,Dangeru
Andhra Pradesh,Dr. B.R. Ambedkar Konaseema,K Gangavaram,Gangavaram
Andhra Pradesh,Dr. B.R. Ambedkar Konaseema,K Gangavaram,Gudigalla
Andhra Pradesh,Dr. B.R. Ambedkar Konaseema,K Gangavaram,Gudigalla Bhaga
Andhra Pradesh,Dr. B.R. Ambedkar Konaseema,K Gangavaram,Koolla
Andhra Pradesh,Dr. B.R. Ambedkar Konaseema,K Gangavaram,Kota
Andhra Pradesh,Dr. B.R. Ambedkar Konaseema,K Gangavaram,Kotipalle
Andhra Pradesh,Dr. B.R. Ambedkar Konaseema,K Gangavaram,Kudupuru
Andhra Pradesh,Dr. B.R. Ambedkar Konaseema,K Gangavaram,Kunduru
Andhra Pradesh,Dr. B.R. Ambedkar Konaseema,K Gangavaram,Masakapalle
Andhra Pradesh,Dr. B.R. Ambedkar Konaseema,K Gangavaram,Pamarru
Andhra Pradesh,Dr. B.R. Ambedkar Konaseema,K Gangavaram,Paningapalle
Andhra Pradesh,Dr. B.R. Ambedkar Konaseema,K Gangavaram,Pekeru
Andhra Pradesh,Dr. B.R. Ambedkar Konaseema,K Gangavaram,Satyawada
Andhra Pradesh,Dr. B.R. Ambedkar Konaseema,K Gangavaram,Sivala
Andhra Pradesh,Dr. B.R. Ambedkar Konaseema,K Gangavaram,Sundarapalle
Andhra Pradesh,Dr. B.R. Ambedkar Konaseema,K Gangavaram,Thamarapalle
Andhra Pradesh,Dr. B.R. Ambedkar Konaseema,K Gangavaram,Udumudi
Andhra Pradesh,Dr. B.R. Ambedkar Konaseema,K Gangavaram,Vilasa Gangavaram
Andhra Pradesh,Dr. B.R. Ambedkar Konaseema,K Gangavaram,Yendagandi
Andhra Pradesh,Dr. B.R. Ambedkar Konaseema,K Gangavaram,Yerraa Pothavaram
Andhra Pradesh,Dr. B.R. Ambedkar Konaseema,Kothapeta,Avidi
Andhra Pradesh,Dr. B.R. Ambedkar Konaseema,Kothapeta,Billa Kurru
Andhra Pradesh,Dr. B.R. Ambedkar Konaseema,Kothapeta,Ganti
Andhra Pradesh,Dr. B.R. Ambedkar Konaseema,Kothapeta,Khandrika
Andhra Pradesh,Dr. B.R. Ambedkar Konaseema,Kothapeta,Kothapeta
Andhra Pradesh,Dr. B.R. Ambedkar Konaseema,Kothapeta,Mandapalle
Andhra Pradesh,Dr. B.R. Ambedkar Konaseema,Kothapeta,Modekurru
Andhra Pradesh,Dr. B.R. Ambedkar Konaseema,Kothapeta,Palivela
Andhra Pradesh,Dr. B.R. Ambedkar Konaseema,Kothapeta,Vadapalem
Andhra Pradesh,Dr. B.R. Ambedkar Konaseema,Kothapeta,Vanapalle
Andhra Pradesh,Dr. B.R. Ambedkar Konaseema,Malikipuram,Gudapalle
Andhra Pradesh,Dr. B.R. Ambedkar Konaseema,Malikipuram,Gudimellanka
Andhra Pradesh,Dr. B.R. Ambedkar Konaseema,Malikipuram,Irusumanda
Andhra Pradesh,Dr. B.R. Ambedkar Konaseema,Malikipuram,Kattiwanda
Andhra Pradesh,Dr. B.R. Ambedkar Konaseema,Malikipuram,Kesanapalle
Andhra Pradesh,Dr. B.R. Ambedkar Konaseema,Malikipuram,Lakkavaram
Andhra Pradesh,Dr. B.R. Ambedkar Konaseema,Malikipuram,Malikipuram
Andhra Pradesh,Dr. B.R. Ambedkar Konaseema,Malikipuram,Mattaparru
Andhra Pradesh,Dr. B.R. Ambedkar Konaseema,Malikipuram,Ramarajulanka
Andhra Pradesh,Dr. B.R. Ambedkar Konaseema,Malikipuram,Sankaraguptham
Andhra Pradesh,Dr. B.R. Ambedkar Konaseema,Malikipuram,Visweswarayapuram
Andhra Pradesh,Dr. B.R. Ambedkar Konaseema,Mamidikuduru,Adurru
Andhra Pradesh,Dr. B.R. Ambedkar Konaseema,Mamidikuduru,Appanapalle
Andhra Pradesh,Dr. B.R. Ambedkar Konaseema,Mamidikuduru,Botlakurru Doddavaram
Andhra Pradesh,Dr. B.R. Ambedkar Konaseema,Mamidikuduru,Edarada
Andhra Pradesh,Dr. B.R. Ambedkar Konaseema,Mamidikuduru,Geddada
Andhra Pradesh,Dr. B.R. Ambedkar Konaseema,Mamidikuduru,Gogannamattam
Andhra Pradesh,Dr. B.R. Ambedkar Konaseema,Mamidikuduru,Komarada
Andhra Pradesh,Dr. B.R. Ambedkar Konaseema,Mamidikuduru,Lutukurru
Andhra Pradesh,Dr. B.R. Ambedkar Konaseema,Mamidikuduru,Magatapalle
Andhra Pradesh,Dr. B.R. Ambedkar Konaseema,Mamidikuduru,Makanapalem
Andhra Pradesh,Dr. B.R. Ambedkar Konaseema,Mamidikuduru,Mamidikuduru
Andhra Pradesh,Dr. B.R. Ambedkar Konaseema,Mamidikuduru,Mogalikuduru
Andhra Pradesh,Dr. B.R. Ambedkar Konaseema,Mamidikuduru,Nagaram
Andhra Pradesh,Dr. B.R. Ambedkar Konaseema,Mamidikuduru,Pasarlapudi
Andhra Pradesh,Dr. B.R. Ambedkar Konaseema,Mamidikuduru,Pasarlapudilanka
Andhra Pradesh,Dr. B.R. Ambedkar Konaseema,Mamidikuduru,Pedapatnam
Andhra Pradesh,Dr. B.R. Ambedkar Konaseema,Mamidikuduru,Pedapatnam Lanka
Andhra Pradesh,Dr. B.R. Ambedkar Konaseema,Mandapeta,Arthamuru
Andhra Pradesh,Dr. B.R. Ambedkar Konaseema,Mandapeta,Chinadevarapudi
Andhra Pradesh,Dr. B.R. Ambedkar Konaseema,Mandapeta,Dwarapudi
Andhra Pradesh,Dr. B.R. Ambedkar Konaseema,Mandapeta,Ippanapadu
Andhra Pradesh,Dr. B.R. Ambedkar Konaseema,Mandapeta,Kesavaram
Andhra Pradesh,Dr. B.R. Ambedkar Konaseema,Mandapeta,Mandapeta
Andhra Pradesh,Dr. B.R. Ambedkar Konaseema,Mandapeta,Maredubaka (Part)
Andhra Pradesh,Dr. B.R. Ambedkar Konaseema,Mandapeta,Meruipadu
Andhra Pradesh,Dr. B.R. Ambedkar Konaseema,Mandapeta,Palathodu
Andhra Pradesh,Dr. B.R. Ambedkar Konaseema,Mandapeta,Tapeswaram
Andhra Pradesh,Dr. B.R. Ambedkar Konaseema,Mandapeta,Velagathodu
Andhra Pradesh,Dr. B.R. Ambedkar Konaseema,Mandapeta,Vemulapalle @ Seetayyapalem
Andhra Pradesh,Dr. B.R. Ambedkar Konaseema,Mandapeta,Yeditha
Andhra Pradesh,Dr. B.R. Ambedkar Konaseema,Mandapeta,Z.Medapadu
Andhra Pradesh,Dr. B.R. Ambedkar Konaseema,Mummidivaram,Ainapuram
Andhra Pradesh,Dr. B.R. Ambedkar Konaseema,Mummidivaram,Ananthavaram
Andhra Pradesh,Dr. B.R. Ambedkar Konaseema,Mummidivaram,Annampalle
Andhra Pradesh,Dr. B.R. Ambedkar Konaseema,Mummidivaram,Ch. Gunnepalle
Andhra Pradesh,Dr. B.R. Ambedkar Konaseema,Mummidivaram,Gadilanka
Andhra Pradesh,Dr. B.R. Ambedkar Konaseema,Mummidivaram,Kamini
Andhra Pradesh,Dr. B.R. Ambedkar Konaseema,Mummidivaram,Komanapalle
Andhra Pradesh,Dr. B.R. Ambedkar Konaseema,Mummidivaram,Kothalanka
Andhra Pradesh,Dr. B.R. Ambedkar Konaseema,Mummidivaram,Krapa Chintalapudi
Andhra Pradesh,Dr. B.R. Ambedkar Konaseema,Mummidivaram,Mummidivaram
Andhra Pradesh,Dr. B.R. Ambedkar Konaseema,Mummidivaram,Tanelanka
Andhra Pradesh,Dr. B.R. Ambedkar Konaseema,P.Gannavaram,Bellampudi
Andhra Pradesh,Dr. B.R. Ambedkar Konaseema,P.Gannavaram,Ganti Pedapudi
Andhra Pradesh,Dr. B.R. Ambedkar Konaseema,P.Gannavaram,Karupallipadu
Andhra Pradesh,Dr. B.R. Ambedkar Konaseema,P.Gannavaram,Katharlanka
Andhra Pradesh,Dr. B.R. Ambedkar Konaseema,P.Gannavaram,Kundalapalle
Andhra Pradesh,Dr. B.R. Ambedkar Konaseema,P.Gannavaram,Lankalagannavaram
Andhra Pradesh,Dr. B.R. Ambedkar Konaseema,P.Gannavaram,Manepalle
Andhra Pradesh,Dr. B.R. Ambedkar Konaseema,P.Gannavaram,Mondepu Lanka
Andhra Pradesh,Dr. B.R. Ambedkar Konaseema,P.Gannavaram,Munganda
Andhra Pradesh,Dr. B.R. Ambedkar Konaseema,P.Gannavaram,Mungandapalem
Andhra Pradesh,Dr. B.R. Ambedkar Konaseema,P.Gannavaram,Munjavaram
Andhra Pradesh,Dr. B.R. Ambedkar Konaseema,P.Gannavaram,Narendrapuram
Andhra Pradesh,Dr. B.R. Ambedkar Konaseema,P.Gannavaram,Patha Gannavaram
Andhra Pradesh,Dr. B.R. Ambedkar Konaseema,P.Gannavaram,Pothavaram
Andhra Pradesh,Dr. B.R. Ambedkar Konaseema,P.Gannavaram,Udumudi
Andhra Pradesh,Dr. B.R. Ambedkar Konaseema,P.Gannavaram,Vadrevupalle
Andhra Pradesh,Dr. B.R. Ambedkar Konaseema,P.Gannavaram,Vainateya Kothapalle
Andhra Pradesh,Dr. B.R. Ambedkar Konaseema,P.Gannavaram,Yenugupalle
Andhra Pradesh,Dr. B.R. Ambedkar Konaseema,Ramachandrapuram,Ambikapalle Agraharam
Andhra Pradesh,Dr. B.R. Ambedkar Konaseema,Ramachandrapuram,Bheemakrosupalem
Andhra Pradesh,Dr. B.R. Ambedkar Konaseema,Ramachandrapuram,Chodavaram
Andhra Pradesh,Dr. B.R. Ambedkar Konaseema,Ramachandrapuram,Draksharama
Andhra Pradesh,Dr. B.R. Ambedkar Konaseema,Ramachandrapuram,Hasanbada
Andhra Pradesh,Dr. B.R. Ambedkar Konaseema,Ramachandrapuram,Jagannaikulapalem
Andhra Pradesh,Dr. B.R. Ambedkar Konaseema,Ramachandrapuram,Kandulapalem
Andhra Pradesh,Dr. B.R. Ambedkar Konaseema,Ramachandrapuram,Kapavaram
Andhra Pradesh,Dr. B.R. Ambedkar Konaseema,Ramachandrapuram,Malapadu
Andhra Pradesh,Dr. B.R. Ambedkar Konaseema,Ramachandrapuram,Mutchumilli
Andhra Pradesh,Dr. B.R. Ambedkar Konaseema,Ramachandrapuram,Narasapurapupeta
Andhra Pradesh,Dr. B.R. Ambedkar Konaseema,Ramachandrapuram,Oduru
Andhra Pradesh,Dr. B.R. Ambedkar Konaseema,Ramachandrapuram,Ramachandrapuram
Andhra Pradesh,Dr. B.R. Ambedkar Konaseema,Ramachandrapuram,Tadipalle
Andhra Pradesh,Dr. B.R. Ambedkar Konaseema,Ramachandrapuram,Thotapeta
Andhra Pradesh,Dr. B.R. Ambedkar Konaseema,Ramachandrapuram,Unduru
Andhra Pradesh,Dr. B.R. Ambedkar Konaseema,Ramachandrapuram,Utrumilli
Andhra Pradesh,Dr. B.R. Ambedkar Konaseema,Ramachandrapuram,Vegayammapeta
Andhra Pradesh,Dr. B.R. Ambedkar Konaseema,Ramachandrapuram,Velampalem
Andhra Pradesh,Dr. B.R. Ambedkar Konaseema,Ramachandrapuram,Vella
Andhra Pradesh,Dr. B.R. Ambedkar Konaseema,Ramachandrapuram,Venkatayapalem
Andhra Pradesh,Dr. B.R. Ambedkar Konaseema,Ramachandrapuram,Yanamadala
Andhra Pradesh,Dr. B.R. Ambedkar Konaseema,Ramachandrapuram,Yerupalle
Andhra Pradesh,Dr. B.R. Ambedkar Konaseema,Ravulapalem,Devarapalle
Andhra Pradesh,Dr. B.R. Ambedkar Konaseema,Ravulapalem,Gopalapuram
Andhra Pradesh,Dr. B.R. Ambedkar Konaseema,Ravulapalem,Ithakota
Andhra Pradesh,Dr. B.R. Ambedkar Konaseema,Ravulapalem,Juthigapadu
Andhra Pradesh,Dr. B.R. Ambedkar Konaseema,Ravulapalem,Komaraju Lanka
Andhra Pradesh,Dr. B.R. Ambedkar Konaseema,Ravulapalem,Lakshmipolavaram
Andhra Pradesh,Dr. B.R. Ambedkar Konaseema,Ravulapalem,Mummidivarappadu
Andhra Pradesh,Dr. B.R. Ambedkar Konaseema,Ravulapalem,Podagatlapalle
Andhra Pradesh,Dr. B.R. Ambedkar Konaseema,Ravulapalem,Ravulapalem
Andhra Pradesh,Dr. B.R. Ambedkar Konaseema,Ravulapalem,Ubalanka
Andhra Pradesh,Dr. B.R. Ambedkar Konaseema,Ravulapalem,Vedireswaram
Andhra Pradesh,Dr. B.R. Ambedkar Konaseema,Rayavaram,Chelluru
Andhra Pradesh,Dr. B.R. Ambedkar Konaseema,Rayavaram,Kurakallapalle
Andhra Pradesh,Dr. B.R. Ambedkar Konaseema,Rayavaram,Kurmapuram
Andhra Pradesh,Dr. B.R. Ambedkar Konaseema,Rayavaram,Lolla
Andhra Pradesh,Dr. B.R. Ambedkar Konaseema,Rayavaram,Machavaram
Andhra Pradesh,Dr. B.R. Ambedkar Konaseema,Rayavaram,Nadurubada
Andhra Pradesh,Dr. B.R. Ambedkar Konaseema,Rayavaram,Pasalapudi
Andhra Pradesh,Dr. B.R. Ambedkar Konaseema,Rayavaram,Someswaram
Andhra Pradesh,Dr. B.R. Ambedkar Konaseema,Rayavaram,Vedurupaka
Andhra Pradesh,Dr. B.R. Ambedkar Konaseema,Rayavaram,Venturu
Andhra Pradesh,Dr. B.R. Ambedkar Konaseema,Razole,B. Savaram
Andhra Pradesh,Dr. B.R. Ambedkar Konaseema,Razole,Chintalapalle
Andhra Pradesh,Dr. B.R. Ambedkar Konaseema,Razole,Kadali
Andhra Pradesh,Dr. B.R. Ambedkar Konaseema,Razole,Katrevupadu
Andhra Pradesh,Dr. B.R. Ambedkar Konaseema,Razole,Kunavaram
Andhra Pradesh,Dr. B.R. Ambedkar Konaseema,Razole,Mulikipalle
Andhra Pradesh,Dr. B.R. Ambedkar Konaseema,Razole,Palagummi
Andhra Pradesh,Dr. B.R. Ambedkar Konaseema,Razole,Podalada
Andhra Pradesh,Dr. B.R. Ambedkar Konaseema,Razole,Ponnamanda
Andhra Pradesh,Dr. B.R. Ambedkar Konaseema,Razole,Razole
Andhra Pradesh,Dr. B.R. Ambedkar Konaseema,Razole,Sivakodu
Andhra Pradesh,Dr. B.R. Ambedkar Konaseema,Razole,Sompalle
Andhra Pradesh,Dr. B.R. Ambedkar Konaseema,Razole,Thatipaka
Andhra Pradesh,Dr. B.R. Ambedkar Konaseema,Sakhinetipalli,Antarvedi
Andhra Pradesh,Dr. B.R. Ambedkar Konaseema,Sakhinetipalli,Antarvedipalem
Andhra Pradesh,Dr. B.R. Ambedkar Konaseema,Sakhinetipalli,Appanaramuni Lanka
Andhra Pradesh,Dr. B.R. Ambedkar Konaseema,Sakhinetipalli,Gudimula Kandrika
Andhra Pradesh,Dr. B.R. Ambedkar Konaseema,Sakhinetipalli,Kesavadasupalem
Andhra Pradesh,Dr. B.R. Ambedkar Konaseema,Sakhinetipalli,Mori
Andhra Pradesh,Dr. B.R. Ambedkar Konaseema,Sakhinetipalli,Rameswaram
Andhra Pradesh,Dr. B.R. Ambedkar Konaseema,Sakhinetipalli,Sakhinetipalle
Andhra Pradesh,Dr. B.R. Ambedkar Konaseema,Uppalaguptam,Bheemanapalle
Andhra Pradesh,Dr. B.R. Ambedkar Konaseema,Uppalaguptam,Chinagedavalli
Andhra Pradesh,Dr. B.R. Ambedkar Konaseema,Uppalaguptam,Gollavilli
Andhra Pradesh,Dr. B.R. Ambedkar Konaseema,Uppalaguptam,Gopavaram
Andhra Pradesh,Dr. B.R. Ambedkar Konaseema,Uppalaguptam,Kunavaram
Andhra Pradesh,Dr. B.R. Ambedkar Konaseema,Uppalaguptam,Munipalle
Andhra Pradesh,Dr. B.R. Ambedkar Konaseema,Uppalaguptam,Nangavaram
Andhra Pradesh,Dr. B.R. Ambedkar Konaseema,Uppalaguptam,Nimmakayala Kothapalle
Andhra Pradesh,Dr. B.R. Ambedkar Konaseema,Uppalaguptam,Pedagadavilli
Andhra Pradesh,Dr. B.R. Ambedkar Konaseema,Uppalaguptam,Sannavalli
Andhra Pradesh,Dr. B.R. Ambedkar Konaseema,Uppalaguptam,Surasaniyanam
Andhra Pradesh,Dr. B.R. Ambedkar Konaseema,Uppalaguptam,T. Challapalle
Andhra Pradesh,Dr. B.R. Ambedkar Konaseema,Uppalaguptam,Uppalaguptam
Andhra Pradesh,Dr. B.R. Ambedkar Konaseema,Uppalaguptam,Vilasavilli
Andhra Pradesh,East Godavari,Anaparthi,Anaparthy
Andhra Pradesh,East Godavari,Anaparthi,Duppalapudi
Andhra Pradesh,East Godavari,Anaparthi,Koppavaram
Andhra Pradesh,East Godavari,Anaparthi,Kutukuluru
Andhra Pradesh,East Godavari,Anaparthi,Laxmi Narasapuram
Andhra Pradesh,East Godavari,Anaparthi,Mahendrawada
Andhra Pradesh,East Godavari,Anaparthi,Pedaparthi
Andhra Pradesh,East Godavari,Anaparthi,Pera Ramachandrapuram
Andhra Pradesh,East Godavari,Anaparthi,Polamuru
Andhra Pradesh,East Godavari,Anaparthi,Pulagurtha
Andhra Pradesh,East Godavari,Anaparthi,Ramavaram
Andhra Pradesh,East Godavari,Biccavolu,Arikarevula
Andhra Pradesh,East Godavari,Biccavolu,Balabhadrapuram
Andhra Pradesh,East Godavari,Biccavolu,Biccavolu
Andhra Pradesh,East Godavari,Biccavolu,Illapalle
Andhra Pradesh,East Godavari,Biccavolu,Kapavaram
Andhra Pradesh,East Godavari,Biccavolu,Komaripalem
Andhra Pradesh,East Godavari,Biccavolu,Konkuduru
Andhra Pradesh,East Godavari,Biccavolu,Melluru
Andhra Pradesh,East Godavari,Biccavolu,Pandalapaka
Andhra Pradesh,East Godavari,Biccavolu,Rallakhandrika
Andhra Pradesh,East Godavari,Biccavolu,Rangapuram
Andhra Pradesh,East Godavari,Biccavolu,Thummalapalle
Andhra Pradesh,East Godavari,Biccavolu,Tossipudi
Andhra Pradesh,East Godavari,Biccavolu,Voolapalle
Andhra Pradesh,East Godavari,Chagallu,Brahmanagudem
Andhra Pradesh,East Godavari,Chagallu,Chagallu
Andhra Pradesh,East Godavari,Chagallu,Chikkala
Andhra Pradesh,East Godavari,Chagallu,Daravaram
Andhra Pradesh,East Godavari,Chagallu,Kalavalapalle
Andhra Pradesh,East Godavari,Chagallu,Mallavaram
Andhra Pradesh,East Godavari,Chagallu,Markondapadu
Andhra Pradesh,East Godavari,Chagallu,Nandigampadu
Andhra Pradesh,East Godavari,Chagallu,Nelaturu
Andhra Pradesh,East Godavari,Chagallu,Singanamuppavaram
Andhra Pradesh,East Godavari,Chagallu,Unagatla
Andhra Pradesh,East Godavari,Devarapalle,Bandapuram
Andhra Pradesh,East Godavari,Devarapalle,Chinnayagudem
Andhra Pradesh,East Godavari,Devarapalle,Devarapalle
Andhra Pradesh,East Godavari,Devarapalle,Dhumanthunigudem
Andhra Pradesh,East Godavari,Devarapalle,Duddukuru
Andhra Pradesh,East Godavari,Devarapalle,Gowripatnam
Andhra Pradesh,East Godavari,Devarapalle,Kondagudem
Andhra Pradesh,East Godavari,Devarapalle,Kurukuru
Andhra Pradesh,East Godavari,Devarapalle,Laxmipuram
Andhra Pradesh,East Godavari,Devarapalle,Pallantlai
Andhra Pradesh,East Godavari,Devarapalle,Tyajampudi
Andhra Pradesh,East Godavari,Devarapalle,Yadavole
Andhra Pradesh,East Godavari,Devarapalle,Yernagudem
Andhra Pradesh,East Godavari,Gokavaram,Atchutapuram
Andhra Pradesh,East Godavari,Gokavaram,Bhupatipalem
Andhra Pradesh,East Godavari,Gokavaram,Gadelapalem
Andhra Pradesh,East Godavari,Gokavaram,Gangampalem
Andhra Pradesh,East Godavari,Gokavaram,Gokavaram
Andhra Pradesh,East Godavari,Gokavaram,Gummalladuddi
Andhra Pradesh,East Godavari,Gokavaram,Itikayala Palle
Andhra Pradesh,East Godavari,Gokavaram,Kalijolla
Andhra Pradesh,East Godavari,Gokavaram,Kamaraju Peta
Andhra Pradesh,East Godavari,Gokavaram,Kothapalle
Andhra Pradesh,East Godavari,Gokavaram,Krishnunipalem
Andhra Pradesh,East Godavari,Gokavaram,Mallavaram
Andhra Pradesh,East Godavari,Gokavaram,Rampa Yerrampalem
Andhra Pradesh,East Godavari,Gokavaram,Sivaramapatnam
Andhra Pradesh,East Godavari,Gokavaram,Sudikonda
Andhra Pradesh,East Godavari,Gokavaram,Takurupalem
Andhra Pradesh,East Godavari,Gokavaram,Thantikonda
Andhra Pradesh,East Godavari,Gokavaram,Tirumalayapalem
Andhra Pradesh,East Godavari,Gokavaram,Vedurupaka
Andhra Pradesh,East Godavari,Gopalapuram,Bhimolu
Andhra Pradesh,East Godavari,Gopalapuram,Cherukumilli
Andhra Pradesh,East Godavari,Gopalapuram,Chityala
Andhra Pradesh,East Godavari,Gopalapuram,Dondapudi
Andhra Pradesh,East Godavari,Gopalapuram,Gangavaram
Andhra Pradesh,East Godavari,Gopalapuram,Gangolu
Andhra Pradesh,East Godavari,Gopalapuram,Gopalapuram
Andhra Pradesh,East Godavari,Gopalapuram,Guddigudem
Andhra Pradesh,East Godavari,Gopalapuram,Jagannadhapuram
Andhra Pradesh,East Godavari,Gopalapuram,Karagapadu
Andhra Pradesh,East Godavari,Gopalapuram,Karicharlagudem
Andhra Pradesh,East Godavari,Gopalapuram,Komatigunta
Andhra Pradesh,East Godavari,Gopalapuram,Kovvurupadu
Andhra Pradesh,East Godavari,Gopalapuram,Nandigudem
Andhra Pradesh,East Godavari,Gopalapuram,Saggonda
Andhra Pradesh,East Godavari,Gopalapuram,Sagipadu
Andhra Pradesh,East Godavari,Gopalapuram,Vadalakunta
Andhra Pradesh,East Godavari,Gopalapuram,Vellachintalagudem
Andhra Pradesh,East Godavari,Gopalapuram,Venkatayapalem
Andhra Pradesh,East Godavari,Kadiam,Damireddipalle
Andhra Pradesh,East Godavari,Kadiam,Dulla
Andhra Pradesh,East Godavari,Kadiam,Jegurupadu
Andhra Pradesh,East Godavari,Kadiam,Kadiam
Andhra Pradesh,East Godavari,Kadiam,Muramanda
Andhra Pradesh,East Godavari,Kadiam,Veeravaram
Andhra Pradesh,East Godavari,Kadiam,Vemagiri
Andhra Pradesh,East Godavari,Korukonda,Bodleddupalem
Andhra Pradesh,East Godavari,Korukonda,Burugupudi
Andhra Pradesh,East Godavari,Korukonda,Butchempeta
Andhra Pradesh,East Godavari,Korukonda,Dosakayalapalle
Andhra Pradesh,East Godavari,Korukonda,Gadala
Andhra Pradesh,East Godavari,Korukonda,Gadarada
Andhra Pradesh,East Godavari,Korukonda,Jambupatnam
Andhra Pradesh,East Godavari,Korukonda,Kanupuru
Andhra Pradesh,East Godavari,Korukonda,Kapavaram
Andhra Pradesh,East Godavari,Korukonda,Korukonda
Andhra Pradesh,East Godavari,Korukonda,Koti
Andhra Pradesh,East Godavari,Korukonda,Kotikesavaram
Andhra Pradesh,East Godavari,Korukonda,Madhurapudi
Andhra Pradesh,East Godavari,Korukonda,Munagala
Andhra Pradesh,East Godavari,Korukonda,Narasapuram
Andhra Pradesh,East Godavari,Korukonda,Narasimhapura Agraharam
Andhra Pradesh,East Godavari,Korukonda,Nidigatla
Andhra Pradesh,East Godavari,Korukonda,Raghavapuram
Andhra Pradesh,East Godavari,Korukonda,Srirangapatnam
Andhra Pradesh,East Godavari,Kovvur,Arikirevula
Andhra Pradesh,East Godavari,Kovvur,Chidipi
Andhra Pradesh,East Godavari,Kovvur,Chigurulanka
Andhra Pradesh,East Godavari,Kovvur,Decherla
Andhra Pradesh,East Godavari,Kovvur,Dharmavaram
Andhra Pradesh,East Godavari,Kovvur,Dommeru
Andhra Pradesh,East Godavari,Kovvur,Isukapatlapangidi
Andhra Pradesh,East Godavari,Kovvur,Kovvur
Andhra Pradesh,East Godavari,Kovvur,Kumaradevam
Andhra Pradesh,East Godavari,Kovvur,Madduru
Andhra Pradesh,East Godavari,Kovvur,Maddurulanka
Andhra Pradesh,East Godavari,Kovvur,Nandamuru
Andhra Pradesh,East Godavari,Kovvur,Pasivedala
Andhra Pradesh,East Godavari,Kovvur,Penakanametta
Andhra Pradesh,East Godavari,Kovvur,Thogummi
Andhra Pradesh,East Godavari,Kovvur,Vadapalle
Andhra Pradesh,East Godavari,Kovvur,Vemuluru
Andhra Pradesh,East Godavari,Nallajerla,Ananthapalle
Andhra Pradesh,East Godavari,Nallajerla,Anumunilanka
Andhra Pradesh,East Godavari,Nallajerla,Avapadu
Andhra Pradesh,East Godavari,Nallajerla,Cheepurugudem
Andhra Pradesh,East Godavari,Nallajerla,Chodavaram (West)
Andhra Pradesh,East Godavari,Nallajerla,Dubacherla
Andhra Pradesh,East Godavari,Nallajerla,Gundepalle @ Chodavaram(East)
Andhra Pradesh,East Godavari,Nallajerla,Marellamudi
Andhra Pradesh,East Godavari,Nallajerla,Nallajerla
Andhra Pradesh,East Godavari,Nallajerla,Pothavaram
Andhra Pradesh,East Godavari,Nallajerla,Prakasaraopalem
Andhra Pradesh,East Godavari,Nallajerla,Sanjeevapuram
Andhra Pradesh,East Godavari,Nallajerla,Telikicherla
Andhra Pradesh,East Godavari,Nallajerla,Veeravalli
Andhra Pradesh,East Godavari,Nidadavole,Ammepalle
Andhra Pradesh,East Godavari,Nidadavole,Atlapadu
Andhra Pradesh,East Godavari,Nidadavole,D.Muppavaram
Andhra Pradesh,East Godavari,Nidadavole,Gopavaram
Andhra Pradesh,East Godavari,Nidadavole,Jeedigunta
Andhra Pradesh,East Godavari,Nidadavole,Jeediguntalanka
Andhra Pradesh,East Godavari,Nidadavole,J.Khandrika
Andhra Pradesh,East Godavari,Nidadavole,Kalavacherla
Andhra Pradesh,East Godavari,Nidadavole,Korumamidi
Andhra Pradesh,East Godavari,Nidadavole,Korupalle
Andhra Pradesh,East Godavari,Nidadavole,Medipalle
Andhra Pradesh,East Godavari,Nidadavole,Munipalle
Andhra Pradesh,East Godavari,Nidadavole,Nidadavole (R)
Andhra Pradesh,East Godavari,Nidadavole,Pandalaparru
Andhra Pradesh,East Godavari,Nidadavole,Pendyala
Andhra Pradesh,East Godavari,Nidadavole,Purushothapalle
Andhra Pradesh,East Godavari,Nidadavole,Ravimetla
Andhra Pradesh,East Godavari,Nidadavole,Sankarapuram
Andhra Pradesh,East Godavari,Nidadavole,Settipeta
Andhra Pradesh,East Godavari,Nidadavole,Singavaram
Andhra Pradesh,East Godavari,Nidadavole,Surapuram
Andhra Pradesh,East Godavari,Nidadavole,Tadimalla
Andhra Pradesh,East Godavari,Nidadavole,Thimmarajupalem
Andhra Pradesh,East Godavari,Nidadavole,Unakaramilli
Andhra Pradesh,East Godavari,Nidadavole,Vijjeswaram
Andhra Pradesh,East Godavari,Nidadavole,Vissampalem
Andhra Pradesh,East Godavari,Peravali,Ajjaram
Andhra Pradesh,East Godavari,Peravali,Kakaraparru
Andhra Pradesh,East Godavari,Peravali,Kanuru
Andhra Pradesh,East Godavari,Peravali,Kanuruagraharam
Andhra Pradesh,East Godavari,Peravali,Kapavaram
Andhra Pradesh,East Godavari,Peravali,Khandavalli
Andhra Pradesh,East Godavari,Peravali,Kothapalle Agraharam
Andhra Pradesh,East Godavari,Peravali,Malleswaram
Andhra Pradesh,East Godavari,Peravali,Mukkamala
Andhra Pradesh,East Godavari,Peravali,Nadupalle
Andhra Pradesh,East Godavari,Peravali,Peravali
Andhra Pradesh,East Godavari,Peravali,Pittalavemavaram
Andhra Pradesh,East Godavari,Peravali,Teeparru
Andhra Pradesh,East Godavari,Peravali,Usulumarru
Andhra Pradesh,East Godavari,Rajamahendravaram Rural,Bommuru (Og)
Andhra Pradesh,East Godavari,Rajamahendravaram Rural,Dowleswaram (Ct)
Andhra Pradesh,East Godavari,Rajamahendravaram Rural,Hukumpeta (Ct)
Andhra Pradesh,East Godavari,Rajamahendravaram Rural,Katheru (Ct)
Andhra Pradesh,East Godavari,Rajamahendravaram Rural,Kolamuru
Andhra Pradesh,East Godavari,Rajamahendravaram Rural,Morampudi (Ct)
Andhra Pradesh,East Godavari,Rajamahendravaram Rural,Pidimgoyyi
Andhra Pradesh,East Godavari,Rajamahendravaram Rural,Rajahmundry Nma (Og)
Andhra Pradesh,East Godavari,Rajamahendravaram Rural,Rajavolu
Andhra Pradesh,East Godavari,Rajamahendravaram Rural,Satelite City
Andhra Pradesh,East Godavari,Rajamahendravaram Rural,Torredu
Andhra Pradesh,East Godavari,Rajamahendravaram Urban,Rajajmundry Urban
Andhra Pradesh,East Godavari,Rajanagaram,Bhupalapatnam
Andhra Pradesh,East Godavari,Rajanagaram,G. Yerrampalem
Andhra Pradesh,East Godavari,Rajanagaram,Jagannadhapuram Agraharam
Andhra Pradesh,East Godavari,Rajanagaram,Kalavacherla
Andhra Pradesh,East Godavari,Rajanagaram,Kanavaram
Andhra Pradesh,East Godavari,Rajanagaram,Konda Gunturu
Andhra Pradesh,East Godavari,Rajanagaram,Mukkinada
Andhra Pradesh,East Godavari,Rajanagaram,Namavaram
Andhra Pradesh,East Godavari,Rajanagaram,Nandarada
Andhra Pradesh,East Godavari,Rajanagaram,Narendrapuram
Andhra Pradesh,East Godavari,Rajanagaram,Palacharla
Andhra Pradesh,East Godavari,Rajanagaram,Patha Thungapadu
Andhra Pradesh,East Godavari,Rajanagaram,Rajanagaram
Andhra Pradesh,East Godavari,Rajanagaram,Srikrishnapatnam
Andhra Pradesh,East Godavari,Rajanagaram,Thokada
Andhra Pradesh,East Godavari,Rajanagaram,Velugubanda
Andhra Pradesh,East Godavari,Rajanagaram,Venkatapuram
Andhra Pradesh,East Godavari,Rangampeta,Doddigunta
Andhra Pradesh,East Godavari,Rangampeta,Elakolanu
Andhra Pradesh,East Godavari,Rangampeta,G. Donthamuru
Andhra Pradesh,East Godavari,Rangampeta,Kotapadu
Andhra Pradesh,East Godavari,Rangampeta,Marripudi
Andhra Pradesh,East Godavari,Rangampeta,Mukundavaram
Andhra Pradesh,East Godavari,Rangampeta,Nallamilli
Andhra Pradesh,East Godavari,Rangampeta,Pedarayavaram
Andhra Pradesh,East Godavari,Rangampeta,Rangampeta
Andhra Pradesh,East Godavari,Rangampeta,Singampalle
Andhra Pradesh,East Godavari,Rangampeta,South Thirupathi Rajapuram
Andhra Pradesh,East Godavari,Rangampeta,Subhadrampeta
Andhra Pradesh,East Godavari,Rangampeta,Vadisaleru
Andhra Pradesh,East Godavari,Rangampeta,Veerampalem
Andhra Pradesh,East Godavari,Rangampeta,Venkatapuram
Andhra Pradesh,East Godavari,Seethanagaram,Bobbillanka
Andhra Pradesh,East Godavari,Seethanagaram,Chinakondepudi
Andhra Pradesh,East Godavari,Seethanagaram,Hundeswarapuram
Andhra Pradesh,East Godavari,Seethanagaram,Jalimudi
Andhra Pradesh,East Godavari,Seethanagaram,Katavaram
Andhra Pradesh,East Godavari,Seethanagaram,Kunavaram
Andhra Pradesh,East Godavari,Seethanagaram,Mirthipadu
Andhra Pradesh,East Godavari,Seethanagaram,Muggaulla
Andhra Pradesh,East Godavari,Seethanagaram,Mulakallanka
Andhra Pradesh,East Godavari,Seethanagaram,Munikudali
Andhra Pradesh,East Godavari,Seethanagaram,Nagampalle
Andhra Pradesh,East Godavari,Seethanagaram,Nallagonda
Andhra Pradesh,East Godavari,Seethanagaram,Purushothapatnam
Andhra Pradesh,East Godavari,Seethanagaram,Raghudevapuram
Andhra Pradesh,East Godavari,Seethanagaram,Seethanagaram
Andhra Pradesh,East Godavari,Seethanagaram,Singavaram
Andhra Pradesh,East Godavari,Seethanagaram,Vangalapudi
Andhra Pradesh,East Godavari,Tallapudi,Annadevarapeta
Andhra Pradesh,East Godavari,Tallapudi,Ballipadu
Andhra Pradesh,East Godavari,Tallapudi,Bayyavaram
Andhra Pradesh,East Godavari,Tallapudi,Gajjaram
Andhra Pradesh,East Godavari,Tallapudi,Kukunuru
Andhra Pradesh,East Godavari,Tallapudi,Malakapalle
Andhra Pradesh,East Godavari,Tallapudi,Nallamillipadu
Andhra Pradesh,East Godavari,Tallapudi,Paidimetta
Andhra Pradesh,East Godavari,Tallapudi,Peddevam
Andhra Pradesh,East Godavari,Tallapudi,Pochavaram
Andhra Pradesh,East Godavari,Tallapudi,Prakkilanka
Andhra Pradesh,East Godavari,Tallapudi,Ragolapalle
Andhra Pradesh,East Godavari,Tallapudi,Ravurupadu
Andhra Pradesh,East Godavari,Tallapudi,Thadipudi
Andhra Pradesh,East Godavari,Tallapudi,Thallapudi
Andhra Pradesh,East Godavari,Tallapudi,Thupakulagudem
Andhra Pradesh,East Godavari,Tallapudi,Tirugudumetta
Andhra Pradesh,East Godavari,Tallapudi,Veerabhadrapuram
Andhra Pradesh,East Godavari,Tallapudi,Vegeswarapuram
Andhra Pradesh,East Godavari,Undrajavaram,Chilakapadu
Andhra Pradesh,East Godavari,Undrajavaram,Chivatam
Andhra Pradesh,East Godavari,Undrajavaram,Dammennu
Andhra Pradesh,East Godavari,Undrajavaram,Kaldhari
Andhra Pradesh,East Godavari,Undrajavaram,Karravarisavaram
Andhra Pradesh,East Godavari,Undrajavaram,Mortha
Andhra Pradesh,East Godavari,Undrajavaram,Palangi
Andhra Pradesh,East Godavari,Undrajavaram,Pasalapudi
Andhra Pradesh,East Godavari,Undrajavaram,Satyawada
Andhra Pradesh,East Godavari,Undrajavaram,Suryaraopalem
Andhra Pradesh,East Godavari,Undrajavaram,Tadiparru
Andhra Pradesh,East Godavari,Undrajavaram,Undrajavaram
Andhra Pradesh,East Godavari,Undrajavaram,Vadluru
Andhra Pradesh,East Godavari,Undrajavaram,Velagadurru
Andhra Pradesh,East Godavari,Undrajavaram,Velivennu
Andhra Pradesh,Eluru,Agiripalli,Adivinekkalam
Andhra Pradesh,Eluru,Agiripalli,Agiripalle
Andhra Pradesh,Eluru,Agiripalli,Ananthasagaram
Andhra Pradesh,Eluru,Agiripalli,Boddanapalle
Andhra Pradesh,Eluru,Agiripalli,Chopparametla
Andhra Pradesh,Eluru,Agiripalli,Edara
Andhra Pradesh,Eluru,Agiripalli,Edulagudem
Andhra Pradesh,Eluru,Agiripalli,Garikapativari Khandrika
Andhra Pradesh,Eluru,Agiripalli,Kalaturu
Andhra Pradesh,Eluru,Agiripalli,Kanasanapalle
Andhra Pradesh,Eluru,Agiripalli,Krishnavaram
Andhra Pradesh,Eluru,Agiripalli,Malleswaram
Andhra Pradesh,Eluru,Agiripalli,Malliboinapalle
Andhra Pradesh,Eluru,Agiripalli,Narasingapalem
Andhra Pradesh,Eluru,Agiripalli,Nugondapalle
Andhra Pradesh,Eluru,Agiripalli,Pinnamareddipalle
Andhra Pradesh,Eluru,Agiripalli,Pothavarappadu
Andhra Pradesh,Eluru,Agiripalli,Sagguru
Andhra Pradesh,Eluru,Agiripalli,Suravaram
Andhra Pradesh,Eluru,Agiripalli,Tadepalle
Andhra Pradesh,Eluru,Agiripalli,Thotapalle
Andhra Pradesh,Eluru,Agiripalli,Vadlamanu
Andhra Pradesh,Eluru,Agiripalli,Vattigudipadu
Andhra Pradesh,Eluru,Bheemadole,Agadallanka
Andhra Pradesh,Eluru,Bheemadole,Amberpeta
Andhra Pradesh,Eluru,Bheemadole,Bhimadole
Andhra Pradesh,Eluru,Bheemadole,Chettunnapadu
Andhra Pradesh,Eluru,Bheemadole,Duddepudi
Andhra Pradesh,Eluru,Bheemadole,Gundugolanu
Andhra Pradesh,Eluru,Bheemadole,Kodurupadu
Andhra Pradesh,Eluru,Bheemadole,Mallavaram
Andhra Pradesh,Eluru,Bheemadole,Polasanipalle
Andhra Pradesh,Eluru,Bheemadole,Pulla
Andhra Pradesh,Eluru,Bheemadole,Surappagudem
Andhra Pradesh,Eluru,Buttayagudem,Aliveru
Andhra Pradesh,Eluru,Buttayagudem,Ammapalem
Andhra Pradesh,Eluru,Buttayagudem,Antarvedigudem
Andhra Pradesh,Eluru,Buttayagudem,Atchiahpalem
Andhra Pradesh,Eluru,Buttayagudem,Bandarlagudem
Andhra Pradesh,Eluru,Buttayagudem,Bothappagudem
Andhra Pradesh,Eluru,Buttayagudem,Busarajupalle
Andhra Pradesh,Eluru,Buttayagudem,Buttayagudem
Andhra Pradesh,Eluru,Buttayagudem,Chamanapalle
Andhra Pradesh,Eluru,Buttayagudem,Cheemalavarigudem
Andhra Pradesh,Eluru,Buttayagudem,Chintalagudem
Andhra Pradesh,Eluru,Buttayagudem,Dandipudi
Andhra Pradesh,Eluru,Buttayagudem,Doramamidi
Andhra Pradesh,Eluru,Buttayagudem,Ganapavaram
Andhra Pradesh,Eluru,Buttayagudem,Gogumilli
Andhra Pradesh,Eluru,Buttayagudem,Gummuluru
Andhra Pradesh,Eluru,Buttayagudem,Gunjavaram
Andhra Pradesh,Eluru,Buttayagudem,Itikalakunta
Andhra Pradesh,Eluru,Buttayagudem,Jaggisetti Gudem
Andhra Pradesh,Eluru,Buttayagudem,Jainavarigudem
Andhra Pradesh,Eluru,Buttayagudem,Kamayyakunta
Andhra Pradesh,Eluru,Buttayagudem,Kannarappadu
Andhra Pradesh,Eluru,Buttayagudem,Khandrikagudem
Andhra Pradesh,Eluru,Buttayagudem,Kopalle
Andhra Pradesh,Eluru,Buttayagudem,Korsavarigudem
Andhra Pradesh,Eluru,Buttayagudem,Kotaramachandrapuram
Andhra Pradesh,Eluru,Buttayagudem,Kotrupalle
Andhra Pradesh,Eluru,Buttayagudem,Kovvada
Andhra Pradesh,Eluru,Buttayagudem,Koyarajahmundry
Andhra Pradesh,Eluru,Buttayagudem,Kurasakannappagudem
Andhra Pradesh,Eluru,Buttayagudem,Lakshmipuram
Andhra Pradesh,Eluru,Buttayagudem,Lakshmudugudem
Andhra Pradesh,Eluru,Buttayagudem,Lanka Palle
Andhra Pradesh,Eluru,Buttayagudem,Mangaiah Palem
Andhra Pradesh,Eluru,Buttayagudem,Marlagudem
Andhra Pradesh,Eluru,Buttayagudem,Merakagudem
Andhra Pradesh,Eluru,Buttayagudem,Muddappagudem
Andhra Pradesh,Eluru,Buttayagudem,Munjuluru
Andhra Pradesh,Eluru,Buttayagudem,Nagampalem
Andhra Pradesh,Eluru,Buttayagudem,Nimmalagudem
Andhra Pradesh,Eluru,Buttayagudem,Nutiramannapalem
Andhra Pradesh,Eluru,Buttayagudem,Palakunta
Andhra Pradesh,Eluru,Buttayagudem,Pandugudem
Andhra Pradesh,Eluru,Buttayagudem,Puliramudugudem
Andhra Pradesh,Eluru,Buttayagudem,Ragappagudem
Andhra Pradesh,Eluru,Buttayagudem,Rajanagaram
Andhra Pradesh,Eluru,Buttayagudem,Ramannagudem
Andhra Pradesh,Eluru,Buttayagudem,Ravvarigudem
Andhra Pradesh,Eluru,Buttayagudem,Seetarama Nagaram
Andhra Pradesh,Eluru,Buttayagudem,Upparilli
Andhra Pradesh,Eluru,Buttayagudem,Urrinka
Andhra Pradesh,Eluru,Buttayagudem,Veeranna Palem
Andhra Pradesh,Eluru,Buttayagudem,Yerrayagudem
Andhra Pradesh,Eluru,Chatrai,Arugolanupeta
Andhra Pradesh,Eluru,Chatrai,Burugugudem
Andhra Pradesh,Eluru,Chatrai,Chanubanda
Andhra Pradesh,Eluru,Chatrai,Chatrai
Andhra Pradesh,Eluru,Chatrai,Chinnampet
Andhra Pradesh,Eluru,Chatrai,Chittapur
Andhra Pradesh,Eluru,Chatrai,Janardhanavaram
Andhra Pradesh,Eluru,Chatrai,Kotapadu
Andhra Pradesh,Eluru,Chatrai,Kothagudem
Andhra Pradesh,Eluru,Chatrai,Krishnaraopalem
Andhra Pradesh,Eluru,Chatrai,Mankollu
Andhra Pradesh,Eluru,Chatrai,Parvatapuram
Andhra Pradesh,Eluru,Chatrai,Polavaram
Andhra Pradesh,Eluru,Chatrai,Pothanapalle
Andhra Pradesh,Eluru,Chatrai,Somavaram
Andhra Pradesh,Eluru,Chatrai,Tummagudem
Andhra Pradesh,Eluru,Chintalapudi,Allipalle
Andhra Pradesh,Eluru,Chintalapudi,Amudalachalaka
Andhra Pradesh,Eluru,Chintalapudi,Chintalapudi
Andhra Pradesh,Eluru,Chintalapudi,Chintampalle
Andhra Pradesh,Eluru,Chintalapudi,Endapalle
Andhra Pradesh,Eluru,Chintalapudi,Erraguntapalle
Andhra Pradesh,Eluru,Chintalapudi,Errampalle
Andhra Pradesh,Eluru,Chintalapudi,Ganijerla
Andhra Pradesh,Eluru,Chintalapudi,Gonnepalle
Andhra Pradesh,Eluru,Chintalapudi,Gopalapuram
Andhra Pradesh,Eluru,Chintalapudi,Gudipadukhandrika
Andhra Pradesh,Eluru,Chintalapudi,Gurubhatlagudem
Andhra Pradesh,Eluru,Chintalapudi,Kantampalem
Andhra Pradesh,Eluru,Chintalapudi,Kanupade
Andhra Pradesh,Eluru,Chintalapudi,Lakshminarasimhapuram
Andhra Pradesh,Eluru,Chintalapudi,Lingagudem
Andhra Pradesh,Eluru,Chintalapudi,Maddimethinagudem
Andhra Pradesh,Eluru,Chintalapudi,Mallayagudem
Andhra Pradesh,Eluru,Chintalapudi,Namavaram
Andhra Pradesh,Eluru,Chintalapudi,Pattayagudem
Andhra Pradesh,Eluru,Chintalapudi,Ponukumadu
Andhra Pradesh,Eluru,Chintalapudi,Pothunuru
Andhra Pradesh,Eluru,Chintalapudi,Pragadavaram
Andhra Pradesh,Eluru,Chintalapudi,Raghavapuram
Andhra Pradesh,Eluru,Chintalapudi,Rangapuram Khandrika
Andhra Pradesh,Eluru,Chintalapudi,Recharla
Andhra Pradesh,Eluru,Chintalapudi,Sankuchakrapuram
Andhra Pradesh,Eluru,Chintalapudi,Seethanagaram
Andhra Pradesh,Eluru,Chintalapudi,Settivarigudem
Andhra Pradesh,Eluru,Chintalapudi,Talarlapalle
Andhra Pradesh,Eluru,Chintalapudi,Teegalavancha
Andhra Pradesh,Eluru,Chintalapudi,Thimmareddipalle
Andhra Pradesh,Eluru,Chintalapudi,Urlagudem
Andhra Pradesh,Eluru,Chintalapudi,Utasamudram
Andhra Pradesh,Eluru,Chintalapudi,Venkammapalem
Andhra Pradesh,Eluru,Chintalapudi,Venkatadrigudem
Andhra Pradesh,Eluru,Chintalapudi,Venkatapuram
Andhra Pradesh,Eluru,Chintalapudi,Venkatarayapuram
Andhra Pradesh,Eluru,Denduluru,Akkireddigudem
Andhra Pradesh,Eluru,Denduluru,Challachintalapudi
Andhra Pradesh,Eluru,Denduluru,Challapalle
Andhra Pradesh,Eluru,Denduluru,Denduluru
Andhra Pradesh,Eluru,Denduluru,Dosapadu
Andhra Pradesh,Eluru,Denduluru,Galayagudem
Andhra Pradesh,Eluru,Denduluru,Gopannapalem
Andhra Pradesh,Eluru,Denduluru,Gudigunta
Andhra Pradesh,Eluru,Denduluru,Komirepalle
Andhra Pradesh,Eluru,Denduluru,Kothagudem
Andhra Pradesh,Eluru,Denduluru,Kothapalle
Andhra Pradesh,Eluru,Denduluru,Kovvali
Andhra Pradesh,Eluru,Denduluru,Malakacherla
Andhra Pradesh,Eluru,Denduluru,Medinaraopalem
Andhra Pradesh,Eluru,Denduluru,Muppavaram
Andhra Pradesh,Eluru,Denduluru,Naguladevunipadu
Andhra Pradesh,Eluru,Denduluru,Narasimhapuram
Andhra Pradesh,Eluru,Denduluru,Pothunuru
Andhra Pradesh,Eluru,Denduluru,Ramaraogudem
Andhra Pradesh,Eluru,Denduluru,Saanigudem
Andhra Pradesh,Eluru,Denduluru,Singavaram
Andhra Pradesh,Eluru,Denduluru,Somavarappadu
Andhra Pradesh,Eluru,Denduluru,Sriramavaram
Andhra Pradesh,Eluru,Denduluru,Thimmannagudem
Andhra Pradesh,Eluru,Denduluru,Uppugudem
Andhra Pradesh,Eluru,Denduluru,Vegavaram
Andhra Pradesh,Eluru,Dwarakatirumala,Chelikanivanipothepalle
Andhra Pradesh,Eluru,Dwarakatirumala,Dadavalli
Andhra Pradesh,Eluru,Dwarakatirumala,Dorasanipadu
Andhra Pradesh,Eluru,Dwarakatirumala,Dwarakatirumala (Ct)
Andhra Pradesh,Eluru,Dwarakatirumala,G.Kothapalle
Andhra Pradesh,Eluru,Dwarakatirumala,Gollavadi Kunta Khandrika
Andhra Pradesh,Eluru,Dwarakatirumala,Gopikunta Khandrika
Andhra Pradesh,Eluru,Dwarakatirumala,Gundugolanukunta
Andhra Pradesh,Eluru,Dwarakatirumala,Gunnampalle
Andhra Pradesh,Eluru,Dwarakatirumala,Havelilingapalem
Andhra Pradesh,Eluru,Dwarakatirumala,I.S.Jagannadhapuram
Andhra Pradesh,Eluru,Dwarakatirumala,I.S.Raghavapuram
Andhra Pradesh,Eluru,Dwarakatirumala,Jajulakunta
Andhra Pradesh,Eluru,Dwarakatirumala,Kodigudem
Andhra Pradesh,Eluru,Dwarakatirumala,Kommara(North)
Andhra Pradesh,Eluru,Dwarakatirumala,Kommara(South)
Andhra Pradesh,Eluru,Dwarakatirumala,Kommugudem
Andhra Pradesh,Eluru,Dwarakatirumala,Krishnapuram
Andhra Pradesh,Eluru,Dwarakatirumala,Lingaraopalem
Andhra Pradesh,Eluru,Dwarakatirumala,Malasanikunta
Andhra Pradesh,Eluru,Dwarakatirumala,Malleswaram
Andhra Pradesh,Eluru,Dwarakatirumala,M.Nagulapalle
Andhra Pradesh,Eluru,Dwarakatirumala,Narayanapuram
Andhra Pradesh,Eluru,Dwarakatirumala,Pangidigudem
Andhra Pradesh,Eluru,Dwarakatirumala,P.Kannapuram
Andhra Pradesh,Eluru,Dwarakatirumala,Rallakunta
Andhra Pradesh,Eluru,Dwarakatirumala,Ramannagudem
Andhra Pradesh,Eluru,Dwarakatirumala,Sarabhapuram
Andhra Pradesh,Eluru,Dwarakatirumala,Sathenagudem
Andhra Pradesh,Eluru,Dwarakatirumala,Sattala
Andhra Pradesh,Eluru,Dwarakatirumala,Thimmapuram
Andhra Pradesh,Eluru,Dwarakatirumala,Tirumalampalem
Andhra Pradesh,Eluru,Dwarakatirumala,Vempadu
Andhra Pradesh,Eluru,Dwarakatirumala,Venkatakrishnapuram
Andhra Pradesh,Eluru,Eluru Rural,Chataparru
Andhra Pradesh,Eluru,Eluru Rural,Eluru (R) (Part)
Andhra Pradesh,Eluru,Eluru Rural,Gudivakalanka
Andhra Pradesh,Eluru,Eluru Rural,Jalipudi
Andhra Pradesh,Eluru,Eluru Rural,Kalakurru
Andhra Pradesh,Eluru,Eluru Rural,Katlampudi
Andhra Pradesh,Eluru,Eluru Rural,Kokkirailanka
Andhra Pradesh,Eluru,Eluru Rural,Komatilanka
Andhra Pradesh,Eluru,Eluru Rural,Madepalle
Andhra Pradesh,Eluru,Eluru Rural,Malkapuram
Andhra Pradesh,Eluru,Eluru Rural,Manuru
Andhra Pradesh,Eluru,Eluru Rural,Pedayaganamilli
Andhra Pradesh,Eluru,Eluru Rural,Prathikollanka
Andhra Pradesh,Eluru,Eluru Rural,Pydichintapadu
Andhra Pradesh,Eluru,Eluru Rural,Sreeparru
Andhra Pradesh,Eluru,Eluru Urban,Chodimella
Andhra Pradesh,Eluru,Eluru Urban,Gavaravaram (Ct)
Andhra Pradesh,Eluru,Eluru Urban,Komadavolu (Og) (Part)
Andhra Pradesh,Eluru,Eluru Urban,Ponangi
Andhra Pradesh,Eluru,Eluru Urban,Sanivarapupeta (Ct)
Andhra Pradesh,Eluru,Eluru Urban,Satrampadu (Ct)
Andhra Pradesh,Eluru,Eluru Urban,Tangellamudi (Ct)
Andhra Pradesh,Eluru,Jangareddigudem,Akkampeta
Andhra Pradesh,Eluru,Jangareddigudem,Ammapalem
Andhra Pradesh,Eluru,Jangareddigudem,Ayyavaripolavaram
Andhra Pradesh,Eluru,Jangareddigudem,Chakradevarapalle
Andhra Pradesh,Eluru,Jangareddigudem,Devulapalle
Andhra Pradesh,Eluru,Jangareddigudem,Guravaigudem
Andhra Pradesh,Eluru,Jangareddigudem,Jangareddigudem
Andhra Pradesh,Eluru,Jangareddigudem,Kethavaram
Andhra Pradesh,Eluru,Jangareddigudem,Lakkavaram
Andhra Pradesh,Eluru,Jangareddigudem,Mathanagudem
Andhra Pradesh,Eluru,Jangareddigudem,Mathanagudem
Andhra Pradesh,Eluru,Jangareddigudem,Mysanagudem
Andhra Pradesh,Eluru,Jangareddigudem,Nimmalagudem
Andhra Pradesh,Eluru,Jangareddigudem,Pangidigudem
Andhra Pradesh,Eluru,Jangareddigudem,Pattenapalem
Andhra Pradesh,Eluru,Jangareddigudem,Peddipalle
Andhra Pradesh,Eluru,Jangareddigudem,Pullepudi
Andhra Pradesh,Eluru,Jangareddigudem,Ramacharlagudem
Andhra Pradesh,Eluru,Jangareddigudem,Sreenivasapuram
Andhra Pradesh,Eluru,Jangareddigudem,Taduvai
Andhra Pradesh,Eluru,Jangareddigudem,Tirumalapuram
Andhra Pradesh,Eluru,Jangareddigudem,Vegavaram
Andhra Pradesh,Eluru,Jeelugu Milli,Ankampalem
Andhra Pradesh,Eluru,Jeelugu Milli,Ankanna Gudem
Andhra Pradesh,Eluru,Jeelugu Milli,Barrinkalapadu
Andhra Pradesh,Eluru,Jeelugu Milli,Bothappa Gudem
Andhra Pradesh,Eluru,Jeelugu Milli,Danamvarigudem
Andhra Pradesh,Eluru,Jeelugu Milli,Darbhagudem
Andhra Pradesh,Eluru,Jeelugu Milli,Datlavarigudem
Andhra Pradesh,Eluru,Jeelugu Milli,Gangannagudem
Andhra Pradesh,Eluru,Jeelugu Milli,Gopalapuram
Andhra Pradesh,Eluru,Jeelugu Milli,Jagannadhapuram
Andhra Pradesh,Eluru,Jeelugu Milli,Jeelugu Milli
Andhra Pradesh,Eluru,Jeelugu Milli,Jillellagudem
Andhra Pradesh,Eluru,Jeelugu Milli,Kamayya Palem
Andhra Pradesh,Eluru,Jeelugu Milli,Khandrikapadu
Andhra Pradesh,Eluru,Jeelugu Milli,Lankalapalle
Andhra Pradesh,Eluru,Jeelugu Milli,Madakamvarigudem
Andhra Pradesh,Eluru,Jeelugu Milli,Mulagalampalle
Andhra Pradesh,Eluru,Jeelugu Milli,Nersu Gudem
Andhra Pradesh,Eluru,Jeelugu Milli,Palacherla Rajavaram
Andhra Pradesh,Eluru,Jeelugu Milli,Parimpudi Narayanapuram
Andhra Pradesh,Eluru,Jeelugu Milli,Puchikapadu
Andhra Pradesh,Eluru,Jeelugu Milli,Rachannagudem
Andhra Pradesh,Eluru,Jeelugu Milli,Ramannapalem
Andhra Pradesh,Eluru,Jeelugu Milli,Rowthugudem
Andhra Pradesh,Eluru,Jeelugu Milli,Swarnavarigudem
Andhra Pradesh,Eluru,Jeelugu Milli,Tatiyakulagudem
Andhra Pradesh,Eluru,Jeelugu Milli,Thatiramudu Gudem
Andhra Pradesh,Eluru,Jeelugu Milli,Vankavarigudem
Andhra Pradesh,Eluru,Jeelugu Milli,Veerampalem
Andhra Pradesh,Eluru,Kaikaluru,Achavaram
Andhra Pradesh,Eluru,Kaikaluru,Alapadu
Andhra Pradesh,Eluru,Kaikaluru,Atapaka
Andhra Pradesh,Eluru,Kaikaluru,Bhujabalapatnam
Andhra Pradesh,Eluru,Kaikaluru,Doddipatla
Andhra Pradesh,Eluru,Kaikaluru,Gonepadu
Andhra Pradesh,Eluru,Kaikaluru,Gopavaram
Andhra Pradesh,Eluru,Kaikaluru,Kaikalur
Andhra Pradesh,Eluru,Kaikaluru,Kolletikota
Andhra Pradesh,Eluru,Kaikaluru,Kottada
Andhra Pradesh,Eluru,Kaikaluru,Pallevada
Andhra Pradesh,Eluru,Kaikaluru,Penchikalamarru
Andhra Pradesh,Eluru,Kaikaluru,Rachapatnam
Andhra Pradesh,Eluru,Kaikaluru,Ramavaram
Andhra Pradesh,Eluru,Kaikaluru,Seetanapalle
Andhra Pradesh,Eluru,Kaikaluru,Singapuram
Andhra Pradesh,Eluru,Kaikaluru,Someswaram
Andhra Pradesh,Eluru,Kaikaluru,Syamalambapuram
Andhra Pradesh,Eluru,Kaikaluru,Tamarakollu
Andhra Pradesh,Eluru,Kaikaluru,Vadarlapadu
Andhra Pradesh,Eluru,Kaikaluru,Varahapatnam
Andhra Pradesh,Eluru,Kaikaluru,Vemavarappadu
Andhra Pradesh,Eluru,Kaikaluru,Vinjaram
Andhra Pradesh,Eluru,Kalidindi,Amaravathi
Andhra Pradesh,Eluru,Kalidindi,Avakuru
Andhra Pradesh,Eluru,Kalidindi,Kalidindi
Andhra Pradesh,Eluru,Kalidindi,Kollapalem
Andhra Pradesh,Eluru,Kalidindi,Kondangi
Andhra Pradesh,Eluru,Kalidindi,Konduru
Andhra Pradesh,Eluru,Kalidindi,Korukollu
Andhra Pradesh,Eluru,Kalidindi,Kotcherla
Andhra Pradesh,Eluru,Kalidindi,Mattagunta
Andhra Pradesh,Eluru,Kalidindi,Pedalanka
Andhra Pradesh,Eluru,Kalidindi,Pothumarru
Andhra Pradesh,Eluru,Kalidindi,Sana Rudravaram
Andhra Pradesh,Eluru,Kalidindi,Thadinada
Andhra Pradesh,Eluru,Kalidindi,Venkatapuram
Andhra Pradesh,Eluru,Kamavarapukota,Ankalampadu
Andhra Pradesh,Eluru,Kamavarapukota,Edavalli
Andhra Pradesh,Eluru,Kamavarapukota,Guntupalle
Andhra Pradesh,Eluru,Kamavarapukota,Kallacheruvu
Andhra Pradesh,Eluru,Kamavarapukota,Kamavarapukota
Andhra Pradesh,Eluru,Kamavarapukota,Khandrika Seetharamavaram
Andhra Pradesh,Eluru,Kamavarapukota,Kondagudem
Andhra Pradesh,Eluru,Kamavarapukota,Mankenapalle
Andhra Pradesh,Eluru,Kamavarapukota,Mysanagudem
Andhra Pradesh,Eluru,Kamavarapukota,Polasigudem
Andhra Pradesh,Eluru,Kamavarapukota,Rajunagulapalle
Andhra Pradesh,Eluru,Kamavarapukota,Ramannapalem
Andhra Pradesh,Eluru,Kamavarapukota,Ravikampadu
Andhra Pradesh,Eluru,Kamavarapukota,Sayanaraopalem
Andhra Pradesh,Eluru,Kamavarapukota,Tadikalapudi
Andhra Pradesh,Eluru,Kamavarapukota,Uppalapadu
Andhra Pradesh,Eluru,Kamavarapukota,Vadlapatlanuthanam
Andhra Pradesh,Eluru,Koyyalagudem,Bayyanagudem
Andhra Pradesh,Eluru,Koyyalagudem,Chopparamannagudem
Andhra Pradesh,Eluru,Koyyalagudem,Dippakayalapadu
Andhra Pradesh,Eluru,Koyyalagudem,Eduvadalapalem
Andhra Pradesh,Eluru,Koyyalagudem,Gavaravaram
Andhra Pradesh,Eluru,Koyyalagudem,Kanakadripuram
Andhra Pradesh,Eluru,Koyyalagudem,Kannapuram
Andhra Pradesh,Eluru,Koyyalagudem,Kannayagudem
Andhra Pradesh,Eluru,Koyyalagudem,Kuntalagudem
Andhra Pradesh,Eluru,Koyyalagudem,Mahadevapuram
Andhra Pradesh,Eluru,Koyyalagudem,Mangapathidevipeta
Andhra Pradesh,Eluru,Koyyalagudem,Parimpudi
Andhra Pradesh,Eluru,Koyyalagudem,Ponguturu
Andhra Pradesh,Eluru,Koyyalagudem,Rajavaram
Andhra Pradesh,Eluru,Koyyalagudem,Ramanujapuram
Andhra Pradesh,Eluru,Koyyalagudem,Saripalle
Andhra Pradesh,Eluru,Koyyalagudem,Vedanthapuram
Andhra Pradesh,Eluru,Koyyalagudem,Yerrampeta
Andhra Pradesh,Eluru,Kukunoor,Amaravaram
Andhra Pradesh,Eluru,Kukunoor,Arvaipalle
Andhra Pradesh,Eluru,Kukunoor,Cheeravalli
Andhra Pradesh,Eluru,Kukunoor,Dacharam
Andhra Pradesh,Eluru,Kukunoor,Damaracharla
Andhra Pradesh,Eluru,Kukunoor,Ganapavaram
Andhra Pradesh,Eluru,Kukunoor,Gommugudem
Andhra Pradesh,Eluru,Kukunoor,Gommuru
Andhra Pradesh,Eluru,Kukunoor,Gumpanapalle
Andhra Pradesh,Eluru,Kukunoor,Ibrahimpeta
Andhra Pradesh,Eluru,Kukunoor,Kivvaka
Andhra Pradesh,Eluru,Kukunoor,Komatlagudem
Andhra Pradesh,Eluru,Kukunoor,Kondapalle
Andhra Pradesh,Eluru,Kukunoor,Kowndinyamukthi
Andhra Pradesh,Eluru,Kukunoor,Kukunoor
Andhra Pradesh,Eluru,Kukunoor,Lachapeta
Andhra Pradesh,Eluru,Kukunoor,Madhavaram
Andhra Pradesh,Eluru,Kukunoor,Maredubaka
Andhra Pradesh,Eluru,Kukunoor,Pocharam
Andhra Pradesh,Eluru,Kukunoor,Polaram
Andhra Pradesh,Eluru,Kukunoor,Ramachandrapuram
Andhra Pradesh,Eluru,Kukunoor,Ravigudem [Big]
Andhra Pradesh,Eluru,Kukunoor,Seetharama Nagar
Andhra Pradesh,Eluru,Kukunoor,Sridhara
Andhra Pradesh,Eluru,Kukunoor,Thondipaka
Andhra Pradesh,Eluru,Kukunoor,Upperu
Andhra Pradesh,Eluru,Kukunoor,Vinjaram
Andhra Pradesh,Eluru,Lingapalem,Annapanenivarigudem
Andhra Pradesh,Eluru,Lingapalem,Asannagudem
Andhra Pradesh,Eluru,Lingapalem,Ayyaparajugudem
Andhra Pradesh,Eluru,Lingapalem,Badarala
Andhra Pradesh,Eluru,Lingapalem,Bhogole
Andhra Pradesh,Eluru,Lingapalem,Chandrannapalem
Andhra Pradesh,Eluru,Lingapalem,Dharmajigudem
Andhra Pradesh,Eluru,Lingapalem,Ganapavarigudem
Andhra Pradesh,Eluru,Lingapalem,Juvvachalakarayudupalem
Andhra Pradesh,Eluru,Lingapalem,Kalarayanagudem
Andhra Pradesh,Eluru,Lingapalem,Kalyanampadu
Andhra Pradesh,Eluru,Lingapalem,Konijerla
Andhra Pradesh,Eluru,Lingapalem,Kothapalle
Andhra Pradesh,Eluru,Lingapalem,Kothulagokavaram
Andhra Pradesh,Eluru,Lingapalem,Lingapalem
Andhra Pradesh,Eluru,Lingapalem,Malleswaram
Andhra Pradesh,Eluru,Lingapalem,Mattamgudem
Andhra Pradesh,Eluru,Lingapalem,Mudicherla
Andhra Pradesh,Eluru,Lingapalem,Mulagalampadu
Andhra Pradesh,Eluru,Lingapalem,Patchanagaram
Andhra Pradesh,Eluru,Lingapalem,Pochavaram
Andhra Pradesh,Eluru,Lingapalem,Puppalavarigudem
Andhra Pradesh,Eluru,Lingapalem,Rangapuram
Andhra Pradesh,Eluru,Lingapalem,Singagudem
Andhra Pradesh,Eluru,Lingapalem,Vemulapalle
Andhra Pradesh,Eluru,Lingapalem,Yedavalli
Andhra Pradesh,Eluru,Mandavalli,Appapuram
Andhra Pradesh,Eluru,Mandavalli,Ayyavari Rudravaram
Andhra Pradesh,Eluru,Mandavalli,Bhyravapatnam
Andhra Pradesh,Eluru,Mandavalli,Chavalipadu
Andhra Pradesh,Eluru,Mandavalli,Chintalapudi
Andhra Pradesh,Eluru,Mandavalli,Chintapadu
Andhra Pradesh,Eluru,Mandavalli,Dayyampadu
Andhra Pradesh,Eluru,Mandavalli,Gannavaram
Andhra Pradesh,Eluru,Mandavalli,Ingilipakalanka
Andhra Pradesh,Eluru,Mandavalli,Kanukollu
Andhra Pradesh,Eluru,Mandavalli,Kovvadalanka
Andhra Pradesh,Eluru,Mandavalli,Lellapudi
Andhra Pradesh,Eluru,Mandavalli,Lingala
Andhra Pradesh,Eluru,Mandavalli,Lokamudi
Andhra Pradesh,Eluru,Mandavalli,Mandavalli
Andhra Pradesh,Eluru,Mandavalli,Manugunuru
Andhra Pradesh,Eluru,Mandavalli,Mokhasakalvapudi
Andhra Pradesh,Eluru,Mandavalli,Muduthallapadu
Andhra Pradesh,Eluru,Mandavalli,Nandigamalanka
Andhra Pradesh,Eluru,Mandavalli,Nutchumilli
Andhra Pradesh,Eluru,Mandavalli,Pasalapudi
Andhra Pradesh,Eluru,Mandavalli,Penumakalanka
Andhra Pradesh,Eluru,Mandavalli,Perikegudem
Andhra Pradesh,Eluru,Mandavalli,Pillipadu
Andhra Pradesh,Eluru,Mandavalli,Prathipadu
Andhra Pradesh,Eluru,Mandavalli,Pulaparru
Andhra Pradesh,Eluru,Mandavalli,Putlacheruvu
Andhra Pradesh,Eluru,Mandavalli,Singanapudi
Andhra Pradesh,Eluru,Mandavalli,Sobhanadripuram
Andhra Pradesh,Eluru,Mandavalli,Thakkellapadu
Andhra Pradesh,Eluru,Mandavalli,Unikili
Andhra Pradesh,Eluru,Mudinepalle,Alluru
Andhra Pradesh,Eluru,Mudinepalle,Bomminampadu
Andhra Pradesh,Eluru,Mudinepalle,Chevuru
Andhra Pradesh,Eluru,Mudinepalle,Chigurukota
Andhra Pradesh,Eluru,Mudinepalle,China Kamanapudi
Andhra Pradesh,Eluru,Mudinepalle,Chinapalaparru
Andhra Pradesh,Eluru,Mudinepalle,Dakaram
Andhra Pradesh,Eluru,Mudinepalle,Devapudi
Andhra Pradesh,Eluru,Mudinepalle,Devaram
Andhra Pradesh,Eluru,Mudinepalle,Edepalle
Andhra Pradesh,Eluru,Mudinepalle,Gokinampadu
Andhra Pradesh,Eluru,Mudinepalle,Guraja
Andhra Pradesh,Eluru,Mudinepalle,Kakaravada
Andhra Pradesh,Eluru,Mudinepalle,Koduru
Andhra Pradesh,Eluru,Mudinepalle,Komarru
Andhra Pradesh,Eluru,Mudinepalle,Korraguntapalem
Andhra Pradesh,Eluru,Mudinepalle,Madhavaram
Andhra Pradesh,Eluru,Mudinepalle,Mudinepalle
Andhra Pradesh,Eluru,Mudinepalle,Mulakalapalle
Andhra Pradesh,Eluru,Mudinepalle,Pedagonnuru
Andhra Pradesh,Eluru,Mudinepalle,Peda Kamanapudi
Andhra Pradesh,Eluru,Mudinepalle,Pedapalaparru
Andhra Pradesh,Eluru,Mudinepalle,Penumalli
Andhra Pradesh,Eluru,Mudinepalle,Peruru
Andhra Pradesh,Eluru,Mudinepalle,Peyyeru
Andhra Pradesh,Eluru,Mudinepalle,Prodduvaka
Andhra Pradesh,Eluru,Mudinepalle,Sankarshana Puram
Andhra Pradesh,Eluru,Mudinepalle,Singarayapalem
Andhra Pradesh,Eluru,Mudinepalle,Utukuru
Andhra Pradesh,Eluru,Mudinepalle,Vadali
Andhra Pradesh,Eluru,Mudinepalle,Vadavalli
Andhra Pradesh,Eluru,Mudinepalle,Vaivaka
Andhra Pradesh,Eluru,Mudinepalle,Vanudurru
Andhra Pradesh,Eluru,Musunuru,Akkireddigudem
Andhra Pradesh,Eluru,Musunuru,Balive
Andhra Pradesh,Eluru,Musunuru,Chakkapalle
Andhra Pradesh,Eluru,Musunuru,Chillaboyinapalle
Andhra Pradesh,Eluru,Musunuru,Chintalavalli
Andhra Pradesh,Eluru,Musunuru,Ellapuram
Andhra Pradesh,Eluru,Musunuru,Gopavaram
Andhra Pradesh,Eluru,Musunuru,Gullapudi
Andhra Pradesh,Eluru,Musunuru,Katrenipadu
Andhra Pradesh,Eluru,Musunuru,Korlagunta
Andhra Pradesh,Eluru,Musunuru,Lopudi
Andhra Pradesh,Eluru,Musunuru,Musunuru
Andhra Pradesh,Eluru,Musunuru,Ramanakkapeta
Andhra Pradesh,Eluru,Musunuru,Surepalle
Andhra Pradesh,Eluru,Musunuru,Tallavalli
Andhra Pradesh,Eluru,Musunuru,Velpucherla
Andhra Pradesh,Eluru,Nidamarru,Adavikolanu
Andhra Pradesh,Eluru,Nidamarru,Amudalapalle
Andhra Pradesh,Eluru,Nidamarru,Bavayapalem
Andhra Pradesh,Eluru,Nidamarru,Buvvanapalle
Andhra Pradesh,Eluru,Nidamarru,Bynepalle
Andhra Pradesh,Eluru,Nidamarru,Chanamilli
Andhra Pradesh,Eluru,Nidamarru,Chinanindrakolanu
Andhra Pradesh,Eluru,Nidamarru,Devaragopavaram
Andhra Pradesh,Eluru,Nidamarru,Enikepalle
Andhra Pradesh,Eluru,Nidamarru,Gunaparru
Andhra Pradesh,Eluru,Nidamarru,Kakaramilli
Andhra Pradesh,Eluru,Nidamarru,Krishnapuram
Andhra Pradesh,Eluru,Nidamarru,Krovvidi
Andhra Pradesh,Eluru,Nidamarru,Mandalaparru
Andhra Pradesh,Eluru,Nidamarru,Naganamilli
Andhra Pradesh,Eluru,Nidamarru,Narasimhapuram
Andhra Pradesh,Eluru,Nidamarru,Nidamarru
Andhra Pradesh,Eluru,Nidamarru,Pedanindrakolanu
Andhra Pradesh,Eluru,Nidamarru,Pedaramachandrapuram
Andhra Pradesh,Eluru,Nidamarru,Siddapuram
Andhra Pradesh,Eluru,Nidamarru,Thimmaraogudem
Andhra Pradesh,Eluru,Nidamarru,Thokalapalle
Andhra Pradesh,Eluru,Nidamarru,Venkatapuram
Andhra Pradesh,Eluru,Nidamarru,Vipparthikhandrika
Andhra Pradesh,Eluru,Nuzividu,Annavaram
Andhra Pradesh,Eluru,Nuzividu,Bathulavarigudem
Andhra Pradesh,Eluru,Nuzividu,Boravancha
Andhra Pradesh,Eluru,Nuzividu,Devaragunta
Andhra Pradesh,Eluru,Nuzividu,Digavalli
Andhra Pradesh,Eluru,Nuzividu,Enamadala
Andhra Pradesh,Eluru,Nuzividu,Gollapalle
Andhra Pradesh,Eluru,Nuzividu,Hanumanthunigudem
Andhra Pradesh,Eluru,Nuzividu,Jangamgudem
Andhra Pradesh,Eluru,Nuzividu,Marribandam
Andhra Pradesh,Eluru,Nuzividu,Mirijapuram
Andhra Pradesh,Eluru,Nuzividu,Mokhasa Narasannapalem
Andhra Pradesh,Eluru,Nuzividu,Morsapudi
Andhra Pradesh,Eluru,Nuzividu,Mukkollupadu
Andhra Pradesh,Eluru,Nuzividu,Narsupet
Andhra Pradesh,Eluru,Nuzividu,Nuzivid
Andhra Pradesh,Eluru,Nuzividu,Pallerlamudi
Andhra Pradesh,Eluru,Nuzividu,Pathureddipalle
Andhra Pradesh,Eluru,Nuzividu,Polasanapalle
Andhra Pradesh,Eluru,Nuzividu,Ramannagudem
Andhra Pradesh,Eluru,Nuzividu,Ravicherla
Andhra Pradesh,Eluru,Nuzividu,Seetarampuram
Andhra Pradesh,Eluru,Nuzividu,Siddardhanagar
Andhra Pradesh,Eluru,Nuzividu,Sunkollu
Andhra Pradesh,Eluru,Nuzividu,Tukkuluru (M)
Andhra Pradesh,Eluru,Nuzividu,Vempadu
Andhra Pradesh,Eluru,Nuzividu,Venkatayapalem
Andhra Pradesh,Eluru,Pedapadu,Amrutalingampeta
Andhra Pradesh,Eluru,Pedapadu,Appanaveedu
Andhra Pradesh,Eluru,Pedapadu,Burugagudem
Andhra Pradesh,Eluru,Pedapadu,Edulakunta
Andhra Pradesh,Eluru,Pedapadu,Epuru
Andhra Pradesh,Eluru,Pedapadu,Gogulapadu
Andhra Pradesh,Eluru,Pedapadu,Gogunta
Andhra Pradesh,Eluru,Pedapadu,Kalaparru
Andhra Pradesh,Eluru,Pedapadu,Kokkirapadu
Andhra Pradesh,Eluru,Pedapadu,Koniki
Andhra Pradesh,Eluru,Pedapadu,Kothuru
Andhra Pradesh,Eluru,Pedapadu,Mupparru
Andhra Pradesh,Eluru,Pedapadu,Nandikeswarapuram
Andhra Pradesh,Eluru,Pedapadu,Pedapadu I
Andhra Pradesh,Eluru,Pedapadu,Pedapadu II
Andhra Pradesh,Eluru,Pedapadu,Punukollu I
Andhra Pradesh,Eluru,Pedapadu,Punukollu II
Andhra Pradesh,Eluru,Pedapadu,Rajupeta
Andhra Pradesh,Eluru,Pedapadu,Ravulakunta
Andhra Pradesh,Eluru,Pedapadu,Sakalakothapalle
Andhra Pradesh,Eluru,Pedapadu,Satyavolu
Andhra Pradesh,Eluru,Pedapadu,Tallagudem
Andhra Pradesh,Eluru,Pedapadu,Tallamudi
Andhra Pradesh,Eluru,Pedapadu,Vaddigudem
Andhra Pradesh,Eluru,Pedapadu,Vasantawada-I
Andhra Pradesh,Eluru,Pedapadu,Vasantawada-Ii
Andhra Pradesh,Eluru,Pedapadu,Vatluru
Andhra Pradesh,Eluru,Pedapadu,Vempadu
Andhra Pradesh,Eluru,Pedavegi,Alliveedu
Andhra Pradesh,Eluru,Pedavegi,Bapirajugudem
Andhra Pradesh,Eluru,Pedavegi,Bathevaram
Andhra Pradesh,Eluru,Pedavegi,Bhogapuram
Andhra Pradesh,Eluru,Pedavegi,Chakrayagudem
Andhra Pradesh,Eluru,Pedavegi,Dondapadu
Andhra Pradesh,Eluru,Pedavegi,Duggirala
Andhra Pradesh,Eluru,Pedavegi,Gokinepalle
Andhra Pradesh,Eluru,Pedavegi,Jagannadhapuram
Andhra Pradesh,Eluru,Pedavegi,Kavagunta
Andhra Pradesh,Eluru,Pedavegi,K.Kannapuram
Andhra Pradesh,Eluru,Pedavegi,Kondalaraopalem
Andhra Pradesh,Eluru,Pedavegi,Koppaka
Andhra Pradesh,Eluru,Pedavegi,Mundur
Andhra Pradesh,Eluru,Pedavegi,Muthanaveedu
Andhra Pradesh,Eluru,Pedavegi,Mylavarapuvarigudem
Andhra Pradesh,Eluru,Pedavegi,Nadupalle
Andhra Pradesh,Eluru,Pedavegi,Nyayampalle
Andhra Pradesh,Eluru,Pedavegi,Pedavegi
Andhra Pradesh,Eluru,Pedavegi,Pinakadimi
Andhra Pradesh,Eluru,Pedavegi,Rajampalem
Andhra Pradesh,Eluru,Pedavegi,Ramasingavaram
Andhra Pradesh,Eluru,Pedavegi,Rayannapalem
Andhra Pradesh,Eluru,Pedavegi,Singavaram
Andhra Pradesh,Eluru,Pedavegi,Tallagokavaram
Andhra Pradesh,Eluru,Pedavegi,Vanguru
Andhra Pradesh,Eluru,Pedavegi,Vegivadavaram
Andhra Pradesh,Eluru,Pedavegi,Vijayarai
Andhra Pradesh,Eluru,Polavaram,Cheeduru
Andhra Pradesh,Eluru,Polavaram,Chegondapalle
Andhra Pradesh,Eluru,Polavaram,Chilakaluru
Andhra Pradesh,Eluru,Polavaram,Dharvada
Andhra Pradesh,Eluru,Polavaram,Geddapalle
Andhra Pradesh,Eluru,Polavaram,Gutala
Andhra Pradesh,Eluru,Polavaram,Kondrukota
Andhra Pradesh,Eluru,Polavaram,Koruturu
Andhra Pradesh,Eluru,Polavaram,Lakshminarayana Devipeta
Andhra Pradesh,Eluru,Polavaram,Nagampalem
Andhra Pradesh,Eluru,Polavaram,Pattisam
Andhra Pradesh,Eluru,Polavaram,Polavaram
Andhra Pradesh,Eluru,Polavaram,Pragada Palle
Andhra Pradesh,Eluru,Polavaram,Ravigudem
Andhra Pradesh,Eluru,Polavaram,Saripallekunta
Andhra Pradesh,Eluru,Polavaram,Singanapalle
Andhra Pradesh,Eluru,Polavaram,Sirivaka
Andhra Pradesh,Eluru,Polavaram,Sivagiri
Andhra Pradesh,Eluru,Polavaram,Tekuru
Andhra Pradesh,Eluru,Polavaram,Thutigunta
Andhra Pradesh,Eluru,Polavaram,Venkatapuram
Andhra Pradesh,Eluru,Polavaram,Vinjaram
Andhra Pradesh,Eluru,T.Narasapuram,Allamcherlarajupalem
Andhra Pradesh,Eluru,T.Narasapuram,Appalarajugudem
Andhra Pradesh,Eluru,T.Narasapuram,Bandamcherla
Andhra Pradesh,Eluru,T.Narasapuram,Bandivarigudem
Andhra Pradesh,Eluru,T.Narasapuram,Borrampalem
Andhra Pradesh,Eluru,T.Narasapuram,Epigunta
Andhra Pradesh,Eluru,T.Narasapuram,Gulapalle
Andhra Pradesh,Eluru,T.Narasapuram,Guravaigudem
Andhra Pradesh,Eluru,T.Narasapuram,Kethavaram
Andhra Pradesh,Eluru,T.Narasapuram,Kollivarigudem
Andhra Pradesh,Eluru,T.Narasapuram,Krishnapuram
Andhra Pradesh,Eluru,T.Narasapuram,Krishnaraopalem
Andhra Pradesh,Eluru,T.Narasapuram,Lingaraopalem
Andhra Pradesh,Eluru,T.Narasapuram,Makkinavarigudem
Andhra Pradesh,Eluru,T.Narasapuram,Rajupothepalle
Andhra Pradesh,Eluru,T.Narasapuram,Ramannapalem
Andhra Pradesh,Eluru,T.Narasapuram,Sriramavaram
Andhra Pradesh,Eluru,T.Narasapuram,Tedlam
Andhra Pradesh,Eluru,T.Narasapuram,Tirumaladevipeta
Andhra Pradesh,Eluru,T.Narasapuram,T.Narasapuram
Andhra Pradesh,Eluru,T.Narasapuram,Vakalapudi
Andhra Pradesh,Eluru,T.Narasapuram,Vallampatla
Andhra Pradesh,Eluru,T.Narasapuram,Velagapadu
Andhra Pradesh,Eluru,Unguturu,A.Gokavaram
Andhra Pradesh,Eluru,Unguturu,Badampudi
Andhra Pradesh,Eluru,Unguturu,Bommidi
Andhra Pradesh,Eluru,Unguturu,Chebrole Khandrika
Andhra Pradesh,Eluru,Unguturu,Chebrolu
Andhra Pradesh,Eluru,Unguturu,Dontavaram
Andhra Pradesh,Eluru,Unguturu,Gopinadhapatnam
Andhra Pradesh,Eluru,Unguturu,Kagupadu
Andhra Pradesh,Eluru,Unguturu,Kaikaram
Andhra Pradesh,Eluru,Unguturu,Kakarlamudi
Andhra Pradesh,Eluru,Unguturu,Nallamadu
Andhra Pradesh,Eluru,Unguturu,Rachuru
Andhra Pradesh,Eluru,Unguturu,Ravulaparru
Andhra Pradesh,Eluru,Unguturu,Tallapuram
Andhra Pradesh,Eluru,Unguturu,Unguturu
Andhra Pradesh,Eluru,Unguturu,Vellamilli
Andhra Pradesh,Eluru,Unguturu,Venkatadriapparaopuram
Andhra Pradesh,Eluru,Velairpadu,Chigurumamidi
Andhra Pradesh,Eluru,Velairpadu,Gundlavai
Andhra Pradesh,Eluru,Velairpadu,Kacharam
Andhra Pradesh,Eluru,Velairpadu,Kakisnoor
Andhra Pradesh,Eluru,Velairpadu,Katukur
Andhra Pradesh,Eluru,Velairpadu,Koida
Andhra Pradesh,Eluru,Velairpadu,Kothuru
Andhra Pradesh,Eluru,Velairpadu,Koyamadaram
Andhra Pradesh,Eluru,Velairpadu,Medapalle
Andhra Pradesh,Eluru,Velairpadu,Narlavaram
Andhra Pradesh,Eluru,Velairpadu,Parentapalle
Andhra Pradesh,Eluru,Velairpadu,Rallapudi
Andhra Pradesh,Eluru,Velairpadu,Ramavaram
Andhra Pradesh,Eluru,Velairpadu,Repakagommu
Andhra Pradesh,Eluru,Velairpadu,Rudramkota
Andhra Pradesh,Eluru,Velairpadu,Siddaram
Andhra Pradesh,Eluru,Velairpadu,Tekupalle
Andhra Pradesh,Eluru,Velairpadu,Tekuru
Andhra Pradesh,Eluru,Velairpadu,Thatukur
Andhra Pradesh,Eluru,Velairpadu,Tirumalapuram
Andhra Pradesh,Guntur,Chebrolu,Chebrolu
Andhra Pradesh,Guntur,Chebrolu,Godavarru
Andhra Pradesh,Guntur,Chebrolu,Manchala
Andhra Pradesh,Guntur,Chebrolu,Meesaragadda Ananthavaram
Andhra Pradesh,Guntur,Chebrolu,Narakodur
Andhra Pradesh,Guntur,Chebrolu,Pathareddipalem
Andhra Pradesh,Guntur,Chebrolu,Sekuru
Andhra Pradesh,Guntur,Chebrolu,Sreerangapuram
Andhra Pradesh,Guntur,Chebrolu,Suddapalle
Andhra Pradesh,Guntur,Chebrolu,Vadlamudi
Andhra Pradesh,Guntur,Chebrolu,Vejendla
Andhra Pradesh,Guntur,Duggirala,Chiluvuru
Andhra Pradesh,Guntur,Duggirala,Chinapalem
Andhra Pradesh,Guntur,Duggirala,Chintalapudi
Andhra Pradesh,Guntur,Duggirala,Devarapalle Agraharam
Andhra Pradesh,Guntur,Duggirala,Duggirala
Andhra Pradesh,Guntur,Duggirala,Emani
Andhra Pradesh,Guntur,Duggirala,Godavarru
Andhra Pradesh,Guntur,Duggirala,Kantamraju Konduru
Andhra Pradesh,Guntur,Duggirala,Morampudi
Andhra Pradesh,Guntur,Duggirala,Pedakondur
Andhra Pradesh,Guntur,Duggirala,Penumudi
Andhra Pradesh,Guntur,Duggirala,Perakalapudi
Andhra Pradesh,Guntur,Duggirala,Srungarapuram
Andhra Pradesh,Guntur,Duggirala,Tummapudi
Andhra Pradesh,Guntur,Guntur East,Budampadu
Andhra Pradesh,Guntur,Guntur East,Etukur
Andhra Pradesh,Guntur,Guntur East,Gorantla (Part)
Andhra Pradesh,Guntur,Guntur East,Guntur Part (East Constituency)
Andhra Pradesh,Guntur,Guntur East,Guntur (Part) - Reddypalem
Andhra Pradesh,Guntur,Guntur East,Jonnalagadda
Andhra Pradesh,Guntur,Guntur West,Ankireddipalem (R)
Andhra Pradesh,Guntur,Guntur West,China Palakaluru
Andhra Pradesh,Guntur,Guntur West,Chowdavaram
Andhra Pradesh,Guntur,Guntur West,Guntur (R)
Andhra Pradesh,Guntur,Guntur West,Koretipadu (R)
Andhra Pradesh,Guntur,Guntur West,Nallapadu (R)
Andhra Pradesh,Guntur,Guntur West,Peda Palakaluru (Part)
Andhra Pradesh,Guntur,Guntur West,Pothur
Andhra Pradesh,Guntur,Guntur West,Ramachandrapuram Agraharam (U)
Andhra Pradesh,Guntur,Kakumanu,Appapuram
Andhra Pradesh,Guntur,Kakumanu,Bhallukanudupalem
Andhra Pradesh,Guntur,Kakumanu,Bodipalem
Andhra Pradesh,Guntur,Kakumanu,Garikapadu
Andhra Pradesh,Guntur,Kakumanu,Kakumanu
Andhra Pradesh,Guntur,Kakumanu,Kollimarla
Andhra Pradesh,Guntur,Kakumanu,Kommuru
Andhra Pradesh,Guntur,Kakumanu,Kondapatur
Andhra Pradesh,Guntur,Kakumanu,Pandrapadu
Andhra Pradesh,Guntur,Kakumanu,Retur
Andhra Pradesh,Guntur,Kakumanu,Vallur
Andhra Pradesh,Guntur,Kollipara,Annavaram
Andhra Pradesh,Guntur,Kollipara,Athota
Andhra Pradesh,Guntur,Kollipara,Bommuvaripalem
Andhra Pradesh,Guntur,Kollipara,Chemudupadu
Andhra Pradesh,Guntur,Kollipara,Chivalur
Andhra Pradesh,Guntur,Kollipara,Danthalur
Andhra Pradesh,Guntur,Kollipara,Davuluru
Andhra Pradesh,Guntur,Kollipara,Kollipara
Andhra Pradesh,Guntur,Kollipara,Kunchavaram
Andhra Pradesh,Guntur,Kollipara,Munnangi
Andhra Pradesh,Guntur,Kollipara,Pidaparru
Andhra Pradesh,Guntur,Kollipara,Siripuram
Andhra Pradesh,Guntur,Kollipara,Thumuluru
Andhra Pradesh,Guntur,Kollipara,Vallabhapuram
Andhra Pradesh,Guntur,Mangalagiri,Atmakur (Og)
Andhra Pradesh,Guntur,Mangalagiri,Chinakakani
Andhra Pradesh,Guntur,Mangalagiri,Chinavadlapudi
Andhra Pradesh,Guntur,Mangalagiri,Kaza
Andhra Pradesh,Guntur,Mangalagiri,Krishnayapalem
Andhra Pradesh,Guntur,Mangalagiri,Kuragallu
Andhra Pradesh,Guntur,Mangalagiri,Mangalagiri Urban
Andhra Pradesh,Guntur,Mangalagiri,Navuluru (Og)
Andhra Pradesh,Guntur,Mangalagiri,Nidamarru
Andhra Pradesh,Guntur,Mangalagiri,Nutakki
Andhra Pradesh,Guntur,Mangalagiri,Pedavadlapudi
Andhra Pradesh,Guntur,Mangalagiri,Ramachandrapuram
Andhra Pradesh,Guntur,Medikonduru,Dokiparru
Andhra Pradesh,Guntur,Medikonduru,Korrapadu
Andhra Pradesh,Guntur,Medikonduru,Mandapadu
Andhra Pradesh,Guntur,Medikonduru,Mangalagiripadu
Andhra Pradesh,Guntur,Medikonduru,Medikonduru
Andhra Pradesh,Guntur,Medikonduru,Paladugu
Andhra Pradesh,Guntur,Medikonduru,Pericherla
Andhra Pradesh,Guntur,Medikonduru,Ponugupadu Khandrika
Andhra Pradesh,Guntur,Medikonduru,Potlapadu
Andhra Pradesh,Guntur,Medikonduru,Siripuram
Andhra Pradesh,Guntur,Medikonduru,Varagani
Andhra Pradesh,Guntur,Medikonduru,Velavarthipadu
Andhra Pradesh,Guntur,Medikonduru,Visadala
Andhra Pradesh,Guntur,Pedakakani,Agatha Varappadu
Andhra Pradesh,Guntur,Pedakakani,Anumarlapudi
Andhra Pradesh,Guntur,Pedakakani,Devarayabhotlapalem
Andhra Pradesh,Guntur,Pedakakani,Koppuravuru
Andhra Pradesh,Guntur,Pedakakani,Nambur
Andhra Pradesh,Guntur,Pedakakani,Pedakakani
Andhra Pradesh,Guntur,Pedakakani,Takkellapadu
Andhra Pradesh,Guntur,Pedakakani,Tangellamudi
Andhra Pradesh,Guntur,Pedakakani,Uppalapadu
Andhra Pradesh,Guntur,Pedakakani,Venigandla
Andhra Pradesh,Guntur,Pedanandipadu,Annaparru
Andhra Pradesh,Guntur,Pedanandipadu,Annavaram
Andhra Pradesh,Guntur,Pedanandipadu,Gorijavoluguntapalem
Andhra Pradesh,Guntur,Pedanandipadu,Katrapadu
Andhra Pradesh,Guntur,Pedanandipadu,Kopparru
Andhra Pradesh,Guntur,Pedanandipadu,Palaparru
Andhra Pradesh,Guntur,Pedanandipadu,Pedanandipadu
Andhra Pradesh,Guntur,Pedanandipadu,Pusulur
Andhra Pradesh,Guntur,Pedanandipadu,Rajupalem
Andhra Pradesh,Guntur,Pedanandipadu,Ravipadu
Andhra Pradesh,Guntur,Pedanandipadu,Uppalapadu
Andhra Pradesh,Guntur,Pedanandipadu,Varagani
Andhra Pradesh,Guntur,Phirangipuram,113 Thalluru
Andhra Pradesh,Guntur,Phirangipuram,Aminabada
Andhra Pradesh,Guntur,Phirangipuram,Bethapudi
Andhra Pradesh,Guntur,Phirangipuram,Erraguntlapadu
Andhra Pradesh,Guntur,Phirangipuram,Gundalapadu
Andhra Pradesh,Guntur,Phirangipuram,Havusuganesa
Andhra Pradesh,Guntur,Phirangipuram,Merikapudi
Andhra Pradesh,Guntur,Phirangipuram,Nudurupadu
Andhra Pradesh,Guntur,Phirangipuram,Phirangipuram
Andhra Pradesh,Guntur,Phirangipuram,Ponugupadu
Andhra Pradesh,Guntur,Phirangipuram,Repudi
Andhra Pradesh,Guntur,Phirangipuram,Sirangipalem
Andhra Pradesh,Guntur,Phirangipuram,Takkellapadu
Andhra Pradesh,Guntur,Phirangipuram,Vemavaram
Andhra Pradesh,Guntur,Ponnur,Aremanda
Andhra Pradesh,Guntur,Ponnur,Brahmanakodur
Andhra Pradesh,Guntur,Ponnur,Chintalapudi
Andhra Pradesh,Guntur,Ponnur,Dandamudi
Andhra Pradesh,Guntur,Ponnur,Doppalapudi
Andhra Pradesh,Guntur,Ponnur,Jadavalli
Andhra Pradesh,Guntur,Ponnur,Jupudi
Andhra Pradesh,Guntur,Ponnur,Kondamudi
Andhra Pradesh,Guntur,Ponnur,Mamillapalle
Andhra Pradesh,Guntur,Ponnur,Mannava
Andhra Pradesh,Guntur,Ponnur,Mulukuduru
Andhra Pradesh,Guntur,Ponnur,Munipalle
Andhra Pradesh,Guntur,Ponnur,Nandur
Andhra Pradesh,Guntur,Ponnur,Nidubrole (U)
Andhra Pradesh,Guntur,Ponnur,Patchalatadiparru
Andhra Pradesh,Guntur,Ponnur,Ponnur Town (U)
Andhra Pradesh,Guntur,Ponnur,Upparapalem
Andhra Pradesh,Guntur,Ponnur,Vaddemukkala
Andhra Pradesh,Guntur,Ponnur,Vallabharaopalem
Andhra Pradesh,Guntur,Ponnur,Vellalur
Andhra Pradesh,Guntur,Prathipadu,Edulapalem
Andhra Pradesh,Guntur,Prathipadu,Enamadala
Andhra Pradesh,Guntur,Prathipadu,Ganikapudi
Andhra Pradesh,Guntur,Prathipadu,Gottipadu
Andhra Pradesh,Guntur,Prathipadu,Kondajagarlamudi
Andhra Pradesh,Guntur,Prathipadu,Kondepadu
Andhra Pradesh,Guntur,Prathipadu,Mallayapalem
Andhra Pradesh,Guntur,Prathipadu,Nadimpalem
Andhra Pradesh,Guntur,Prathipadu,Prathipadu
Andhra Pradesh,Guntur,Prathipadu,Vangipuram
Andhra Pradesh,Guntur,Tadepalli,Chirravuru
Andhra Pradesh,Guntur,Tadepalli,Gundimeda
Andhra Pradesh,Guntur,Tadepalli,Ippatam
Andhra Pradesh,Guntur,Tadepalli,Kolanukonda
Andhra Pradesh,Guntur,Tadepalli,Kunchanapalle
Andhra Pradesh,Guntur,Tadepalli,Penumaka
Andhra Pradesh,Guntur,Tadepalli,Tadepalli
Andhra Pradesh,Guntur,Tadepalli,Undavalli (Og)
Andhra Pradesh,Guntur,Tadepalli,Vaddeswaram (Ct)
Andhra Pradesh,Guntur,Tadikonda,Bandarupalle
Andhra Pradesh,Guntur,Tadikonda,Bejatpuram
Andhra Pradesh,Guntur,Tadikonda,Damarapalle
Andhra Pradesh,Guntur,Tadikonda,Kantheru
Andhra Pradesh,Guntur,Tadikonda,Lachannagudipudi
Andhra Pradesh,Guntur,Tadikonda,Lam
Andhra Pradesh,Guntur,Tadikonda,Mothadaka
Andhra Pradesh,Guntur,Tadikonda,Nidumukkala
Andhra Pradesh,Guntur,Tadikonda,Pamulapadu
Andhra Pradesh,Guntur,Tadikonda,Ponnekallu
Andhra Pradesh,Guntur,Tadikonda,Ravela
Andhra Pradesh,Guntur,Tadikonda,Tadikonda
Andhra Pradesh,Guntur,Tenali,Angalakuduru
Andhra Pradesh,Guntur,Tenali,Burripalem
Andhra Pradesh,Guntur,Tenali,China Ravuru (R)
Andhra Pradesh,Guntur,Tenali,Devarapalli Seri
Andhra Pradesh,Guntur,Tenali,Gudivada
Andhra Pradesh,Guntur,Tenali,Katevaram
Andhra Pradesh,Guntur,Tenali,Kolakaluru
Andhra Pradesh,Guntur,Tenali,Nandivelugu
Andhra Pradesh,Guntur,Tenali,Nelapadu
Andhra Pradesh,Guntur,Tenali,Pedaravuru
Andhra Pradesh,Guntur,Tenali,Pinapadu (R)
Andhra Pradesh,Guntur,Tenali,Sangam Jagarlamudi
Andhra Pradesh,Guntur,Tenali,Tenali (U)
Andhra Pradesh,Guntur,Thulluru,Abbarajupalem
Andhra Pradesh,Guntur,Thulluru,Ainavolu
Andhra Pradesh,Guntur,Thulluru,Ananthavaram
Andhra Pradesh,Guntur,Thulluru,Borupalem
Andhra Pradesh,Guntur,Thulluru,Dondapadu
Andhra Pradesh,Guntur,Thulluru,Harischandrapuram
Andhra Pradesh,Guntur,Thulluru,Kondan Rajupalem
Andhra Pradesh,Guntur,Thulluru,Lingayapalem
Andhra Pradesh,Guntur,Thulluru,Malkapuram
Andhra Pradesh,Guntur,Thulluru,Mandadam
Andhra Pradesh,Guntur,Thulluru,Nekkallu
Andhra Pradesh,Guntur,Thulluru,Nelapadu
Andhra Pradesh,Guntur,Thulluru,Pedaparimi
Andhra Pradesh,Guntur,Thulluru,Pitchikalapalem
Andhra Pradesh,Guntur,Thulluru,Rayapudi
Andhra Pradesh,Guntur,Thulluru,Sakhamur
Andhra Pradesh,Guntur,Thulluru,Thullur
Andhra Pradesh,Guntur,Thulluru,Uddandarayunipalem
Andhra Pradesh,Guntur,Thulluru,Vaddamanu
Andhra Pradesh,Guntur,Thulluru,Velagapudi
Andhra Pradesh,Guntur,Thulluru,Venkatapalem
Andhra Pradesh,Guntur,Vatticherukuru,Ananthavarappadu
Andhra Pradesh,Guntur,Vatticherukuru,Chamallamudi
Andhra Pradesh,Guntur,Vatticherukuru,Garapadu
Andhra Pradesh,Guntur,Vatticherukuru,Karempudipadu
Andhra Pradesh,Guntur,Vatticherukuru,Katrapadu
Andhra Pradesh,Guntur,Vatticherukuru,Kornepadu
Andhra Pradesh,Guntur,Vatticherukuru,Kovelamudi
Andhra Pradesh,Guntur,Vatticherukuru,Kurnoothala
Andhra Pradesh,Guntur,Vatticherukuru,Lemallepadu
Andhra Pradesh,Guntur,Vatticherukuru,Mutluru
Andhra Pradesh,Guntur,Vatticherukuru,Pallapadu
Andhra Pradesh,Guntur,Vatticherukuru,Vatticherukuru
Andhra Pradesh,Guntur,Vatticherukuru,Yamarru
Andhra Pradesh,Kakinada,Gandepalli,Borrampalem
Andhra Pradesh,Kakinada,Gandepalli,Gandepalle
Andhra Pradesh,Kakinada,Gandepalli,Mallepalle
Andhra Pradesh,Kakinada,Gandepalli,Murari
Andhra Pradesh,Kakinada,Gandepalli,North Tirupathi Rajapuram
Andhra Pradesh,Kakinada,Gandepalli,P.Nayakampalle
Andhra Pradesh,Kakinada,Gandepalli,Pro. Ragampeta
Andhra Pradesh,Kakinada,Gandepalli,Singarampalem
Andhra Pradesh,Kakinada,Gandepalli,Surampalem
Andhra Pradesh,Kakinada,Gandepalli,Talluru
Andhra Pradesh,Kakinada,Gandepalli,Uppalapadu
Andhra Pradesh,Kakinada,Gandepalli,Yellamilli
Andhra Pradesh,Kakinada,Gandepalli,Yerrampalem
Andhra Pradesh,Kakinada,Gollaprolu,Chebrolu
Andhra Pradesh,Kakinada,Gollaprolu,Chendurthi
Andhra Pradesh,Kakinada,Gollaprolu,China Jaggampeta
Andhra Pradesh,Kakinada,Gollaprolu,Durgada
Andhra Pradesh,Kakinada,Gollaprolu,Gollaprolu
Andhra Pradesh,Kakinada,Gollaprolu,Kodavali
Andhra Pradesh,Kakinada,Gollaprolu,Laxmipuram
Andhra Pradesh,Kakinada,Gollaprolu,Mallavaram
Andhra Pradesh,Kakinada,Gollaprolu,Seethanagaram
Andhra Pradesh,Kakinada,Gollaprolu,Seethanagaram
Andhra Pradesh,Kakinada,Gollaprolu,Tatiparthi
Andhra Pradesh,Kakinada,Gollaprolu,Vannepudi
Andhra Pradesh,Kakinada,Gollaprolu,Vijayanagaram
Andhra Pradesh,Kakinada,Jaggampeta,Balabhadrapuram
Andhra Pradesh,Kakinada,Jaggampeta,Gollalagunta
Andhra Pradesh,Kakinada,Jaggampeta,Govindapuram
Andhra Pradesh,Kakinada,Jaggampeta,Gurrappalem
Andhra Pradesh,Kakinada,Jaggampeta,Irripaka
Andhra Pradesh,Kakinada,Jaggampeta,Jaggampeta
Andhra Pradesh,Kakinada,Jaggampeta,J. Kothuru
Andhra Pradesh,Kakinada,Jaggampeta,Kandregula
Andhra Pradesh,Kakinada,Jaggampeta,Katravulapalle
Andhra Pradesh,Kakinada,Jaggampeta,Mallisala
Andhra Pradesh,Kakinada,Jaggampeta,Mamidada
Andhra Pradesh,Kakinada,Jaggampeta,Manyanvaripalem
Andhra Pradesh,Kakinada,Jaggampeta,Marripaka
Andhra Pradesh,Kakinada,Jaggampeta,Narendrapatnam
Andhra Pradesh,Kakinada,Jaggampeta,Rajapudi
Andhra Pradesh,Kakinada,Jaggampeta,Ramavaram
Andhra Pradesh,Kakinada,Jaggampeta,Seethampeta
Andhra Pradesh,Kakinada,Jaggampeta,Seethanagaram
Andhra Pradesh,Kakinada,Jaggampeta,Tirupatirajupeta
Andhra Pradesh,Kakinada,Kajuluru,Andrangi
Andhra Pradesh,Kakinada,Kajuluru,Aryavatam
Andhra Pradesh,Kakinada,Kajuluru,Bandanapudi
Andhra Pradesh,Kakinada,Kajuluru,Cheduvada
Andhra Pradesh,Kakinada,Kajuluru,Duggudurru
Andhra Pradesh,Kakinada,Kajuluru,Gollapalem
Andhra Pradesh,Kakinada,Kajuluru,Ithapudi
Andhra Pradesh,Kakinada,Kajuluru,Jagannathagiri
Andhra Pradesh,Kakinada,Kajuluru,Kajuluru
Andhra Pradesh,Kakinada,Kajuluru,Kolanka
Andhra Pradesh,Kakinada,Kajuluru,Kuyyeru
Andhra Pradesh,Kakinada,Kajuluru,Manjeru
Andhra Pradesh,Kakinada,Kajuluru,Mathukumilli
Andhra Pradesh,Kakinada,Kajuluru,Namavanipalem
Andhra Pradesh,Kakinada,Kajuluru,Ontitadu
Andhra Pradesh,Kakinada,Kajuluru,Pallipalem
Andhra Pradesh,Kakinada,Kajuluru,Pedalanka
Andhra Pradesh,Kakinada,Kajuluru,Penumalla
Andhra Pradesh,Kakinada,Kajuluru,Seela
Andhra Pradesh,Kakinada,Kajuluru,Selapaka
Andhra Pradesh,Kakinada,Kajuluru,Tanukuwada
Andhra Pradesh,Kakinada,Kajuluru,Tanumalla
Andhra Pradesh,Kakinada,Kajuluru,Tarlampudi
Andhra Pradesh,Kakinada,Kajuluru,Tipparaju Palem
Andhra Pradesh,Kakinada,Kajuluru,T. Mamidada
Andhra Pradesh,Kakinada,Kajuluru,Uppumilli
Andhra Pradesh,Kakinada,Kakinada (Rural),Chidiga
Andhra Pradesh,Kakinada,Kakinada (Rural),Chidiga (Ct)
Andhra Pradesh,Kakinada,Kakinada (Rural),Ganganapalle
Andhra Pradesh,Kakinada,Kakinada (Rural),Ganganapalli (Og)
Andhra Pradesh,Kakinada,Kakinada (Rural),Indrapalem
Andhra Pradesh,Kakinada,Kakinada (Rural),Kovvada
Andhra Pradesh,Kakinada,Kakinada (Rural),Kovvuru
Andhra Pradesh,Kakinada,Kakinada (Rural),Nemam
Andhra Pradesh,Kakinada,Kakinada (Rural),Panduru
Andhra Pradesh,Kakinada,Kakinada (Rural),Penumarthi
Andhra Pradesh,Kakinada,Kakinada (Rural),Ramanayyapeta
Andhra Pradesh,Kakinada,Kakinada (Rural),Ramanayyapeta (Ct)
Andhra Pradesh,Kakinada,Kakinada (Rural),Repuru
Andhra Pradesh,Kakinada,Kakinada (Rural),Sarpavaram (Og)
Andhra Pradesh,Kakinada,Kakinada (Rural),S. Atchutapuram
Andhra Pradesh,Kakinada,Kakinada (Rural),Suryaraopeta (Ct)
Andhra Pradesh,Kakinada,Kakinada (Rural),Thammavaram
Andhra Pradesh,Kakinada,Kakinada (Rural),Thimmapuram
Andhra Pradesh,Kakinada,Kakinada (Rural),Turangi
Andhra Pradesh,Kakinada,Kakinada (Rural),Turangi (Og)
Andhra Pradesh,Kakinada,Kakinada (Rural),Vakalapudi
Andhra Pradesh,Kakinada,Kakinada (Rural),Vakalapudi (Og)
Andhra Pradesh,Kakinada,Kakinada (Urban),Kakinada
Andhra Pradesh,Kakinada,Kakinada (Urban),Medalinu
Andhra Pradesh,Kakinada,Karapa,Aratlakatta
Andhra Pradesh,Kakinada,Karapa,China Mamidada
Andhra Pradesh,Kakinada,Karapa,G. Bhavaram
Andhra Pradesh,Kakinada,Karapa,Gorripudi
Andhra Pradesh,Kakinada,Karapa,Gurajanapalle
Andhra Pradesh,Kakinada,Karapa,Karapa
Andhra Pradesh,Kakinada,Karapa,Kongodu
Andhra Pradesh,Kakinada,Karapa,Koripalle
Andhra Pradesh,Kakinada,Karapa,Kurada
Andhra Pradesh,Kakinada,Karapa,Nadakuduru
Andhra Pradesh,Kakinada,Karapa,Patharlagadda
Andhra Pradesh,Kakinada,Karapa,Peddapurapadu
Andhra Pradesh,Kakinada,Karapa,Penuguduru
Andhra Pradesh,Kakinada,Karapa,Siripuram
Andhra Pradesh,Kakinada,Karapa,Vakada
Andhra Pradesh,Kakinada,Karapa,Velangi
Andhra Pradesh,Kakinada,Karapa,Vemulavada
Andhra Pradesh,Kakinada,Karapa,Yandamuru
Andhra Pradesh,Kakinada,Karapa,Z. Bhavaram
Andhra Pradesh,Kakinada,Kirlampudi,Bhupalapatnam
Andhra Pradesh,Kakinada,Kirlampudi,Burugupudi
Andhra Pradesh,Kakinada,Kirlampudi,Chillangi
Andhra Pradesh,Kakinada,Kirlampudi,Geddanapalle
Andhra Pradesh,Kakinada,Kirlampudi,Goneda
Andhra Pradesh,Kakinada,Kirlampudi,Jagapathinagaram
Andhra Pradesh,Kakinada,Kirlampudi,Kirlampudi
Andhra Pradesh,Kakinada,Kirlampudi,Krishnavaram
Andhra Pradesh,Kakinada,Kirlampudi,Mukkollu
Andhra Pradesh,Kakinada,Kirlampudi,Palem
Andhra Pradesh,Kakinada,Kirlampudi,Rajupalem
Andhra Pradesh,Kakinada,Kirlampudi,Ramachandra Puram
Andhra Pradesh,Kakinada,Kirlampudi,Ramakrishnapuram
Andhra Pradesh,Kakinada,Kirlampudi,Simhadri Puram
Andhra Pradesh,Kakinada,Kirlampudi,Somanarayani Peta
Andhra Pradesh,Kakinada,Kirlampudi,Somavaram
Andhra Pradesh,Kakinada,Kirlampudi,S. Thimmapuram
Andhra Pradesh,Kakinada,Kirlampudi,Sungarayunipalem
Andhra Pradesh,Kakinada,Kirlampudi,Thamarada
Andhra Pradesh,Kakinada,Kirlampudi,Veeravaram
Andhra Pradesh,Kakinada,Kirlampudi,Velanka
Andhra Pradesh,Kakinada,Kotananduru,Allipudi
Andhra Pradesh,Kakinada,Kotananduru,Arthamuru
Andhra Pradesh,Kakinada,Kotananduru,Bhimavarapukota
Andhra Pradesh,Kakinada,Kotananduru,Billananduru
Andhra Pradesh,Kakinada,Kotananduru,Boddavaram
Andhra Pradesh,Kakinada,Kotananduru,Darakonda
Andhra Pradesh,Kakinada,Kotananduru,Indugapalle
Andhra Pradesh,Kakinada,Kotananduru,Kakarapalle
Andhra Pradesh,Kakinada,Kotananduru,Kamatam Mallavaram
Andhra Pradesh,Kakinada,Kotananduru,K. E. Chinnayyapalem
Andhra Pradesh,Kakinada,Kotananduru,Koppaka Agraharam
Andhra Pradesh,Kakinada,Kotananduru,Kotananduru
Andhra Pradesh,Kakinada,Kotananduru,Kottam
Andhra Pradesh,Kakinada,Kotananduru,Lakshmidevipeta
Andhra Pradesh,Kakinada,Kotananduru,Surapurajupeta
Andhra Pradesh,Kakinada,Kotananduru,Thatipaka Jagan Nadha Nagaram
Andhra Pradesh,Kakinada,Pedapudi,Atchutapuratrayam
Andhra Pradesh,Kakinada,Pedapudi,Chintapalle
Andhra Pradesh,Kakinada,Pedapudi,Domada
Andhra Pradesh,Kakinada,Pedapudi,Gandredu
Andhra Pradesh,Kakinada,Pedapudi,G. Mamidada
Andhra Pradesh,Kakinada,Pedapudi,Kaikavolu
Andhra Pradesh,Kakinada,Pedapudi,Kandregula
Andhra Pradesh,Kakinada,Pedapudi,Karakuduru
Andhra Pradesh,Kakinada,Pedapudi,Kumarapriyam
Andhra Pradesh,Kakinada,Pedapudi,Pedapudi
Andhra Pradesh,Kakinada,Pedapudi,Peddada
Andhra Pradesh,Kakinada,Pedapudi,Puttakonda
Andhra Pradesh,Kakinada,Pedapudi,Pyna
Andhra Pradesh,Kakinada,Pedapudi,Rajupalem
Andhra Pradesh,Kakinada,Pedapudi,Sahapuram
Andhra Pradesh,Kakinada,Pedapudi,Sampara
Andhra Pradesh,Kakinada,Pedapudi,Vendra
Andhra Pradesh,Kakinada,Peddapuram,Anuru
Andhra Pradesh,Kakinada,Peddapuram,Chadalada
Andhra Pradesh,Kakinada,Peddapuram,Chandramampalle
Andhra Pradesh,Kakinada,Peddapuram,Chinabrahmadevam
Andhra Pradesh,Kakinada,Peddapuram,Divili
Andhra Pradesh,Kakinada,Peddapuram,Gorinta
Andhra Pradesh,Kakinada,Peddapuram,G. Ragampeta
Andhra Pradesh,Kakinada,Peddapuram,Gudivada
Andhra Pradesh,Kakinada,Peddapuram,J. Thimmapuram
Andhra Pradesh,Kakinada,Peddapuram,Kandrakota
Andhra Pradesh,Kakinada,Peddapuram,Kattamuru
Andhra Pradesh,Kakinada,Peddapuram,Marlava
Andhra Pradesh,Kakinada,Peddapuram,Peddapuram
Andhra Pradesh,Kakinada,Peddapuram,Pulimeru
Andhra Pradesh,Kakinada,Peddapuram,Rameswaram
Andhra Pradesh,Kakinada,Peddapuram,Rayabhupalapatnam
Andhra Pradesh,Kakinada,Peddapuram,Sirivada
Andhra Pradesh,Kakinada,Peddapuram,Tatiparthi
Andhra Pradesh,Kakinada,Peddapuram,Tirupati
Andhra Pradesh,Kakinada,Peddapuram,Ulimeswaram
Andhra Pradesh,Kakinada,Peddapuram,Vadlamuru
Andhra Pradesh,Kakinada,Peddapuram,Valuthimmapuram
Andhra Pradesh,Kakinada,Pithapuram,Agraharam (R)
Andhra Pradesh,Kakinada,Pithapuram,Bhogapuram
Andhra Pradesh,Kakinada,Pithapuram,B. Kothuru
Andhra Pradesh,Kakinada,Pithapuram,Chitrada
Andhra Pradesh,Kakinada,Pithapuram,Fakruddinpalem
Andhra Pradesh,Kakinada,Pithapuram,Gokivada
Andhra Pradesh,Kakinada,Pithapuram,Govindarajupalem
Andhra Pradesh,Kakinada,Pithapuram,Illindrada
Andhra Pradesh,Kakinada,Pithapuram,Jagapathirajapuram
Andhra Pradesh,Kakinada,Pithapuram,Jalluru
Andhra Pradesh,Kakinada,Pithapuram,Jamulapalle
Andhra Pradesh,Kakinada,Pithapuram,Kandarada
Andhra Pradesh,Kakinada,Pithapuram,Kolanka
Andhra Pradesh,Kakinada,Pithapuram,Kumarapuram (Og)
Andhra Pradesh,Kakinada,Pithapuram,Madhavapuram
Andhra Pradesh,Kakinada,Pithapuram,Mallam
Andhra Pradesh,Kakinada,Pithapuram,Mangiturthi
Andhra Pradesh,Kakinada,Pithapuram,Narasingapuram
Andhra Pradesh,Kakinada,Pithapuram,Navakandravada
Andhra Pradesh,Kakinada,Pithapuram,Pithapuram
Andhra Pradesh,Kakinada,Pithapuram,Pro. Donthamuru
Andhra Pradesh,Kakinada,Pithapuram,Pro. Rayavaram
Andhra Pradesh,Kakinada,Pithapuram,Raparthi
Andhra Pradesh,Kakinada,Pithapuram,Somavaram
Andhra Pradesh,Kakinada,Pithapuram,Veeraraghavapuram
Andhra Pradesh,Kakinada,Pithapuram,Veldurthi
Andhra Pradesh,Kakinada,Pithapuram,Virava
Andhra Pradesh,Kakinada,Pithapuram,Viravada
Andhra Pradesh,Kakinada,Prathipadu,Arilla Dhara
Andhra Pradesh,Kakinada,Prathipadu,Bapannadhara
Andhra Pradesh,Kakinada,Prathipadu,Bavuruvaka
Andhra Pradesh,Kakinada,Prathipadu,Buradakota
Andhra Pradesh,Kakinada,Prathipadu,China Sankarlapudi
Andhra Pradesh,Kakinada,Prathipadu,Chintaluru
Andhra Pradesh,Kakinada,Prathipadu,Dharmavaram
Andhra Pradesh,Kakinada,Prathipadu,Doparthi
Andhra Pradesh,Kakinada,Prathipadu,Gajjanapudi
Andhra Pradesh,Kakinada,Prathipadu,Girijanapuram
Andhra Pradesh,Kakinada,Prathipadu,Gokavaram
Andhra Pradesh,Kakinada,Prathipadu,K. Kothapalle
Andhra Pradesh,Kakinada,Prathipadu,K. Mirthivada
Andhra Pradesh,Kakinada,Prathipadu,Kondapalle
Andhra Pradesh,Kakinada,Prathipadu,Kothuru
Andhra Pradesh,Kakinada,Prathipadu,Lampakalova
Andhra Pradesh,Kakinada,Prathipadu,Mettu Chintha
Andhra Pradesh,Kakinada,Prathipadu,Pandavulapalem
Andhra Pradesh,Kakinada,Prathipadu,Peda Sankarlapudi
Andhra Pradesh,Kakinada,Prathipadu,Peddipalem
Andhra Pradesh,Kakinada,Prathipadu,P. Jagannadhapuram
Andhra Pradesh,Kakinada,Prathipadu,Podurupaka
Andhra Pradesh,Kakinada,Prathipadu,Pothuluru
Andhra Pradesh,Kakinada,Prathipadu,Prathipadu
Andhra Pradesh,Kakinada,Prathipadu,Rachapalle
Andhra Pradesh,Kakinada,Prathipadu,Sarabhavaram
Andhra Pradesh,Kakinada,Prathipadu,Seemusuru
Andhra Pradesh,Kakinada,Prathipadu,Thaduvai
Andhra Pradesh,Kakinada,Prathipadu,Thotakurapalem
Andhra Pradesh,Kakinada,Prathipadu,Thotapalle
Andhra Pradesh,Kakinada,Prathipadu,U. Jagannadhapuram
Andhra Pradesh,Kakinada,Prathipadu,Uligogila
Andhra Pradesh,Kakinada,Prathipadu,Uttarakanchi
Andhra Pradesh,Kakinada,Prathipadu,Vakapalle
Andhra Pradesh,Kakinada,Prathipadu,Vanthada
Andhra Pradesh,Kakinada,Prathipadu,Vemulapalem
Andhra Pradesh,Kakinada,Prathipadu,Venkatanagaram
Andhra Pradesh,Kakinada,Prathipadu,Vommangi
Andhra Pradesh,Kakinada,Prathipadu,Yeluru
Andhra Pradesh,Kakinada,Prathipadu,Yerakampalem
Andhra Pradesh,Kakinada,Rowthulapudi,A. Mallavaram
Andhra Pradesh,Kakinada,Rowthulapudi,Anantharam
Andhra Pradesh,Kakinada,Rowthulapudi,Balarampuram
Andhra Pradesh,Kakinada,Rowthulapudi,Bapabhupalapatnam
Andhra Pradesh,Kakinada,Rowthulapudi,Billavaka
Andhra Pradesh,Kakinada,Rowthulapudi,Chakirevulapalem
Andhra Pradesh,Kakinada,Rowthulapudi,Challeru
Andhra Pradesh,Kakinada,Rowthulapudi,China Mallapuram
Andhra Pradesh,Kakinada,Rowthulapudi,Dabbadi
Andhra Pradesh,Kakinada,Rowthulapudi,Dhara Jagannadhapuram
Andhra Pradesh,Kakinada,Rowthulapudi,Diguvadarapalle
Andhra Pradesh,Kakinada,Rowthulapudi,Diguva Sivada
Andhra Pradesh,Kakinada,Rowthulapudi,D. Pydipala
Andhra Pradesh,Kakinada,Rowthulapudi,Gangavaram
Andhra Pradesh,Kakinada,Rowthulapudi,Gidajam
Andhra Pradesh,Kakinada,Rowthulapudi,Ginnelaram
Andhra Pradesh,Kakinada,Rowthulapudi,Gummaregula
Andhra Pradesh,Kakinada,Rowthulapudi,Jaldam
Andhra Pradesh,Kakinada,Rowthulapudi,Koduru
Andhra Pradesh,Kakinada,Rowthulapudi,Kondapalem
Andhra Pradesh,Kakinada,Rowthulapudi,Kothuru
Andhra Pradesh,Kakinada,Rowthulapudi,Latchireddipalem
Andhra Pradesh,Kakinada,Rowthulapudi,Meraka Chamavaram
Andhra Pradesh,Kakinada,Rowthulapudi,Mulagapudi
Andhra Pradesh,Kakinada,Rowthulapudi,Namagiri Narendrapatnam
Andhra Pradesh,Kakinada,Rowthulapudi,Pallapu Chamavaram
Andhra Pradesh,Kakinada,Rowthulapudi,Parupaka
Andhra Pradesh,Kakinada,Rowthulapudi,Pedduru
Andhra Pradesh,Kakinada,Rowthulapudi,Raghavapatnam
Andhra Pradesh,Kakinada,Rowthulapudi,Rajavaram
Andhra Pradesh,Kakinada,Rowthulapudi,Ramakrishnapuram
Andhra Pradesh,Kakinada,Rowthulapudi,Rowthulapudi
Andhra Pradesh,Kakinada,Rowthulapudi,R. Venkatapuram
Andhra Pradesh,Kakinada,Rowthulapudi,Santha Pydipala
Andhra Pradesh,Kakinada,Rowthulapudi,Sarlanka
Andhra Pradesh,Kakinada,Rowthulapudi,Satyavaram
Andhra Pradesh,Kakinada,Rowthulapudi,Srungadhara Agraharam
Andhra Pradesh,Kakinada,Rowthulapudi,Srungavaram
Andhra Pradesh,Kakinada,Rowthulapudi,Surampeta
Andhra Pradesh,Kakinada,Rowthulapudi,Tirupatammapeta
Andhra Pradesh,Kakinada,Rowthulapudi,Uppampalem
Andhra Pradesh,Kakinada,Rowthulapudi,Venkatanagaram
Andhra Pradesh,Kakinada,Rowthulapudi,Yeguvadarapalle
Andhra Pradesh,Kakinada,Rowthulapudi,Yeguvasivada
Andhra Pradesh,Kakinada,Samalkota,Bhimavaram
Andhra Pradesh,Kakinada,Samalkota,Boyanapudi
Andhra Pradesh,Kakinada,Samalkota,G. Medapadu
Andhra Pradesh,Kakinada,Samalkota,Jaggammagaripeta (R)
Andhra Pradesh,Kakinada,Samalkota,Kapavaram
Andhra Pradesh,Kakinada,Samalkota,Koppavaram
Andhra Pradesh,Kakinada,Samalkota,Madhavapatnam
Andhra Pradesh,Kakinada,Samalkota,Mamilladoddi
Andhra Pradesh,Kakinada,Samalkota,Navara
Andhra Pradesh,Kakinada,Samalkota,Panasapadu
Andhra Pradesh,Kakinada,Samalkota,Pandravada
Andhra Pradesh,Kakinada,Samalkota,Pavara
Andhra Pradesh,Kakinada,Samalkota,Pedabrahmadevam
Andhra Pradesh,Kakinada,Samalkota,P. Vemavaram
Andhra Pradesh,Kakinada,Samalkota,Samalkota
Andhra Pradesh,Kakinada,Samalkota,Unduru
Andhra Pradesh,Kakinada,Samalkota,Valluru
Andhra Pradesh,Kakinada,Samalkota,Venkata Krishnarayapuram
Andhra Pradesh,Kakinada,Samalkota,Vetlapalem
Andhra Pradesh,Kakinada,Sankhavaram,Ammirekhala
Andhra Pradesh,Kakinada,Sankhavaram,Ankampalem
Andhra Pradesh,Kakinada,Sankhavaram,Annavaram
Andhra Pradesh,Kakinada,Sankhavaram,Anumarthi
Andhra Pradesh,Kakinada,Sankhavaram,Arempudi (Ct)
Andhra Pradesh,Kakinada,Sankhavaram,Atchampeta
Andhra Pradesh,Kakinada,Sankhavaram,Avethi
Andhra Pradesh,Kakinada,Sankhavaram,Dhara Mallapuram
Andhra Pradesh,Kakinada,Sankhavaram,Gondhi
Andhra Pradesh,Kakinada,Sankhavaram,Gondhi Kothapalle
Andhra Pradesh,Kakinada,Sankhavaram,Gowrampeta
Andhra Pradesh,Kakinada,Sankhavaram,Jagannadhapuram
Andhra Pradesh,Kakinada,Sankhavaram,Jaggampeta
Andhra Pradesh,Kakinada,Sankhavaram,Kathipudi
Andhra Pradesh,Kakinada,Sankhavaram,Kondempudi
Andhra Pradesh,Kakinada,Sankhavaram,Konthangi
Andhra Pradesh,Kakinada,Sankhavaram,Mandapam
Andhra Pradesh,Kakinada,Sankhavaram,Masampalle
Andhra Pradesh,Kakinada,Sankhavaram,Nellipudi
Andhra Pradesh,Kakinada,Sankhavaram,Ondregula
Andhra Pradesh,Kakinada,Sankhavaram,Pedamallapuram
Andhra Pradesh,Kakinada,Sankhavaram,Polavaram
Andhra Pradesh,Kakinada,Sankhavaram,Rajaram
Andhra Pradesh,Kakinada,Sankhavaram,Ramannapalem
Andhra Pradesh,Kakinada,Sankhavaram,Sankhavaram
Andhra Pradesh,Kakinada,Sankhavaram,Seethayampeta
Andhra Pradesh,Kakinada,Sankhavaram,Siddivaripalem
Andhra Pradesh,Kakinada,Sankhavaram,Srungadhara
Andhra Pradesh,Kakinada,Sankhavaram,Vadrevu Venkatapuram
Andhra Pradesh,Kakinada,Sankhavaram,Vazrakutam
Andhra Pradesh,Kakinada,Sankhavaram,Velangi
Andhra Pradesh,Kakinada,Sankhavaram,Yarakapuram
Andhra Pradesh,Kakinada,Tallarevu,Chollangi
Andhra Pradesh,Kakinada,Tallarevu,Chollangi Peta
Andhra Pradesh,Kakinada,Tallarevu,G. Vemavaram
Andhra Pradesh,Kakinada,Tallarevu,Injaram
Andhra Pradesh,Kakinada,Tallarevu,Koringa
Andhra Pradesh,Kakinada,Tallarevu,Latchipalem
Andhra Pradesh,Kakinada,Tallarevu,Neelapalle
Andhra Pradesh,Kakinada,Tallarevu,Patavala
Andhra Pradesh,Kakinada,Tallarevu,Pillanka
Andhra Pradesh,Kakinada,Tallarevu,P. Mallavaram
Andhra Pradesh,Kakinada,Tallarevu,Polekurru
Andhra Pradesh,Kakinada,Tallarevu,Sunkarapalem
Andhra Pradesh,Kakinada,Tallarevu,Uppangala
Andhra Pradesh,Kakinada,Thondangi,A. Kothapalle
Andhra Pradesh,Kakinada,Thondangi,Anuru
Andhra Pradesh,Kakinada,Thondangi,A.V.Nagaram
Andhra Pradesh,Kakinada,Thondangi,Bendapudi
Andhra Pradesh,Kakinada,Thondangi,Gopalapatnam
Andhra Pradesh,Kakinada,Thondangi,Kommanapalle
Andhra Pradesh,Kakinada,Thondangi,Kona Forest
Andhra Pradesh,Kakinada,Thondangi,Krishnapuram
Andhra Pradesh,Kakinada,Thondangi,P. Agraharam
Andhra Pradesh,Kakinada,Thondangi,P.E.Chinnayapalem
Andhra Pradesh,Kakinada,Thondangi,Pydikonda
Andhra Pradesh,Kakinada,Thondangi,Ravikampadu
Andhra Pradesh,Kakinada,Thondangi,Srungavruksham
Andhra Pradesh,Kakinada,Thondangi,Thondangi
Andhra Pradesh,Kakinada,Thondangi,Vemavaram
Andhra Pradesh,Kakinada,Tuni,Atikivaripalem
Andhra Pradesh,Kakinada,Tuni,Ch. Agraharam
Andhra Pradesh,Kakinada,Tuni,Chamavaram
Andhra Pradesh,Kakinada,Tuni,Chepuru
Andhra Pradesh,Kakinada,Tuni,Dondavaka
Andhra Pradesh,Kakinada,Tuni,D. Polavaram
Andhra Pradesh,Kakinada,Tuni,Hamsavaram
Andhra Pradesh,Kakinada,Tuni,Kavalapadu
Andhra Pradesh,Kakinada,Tuni,Kolimeru
Andhra Pradesh,Kakinada,Tuni,K.O. Mallavaram
Andhra Pradesh,Kakinada,Tuni,Kothakonda
Andhra Pradesh,Kakinada,Tuni,Kothuru
Andhra Pradesh,Kakinada,Tuni,Maruvada
Andhra Pradesh,Kakinada,Tuni,Nandivampu
Andhra Pradesh,Kakinada,Tuni,N. Suravaram
Andhra Pradesh,Kakinada,Tuni,Rapaka
Andhra Pradesh,Kakinada,Tuni,Rekhavanipalem
Andhra Pradesh,Kakinada,Tuni,S. Annavaram (R)
Andhra Pradesh,Kakinada,Tuni,Talluru
Andhra Pradesh,Kakinada,Tuni,Tetagunta
Andhra Pradesh,Kakinada,Tuni,Tuni
Andhra Pradesh,Kakinada,Tuni,Valluru
Andhra Pradesh,Kakinada,Tuni,Veeravaram
Andhra Pradesh,Kakinada,U.Kothapalli,Amaravalli
Andhra Pradesh,Kakinada,U.Kothapalli,Aminabada
Andhra Pradesh,Kakinada,U.Kothapalli,Gorsa
Andhra Pradesh,Kakinada,U.Kothapalli,Komaragiri
Andhra Pradesh,Kakinada,U.Kothapalli,Kondevaram
Andhra Pradesh,Kakinada,U.Kothapalli,Kotha Moolapeta
Andhra Pradesh,Kakinada,U.Kothapalli,Kothapalle
Andhra Pradesh,Kakinada,U.Kothapalli,Kutukudumilli
Andhra Pradesh,Kakinada,U.Kothapalli,Mulapeta
Andhra Pradesh,Kakinada,U.Kothapalli,Nagulapalle
Andhra Pradesh,Kakinada,U.Kothapalli,P. Isukapalle
Andhra Pradesh,Kakinada,U.Kothapalli,Ponnada
Andhra Pradesh,Kakinada,U.Kothapalli,Ramanakkapeta
Andhra Pradesh,Kakinada,U.Kothapalli,Sreeramnagar
Andhra Pradesh,Kakinada,U.Kothapalli,Subbampeta
Andhra Pradesh,Kakinada,U.Kothapalli,Uppada
Andhra Pradesh,Kakinada,U.Kothapalli,Vakatippa
Andhra Pradesh,Kakinada,U.Kothapalli,Yendapalle
Andhra Pradesh,Kakinada,Yeleswaram,Bhadravaram
Andhra Pradesh,Kakinada,Yeleswaram,C. Rayavaram
Andhra Pradesh,Kakinada,Yeleswaram,East Lakshmipuram
Andhra Pradesh,Kakinada,Yeleswaram,J. Annavaram
Andhra Pradesh,Kakinada,Yeleswaram,Lakkavaram
Andhra Pradesh,Kakinada,Yeleswaram,Lingamparthi
Andhra Pradesh,Kakinada,Yeleswaram,Marriveedu
Andhra Pradesh,Kakinada,Yeleswaram,Peddanapalle
Andhra Pradesh,Kakinada,Yeleswaram,Peravaram
Andhra Pradesh,Kakinada,Yeleswaram,Ramanayyapeta
Andhra Pradesh,Kakinada,Yeleswaram,Siripuram
Andhra Pradesh,Kakinada,Yeleswaram,Tirumali
Andhra Pradesh,Kakinada,Yeleswaram,Yeleswaram
Andhra Pradesh,Kakinada,Yeleswaram,Yerravaram
Andhra Pradesh,Krishna,Avanigadda,Aswaraopalem
Andhra Pradesh,Krishna,Avanigadda,Avanigadda
Andhra Pradesh,Krishna,Avanigadda,Chiruvolu Lanka
Andhra Pradesh,Krishna,Avanigadda,Edlanka
Andhra Pradesh,Krishna,Avanigadda,Modumudi
Andhra Pradesh,Krishna,Avanigadda,Puligadda
Andhra Pradesh,Krishna,Avanigadda,Vekanuru
Andhra Pradesh,Krishna,Bantumilli,Amudalapalle
Andhra Pradesh,Krishna,Bantumilli,Arthamuru
Andhra Pradesh,Krishna,Bantumilli,Bantumilli
Andhra Pradesh,Krishna,Bantumilli,Barripadu
Andhra Pradesh,Krishna,Bantumilli,Chinatummidi
Andhra Pradesh,Krishna,Bantumilli,Chorampudi
Andhra Pradesh,Krishna,Bantumilli,Kanchadam
Andhra Pradesh,Krishna,Bantumilli,Korlapadu
Andhra Pradesh,Krishna,Bantumilli,Maddetipalle
Andhra Pradesh,Krishna,Bantumilli,Malleswaram
Andhra Pradesh,Krishna,Bantumilli,Manimeswaram
Andhra Pradesh,Krishna,Bantumilli,Mulaparru
Andhra Pradesh,Krishna,Bantumilli,Munjuluru
Andhra Pradesh,Krishna,Bantumilli,Narayanapuram
Andhra Pradesh,Krishna,Bantumilli,Peda Pandraka
Andhra Pradesh,Krishna,Bantumilli,Pedatummidi
Andhra Pradesh,Krishna,Bantumilli,Pendurru
Andhra Pradesh,Krishna,Bantumilli,Ramavarapumodi
Andhra Pradesh,Krishna,Bantumilli,Satuluru
Andhra Pradesh,Krishna,Bapulapadu,Ampapuram
Andhra Pradesh,Krishna,Bapulapadu,Arugolanu
Andhra Pradesh,Krishna,Bapulapadu,Bandarugudem
Andhra Pradesh,Krishna,Bapulapadu,Bapulapadu
Andhra Pradesh,Krishna,Bapulapadu,Billanapalle
Andhra Pradesh,Krishna,Bapulapadu,Bommuluru
Andhra Pradesh,Krishna,Bapulapadu,Bommuluru Khandrika
Andhra Pradesh,Krishna,Bapulapadu,Chirivada
Andhra Pradesh,Krishna,Bapulapadu,Dantaguntla
Andhra Pradesh,Krishna,Bapulapadu,Kakulapadu
Andhra Pradesh,Krishna,Bapulapadu,Kanumolu
Andhra Pradesh,Krishna,Bapulapadu,Kodurupadu
Andhra Pradesh,Krishna,Bapulapadu,Kothapalle
Andhra Pradesh,Krishna,Bapulapadu,Koyyuru
Andhra Pradesh,Krishna,Bapulapadu,Kuripirala
Andhra Pradesh,Krishna,Bapulapadu,Madicherla
Andhra Pradesh,Krishna,Bapulapadu,Mallavilli
Andhra Pradesh,Krishna,Bapulapadu,Ogirala
Andhra Pradesh,Krishna,Bapulapadu,Ramannagudem
Andhra Pradesh,Krishna,Bapulapadu,Rangannagudem
Andhra Pradesh,Krishna,Bapulapadu,Remalle
Andhra Pradesh,Krishna,Bapulapadu,Serinarasannapalem
Andhra Pradesh,Krishna,Bapulapadu,Singannagudem
Andhra Pradesh,Krishna,Bapulapadu,Sobhanadripuram
Andhra Pradesh,Krishna,Bapulapadu,Tippanagunta
Andhra Pradesh,Krishna,Bapulapadu,Veeravalli
Andhra Pradesh,Krishna,Bapulapadu,Veleru
Andhra Pradesh,Krishna,Bapulapadu,Venkatapuram
Andhra Pradesh,Krishna,Bapulapadu,Venkatrajugudem
Andhra Pradesh,Krishna,Challapalli,Challapalle
Andhra Pradesh,Krishna,Challapalli,Cheedepudi
Andhra Pradesh,Krishna,Challapalli,Lakshmipuram
Andhra Pradesh,Krishna,Challapalli,Majeru
Andhra Pradesh,Krishna,Challapalli,Mangalapuram
Andhra Pradesh,Krishna,Challapalli,Nadakuduru
Andhra Pradesh,Krishna,Challapalli,Nimmagadda
Andhra Pradesh,Krishna,Challapalli,Pagolu
Andhra Pradesh,Krishna,Challapalli,Puritigadda
Andhra Pradesh,Krishna,Challapalli,Vakkalagadda
Andhra Pradesh,Krishna,Challapalli,Velivolu
Andhra Pradesh,Krishna,Challapalli,Yarlagadda
Andhra Pradesh,Krishna,Gannavaram,Ajjampudi
Andhra Pradesh,Krishna,Gannavaram,Allapuram
Andhra Pradesh,Krishna,Gannavaram,Bahubalendrunigudem
Andhra Pradesh,Krishna,Gannavaram,Balliparru
Andhra Pradesh,Krishna,Gannavaram,Buddavaram
Andhra Pradesh,Krishna,Gannavaram,Buthumillipadu
Andhra Pradesh,Krishna,Gannavaram,Chikkavaram
Andhra Pradesh,Krishna,Gannavaram,China Avutapalle
Andhra Pradesh,Krishna,Gannavaram,Gannavaram
Andhra Pradesh,Krishna,Gannavaram,Gollanapalle
Andhra Pradesh,Krishna,Gannavaram,Gopavarapugudem
Andhra Pradesh,Krishna,Gannavaram,Jakkulanekkalam
Andhra Pradesh,Krishna,Gannavaram,Kesarapalle
Andhra Pradesh,Krishna,Gannavaram,Kondapavuluru
Andhra Pradesh,Krishna,Gannavaram,Metlapalle
Andhra Pradesh,Krishna,Gannavaram,Mustabad
Andhra Pradesh,Krishna,Gannavaram,Purushottapatnam
Andhra Pradesh,Krishna,Gannavaram,Ramachandrapuram
Andhra Pradesh,Krishna,Gannavaram,Sagguruamani
Andhra Pradesh,Krishna,Gannavaram,Savarigudem
Andhra Pradesh,Krishna,Gannavaram,Surampalle
Andhra Pradesh,Krishna,Gannavaram,Tempalle
Andhra Pradesh,Krishna,Gannavaram,Vedurupavuluru
Andhra Pradesh,Krishna,Gannavaram,Veerapanenigudem
Andhra Pradesh,Krishna,Gannavaram,Venkatanarasimhapuram
Andhra Pradesh,Krishna,Ghantasala,Birudugadda
Andhra Pradesh,Krishna,Ghantasala,Bollapadu
Andhra Pradesh,Krishna,Ghantasala,Chilakalapudi
Andhra Pradesh,Krishna,Ghantasala,China Kallepalle
Andhra Pradesh,Krishna,Ghantasala,Chitturpu
Andhra Pradesh,Krishna,Ghantasala,Chitturu
Andhra Pradesh,Krishna,Ghantasala,Daliparru
Andhra Pradesh,Krishna,Ghantasala,Devarakota
Andhra Pradesh,Krishna,Ghantasala,Elikala Kuduru
Andhra Pradesh,Krishna,Ghantasala,Endakuduru
Andhra Pradesh,Krishna,Ghantasala,Ghantasala
Andhra Pradesh,Krishna,Ghantasala,Kodali
Andhra Pradesh,Krishna,Ghantasala,Kothapalle
Andhra Pradesh,Krishna,Ghantasala,Lankapalle
Andhra Pradesh,Krishna,Ghantasala,Mallampalle
Andhra Pradesh,Krishna,Ghantasala,Pushadam
Andhra Pradesh,Krishna,Ghantasala,Srikakulam
Andhra Pradesh,Krishna,Ghantasala,Tadepalle
Andhra Pradesh,Krishna,Ghantasala,Teluguraopalem
Andhra Pradesh,Krishna,Ghantasala,Vemulapalle
Andhra Pradesh,Krishna,Ghantasala,V.Rudravaram
Andhra Pradesh,Krishna,Gudivada,Allidoddi
Andhra Pradesh,Krishna,Gudivada,Bethavolu (R)
Andhra Pradesh,Krishna,Gudivada,Billapadu (R)
Andhra Pradesh,Krishna,Gudivada,Bommuluru
Andhra Pradesh,Krishna,Gudivada,Chilakamudi
Andhra Pradesh,Krishna,Gudivada,China Yerukapadu
Andhra Pradesh,Krishna,Gudivada,Chirichintala
Andhra Pradesh,Krishna,Gudivada,Chowtapalle
Andhra Pradesh,Krishna,Gudivada,Dondapadu
Andhra Pradesh,Krishna,Gudivada,Gangadharapuram
Andhra Pradesh,Krishna,Gudivada,Gudivada (R)
Andhra Pradesh,Krishna,Gudivada,Guntakoduru
Andhra Pradesh,Krishna,Gudivada,Kalvapudi Agraharam
Andhra Pradesh,Krishna,Gudivada,Kasipudi
Andhra Pradesh,Krishna,Gudivada,Lingavaram
Andhra Pradesh,Krishna,Gudivada,Mallayapalem
Andhra Pradesh,Krishna,Gudivada,Mandapadu (R)
Andhra Pradesh,Krishna,Gudivada,Merakagudem
Andhra Pradesh,Krishna,Gudivada,Moturu
Andhra Pradesh,Krishna,Gudivada,Nagavarappadu Urban
Andhra Pradesh,Krishna,Gudivada,Pedayerukapadu (R)
Andhra Pradesh,Krishna,Gudivada,Ramachandrapuram
Andhra Pradesh,Krishna,Gudivada,Ramanapudi
Andhra Pradesh,Krishna,Gudivada,Saidepudi
Andhra Pradesh,Krishna,Gudivada,Seepudi
Andhra Pradesh,Krishna,Gudivada,Seri Dintakurru
Andhra Pradesh,Krishna,Gudivada,Seri Golvepalle
Andhra Pradesh,Krishna,Gudivada,Seri Velpur
Andhra Pradesh,Krishna,Gudivada,Siddhantam
Andhra Pradesh,Krishna,Gudivada,Tativarru
Andhra Pradesh,Krishna,Gudivada,Valivarthipadu (R)
Andhra Pradesh,Krishna,Gudlavalleru,Angaluru
Andhra Pradesh,Krishna,Gudlavalleru,Chandrala
Andhra Pradesh,Krishna,Gudlavalleru,Cheruvupalle
Andhra Pradesh,Krishna,Gudlavalleru,Chinagonnuru
Andhra Pradesh,Krishna,Gudlavalleru,Chitram
Andhra Pradesh,Krishna,Gudlavalleru,Dokiparru
Andhra Pradesh,Krishna,Gudlavalleru,Gadepudi
Andhra Pradesh,Krishna,Gudlavalleru,Gudlavalleru
Andhra Pradesh,Krishna,Gudlavalleru,Kowtaram
Andhra Pradesh,Krishna,Gudlavalleru,Kurada
Andhra Pradesh,Krishna,Gudlavalleru,Mamidikolla
Andhra Pradesh,Krishna,Gudlavalleru,Nagavaram
Andhra Pradesh,Krishna,Gudlavalleru,Penjendra
Andhra Pradesh,Krishna,Gudlavalleru,Pesaramilli
Andhra Pradesh,Krishna,Gudlavalleru,Puritipadu
Andhra Pradesh,Krishna,Gudlavalleru,Seridaggumilli
Andhra Pradesh,Krishna,Gudlavalleru,Seri Kalavapudi
Andhra Pradesh,Krishna,Gudlavalleru,Ulavalapudi
Andhra Pradesh,Krishna,Gudlavalleru,Vadlamannadu
Andhra Pradesh,Krishna,Gudlavalleru,Vemavaram
Andhra Pradesh,Krishna,Gudlavalleru,Vemavarappalem
Andhra Pradesh,Krishna,Gudlavalleru,Vemugunta
Andhra Pradesh,Krishna,Gudlavalleru,Venuturumilli
Andhra Pradesh,Krishna,Gudlavalleru,Vinnakota
Andhra Pradesh,Krishna,Guduru,Akulamannadu
Andhra Pradesh,Krishna,Guduru,Akumarru
Andhra Pradesh,Krishna,Guduru,Chittiguduru
Andhra Pradesh,Krishna,Guduru,Gandram
Andhra Pradesh,Krishna,Guduru,Guduru
Andhra Pradesh,Krishna,Guduru,Gurjepalle
Andhra Pradesh,Krishna,Guduru,Idugullapalle
Andhra Pradesh,Krishna,Guduru,Jakkamcherla
Andhra Pradesh,Krishna,Guduru,Kalapatam
Andhra Pradesh,Krishna,Guduru,Kanchakodur
Andhra Pradesh,Krishna,Guduru,Kankatava
Andhra Pradesh,Krishna,Guduru,Kappaladoddi
Andhra Pradesh,Krishna,Guduru,Kokanarayanapalem
Andhra Pradesh,Krishna,Guduru,Lellagaruvu
Andhra Pradesh,Krishna,Guduru,Maddipatla
Andhra Pradesh,Krishna,Guduru,Mallavolu
Andhra Pradesh,Krishna,Guduru,Mukkollu
Andhra Pradesh,Krishna,Guduru,Narikedalapalem
Andhra Pradesh,Krishna,Guduru,Pinagudurulanka
Andhra Pradesh,Krishna,Guduru,Polavaram
Andhra Pradesh,Krishna,Guduru,Ramannapeta
Andhra Pradesh,Krishna,Guduru,Ramanuja Varthalapalle
Andhra Pradesh,Krishna,Guduru,Ramarajupalem
Andhra Pradesh,Krishna,Guduru,Rayavaram
Andhra Pradesh,Krishna,Guduru,Tarakaturu
Andhra Pradesh,Krishna,Kankipadu,Chalivendrapalem
Andhra Pradesh,Krishna,Kankipadu,Davuluru
Andhra Pradesh,Krishna,Kankipadu,Edupugallu
Andhra Pradesh,Krishna,Kankipadu,Godavarru
Andhra Pradesh,Krishna,Kankipadu,Jagannadhapuram
Andhra Pradesh,Krishna,Kankipadu,Kandalampadu
Andhra Pradesh,Krishna,Kankipadu,Kankipadu (Ct)
Andhra Pradesh,Krishna,Kankipadu,Kolavennu
Andhra Pradesh,Krishna,Kankipadu,Konathanapadu
Andhra Pradesh,Krishna,Kankipadu,Kunderu
Andhra Pradesh,Krishna,Kankipadu,Madduru
Andhra Pradesh,Krishna,Kankipadu,Manthena
Andhra Pradesh,Krishna,Kankipadu,Maredumaka
Andhra Pradesh,Krishna,Kankipadu,Neppalle
Andhra Pradesh,Krishna,Kankipadu,Prodduturu
Andhra Pradesh,Krishna,Kankipadu,Punadipadu
Andhra Pradesh,Krishna,Kankipadu,Tenneru
Andhra Pradesh,Krishna,Kankipadu,Uppaluru
Andhra Pradesh,Krishna,Kankipadu,Velpuru
Andhra Pradesh,Krishna,Koduru,Koduru
Andhra Pradesh,Krishna,Koduru,Lingareddipalem
Andhra Pradesh,Krishna,Koduru,Machavaram
Andhra Pradesh,Krishna,Koduru,Mandapakala
Andhra Pradesh,Krishna,Koduru,Pittallanka
Andhra Pradesh,Krishna,Koduru,Ramakrishnapuram
Andhra Pradesh,Krishna,Koduru,Salempalem
Andhra Pradesh,Krishna,Koduru,Ullipalem
Andhra Pradesh,Krishna,Koduru,Viswanadhapalle
Andhra Pradesh,Krishna,Kruthivennu,Chandala
Andhra Pradesh,Krishna,Kruthivennu,Cherkumilli
Andhra Pradesh,Krishna,Kruthivennu,Chinagollapalem
Andhra Pradesh,Krishna,Kruthivennu,China Pandraka
Andhra Pradesh,Krishna,Kruthivennu,Endapalle
Andhra Pradesh,Krishna,Kruthivennu,Garisepudi
Andhra Pradesh,Krishna,Kruthivennu,Interu
Andhra Pradesh,Krishna,Kruthivennu,Komallapudi
Andhra Pradesh,Krishna,Kruthivennu,Kruthivennu
Andhra Pradesh,Krishna,Kruthivennu,Laxmipuram
Andhra Pradesh,Krishna,Kruthivennu,Matlam
Andhra Pradesh,Krishna,Kruthivennu,Munipeda
Andhra Pradesh,Krishna,Kruthivennu,Neelipudi
Andhra Pradesh,Krishna,Kruthivennu,Nidamarru
Andhra Pradesh,Krishna,Kruthivennu,Tadivennu
Andhra Pradesh,Krishna,Machilipatnam North,Arisepalle
Andhra Pradesh,Krishna,Machilipatnam North,Borrapothupalem
Andhra Pradesh,Krishna,Machilipatnam North,Buddalapalem
Andhra Pradesh,Krishna,Machilipatnam North,Chilakalapudi (R)
Andhra Pradesh,Krishna,Machilipatnam North,Gokavaram
Andhra Pradesh,Krishna,Machilipatnam North,Gopuvanipalem
Andhra Pradesh,Krishna,Machilipatnam North,Hussainpalem
Andhra Pradesh,Krishna,Machilipatnam North,Kanuru
Andhra Pradesh,Krishna,Machilipatnam North,Kara Agraharam
Andhra Pradesh,Krishna,Machilipatnam North,Kothapudi
Andhra Pradesh,Krishna,Machilipatnam North,Machavaram (R)
Andhra Pradesh,Krishna,Machilipatnam North,Manginapudi
Andhra Pradesh,Krishna,Machilipatnam North,Pedapatnam
Andhra Pradesh,Krishna,Machilipatnam North,Pothepalle
Andhra Pradesh,Krishna,Machilipatnam North,Potlapalem
Andhra Pradesh,Krishna,Machilipatnam North,Tallapalem
Andhra Pradesh,Krishna,Machilipatnam North,Tavisipudi
Andhra Pradesh,Krishna,Machilipatnam South,Bhogireddipalle
Andhra Pradesh,Krishna,Machilipatnam South,Chinnapuram
Andhra Pradesh,Krishna,Machilipatnam South,Garaladibba
Andhra Pradesh,Krishna,Machilipatnam South,Gundupalem
Andhra Pradesh,Krishna,Machilipatnam South,Kona
Andhra Pradesh,Krishna,Machilipatnam South,Machilipatnam (R)
Andhra Pradesh,Krishna,Machilipatnam South,Nelakurru
Andhra Pradesh,Krishna,Machilipatnam South,Palletummalapalem
Andhra Pradesh,Krishna,Machilipatnam South,Pedayadara
Andhra Pradesh,Krishna,Machilipatnam South,Polatitippa
Andhra Pradesh,Krishna,Machilipatnam South,Rudravaram
Andhra Pradesh,Krishna,Machilipatnam South,Sultanagaram
Andhra Pradesh,Krishna,Machilipatnam South,Sultannagaram Gollapalem
Andhra Pradesh,Krishna,Mopidevi,Annavaram
Andhra Pradesh,Krishna,Mopidevi,Ayodhya
Andhra Pradesh,Krishna,Mopidevi,Bobbarlanka
Andhra Pradesh,Krishna,Mopidevi,Chiruvolu
Andhra Pradesh,Krishna,Mopidevi,Kaptanupalem
Andhra Pradesh,Krishna,Mopidevi,Kokkiligadda
Andhra Pradesh,Krishna,Mopidevi,Mellamarru
Andhra Pradesh,Krishna,Mopidevi,Mellamarthi Lanka
Andhra Pradesh,Krishna,Mopidevi,Merakanapalle
Andhra Pradesh,Krishna,Mopidevi,Mopidevi
Andhra Pradesh,Krishna,Mopidevi,Mopidevi Lanka
Andhra Pradesh,Krishna,Mopidevi,Nagayatippa
Andhra Pradesh,Krishna,Mopidevi,North Chiruvolulanka
Andhra Pradesh,Krishna,Mopidevi,Pedakallepalle
Andhra Pradesh,Krishna,Mopidevi,Pedaprolu
Andhra Pradesh,Krishna,Mopidevi,Tekupalle
Andhra Pradesh,Krishna,Mopidevi,Venkatapuram
Andhra Pradesh,Krishna,Movva,Avurupudi
Andhra Pradesh,Krishna,Movva,Ayyanki
Andhra Pradesh,Krishna,Movva,Barlapudi
Andhra Pradesh,Krishna,Movva,Bhatla Penumarru
Andhra Pradesh,Krishna,Movva,Chinamuttevi
Andhra Pradesh,Krishna,Movva,Gudapadu
Andhra Pradesh,Krishna,Movva,Kaza
Andhra Pradesh,Krishna,Movva,Kosuru
Andhra Pradesh,Krishna,Movva,Kuchipudi
Andhra Pradesh,Krishna,Movva,Movva
Andhra Pradesh,Krishna,Movva,Nidumolu
Andhra Pradesh,Krishna,Movva,Palankipadu
Andhra Pradesh,Krishna,Movva,Pedamuttevi
Andhra Pradesh,Krishna,Movva,Pedapudi
Andhra Pradesh,Krishna,Movva,Pedasanagallu
Andhra Pradesh,Krishna,Movva,Vemulamada
Andhra Pradesh,Krishna,Movva,Yaddanapudi
Andhra Pradesh,Krishna,Nagayalanka,Bhavadevarapalle
Andhra Pradesh,Krishna,Nagayalanka,Chodavaram
Andhra Pradesh,Krishna,Nagayalanka,Edurumondi
Andhra Pradesh,Krishna,Nagayalanka,Etimoga
Andhra Pradesh,Krishna,Nagayalanka,Ganapeswaram
Andhra Pradesh,Krishna,Nagayalanka,Kammanamolu
Andhra Pradesh,Krishna,Nagayalanka,Nagayalanka
Andhra Pradesh,Krishna,Nagayalanka,Nangegadda
Andhra Pradesh,Krishna,Nagayalanka,Parrachivara
Andhra Pradesh,Krishna,Nagayalanka,Talagadadeevi
Andhra Pradesh,Krishna,Nagayalanka,T.Kothapalem
Andhra Pradesh,Krishna,Nandivada,Anamanapudi
Andhra Pradesh,Krishna,Nandivada,Aripirala
Andhra Pradesh,Krishna,Nandivada,Chedurthipadu
Andhra Pradesh,Krishna,Nandivada,Chinalingala
Andhra Pradesh,Krishna,Nandivada,Dandiganapudi
Andhra Pradesh,Krishna,Nandivada,Gandepudi
Andhra Pradesh,Krishna,Nandivada,Ilaparru
Andhra Pradesh,Krishna,Nandivada,Janardhanapuram
Andhra Pradesh,Krishna,Nandivada,Kudaravalli
Andhra Pradesh,Krishna,Nandivada,Nandivada
Andhra Pradesh,Krishna,Nandivada,Nuthulapadu
Andhra Pradesh,Krishna,Nandivada,Oddulameraka
Andhra Pradesh,Krishna,Nandivada,Pedalingala
Andhra Pradesh,Krishna,Nandivada,Pedavirivada
Andhra Pradesh,Krishna,Nandivada,Polukonda
Andhra Pradesh,Krishna,Nandivada,Puttagunta
Andhra Pradesh,Krishna,Nandivada,Ramapuram
Andhra Pradesh,Krishna,Nandivada,Rudrapaka
Andhra Pradesh,Krishna,Nandivada,Sreenivasapuram
Andhra Pradesh,Krishna,Nandivada,Tamirisa
Andhra Pradesh,Krishna,Nandivada,Thummalapalle
Andhra Pradesh,Krishna,Nandivada,Vennanapudi
Andhra Pradesh,Krishna,Pamarru,Addada
Andhra Pradesh,Krishna,Pamarru,Ainampudi
Andhra Pradesh,Krishna,Pamarru,Balliparru
Andhra Pradesh,Krishna,Pamarru,Jujjavaram
Andhra Pradesh,Krishna,Pamarru,Kanumuru
Andhra Pradesh,Krishna,Pamarru,Kapavaram
Andhra Pradesh,Krishna,Pamarru,Komaravolu
Andhra Pradesh,Krishna,Pamarru,Kondiparru
Andhra Pradesh,Krishna,Pamarru,Kurumaddali
Andhra Pradesh,Krishna,Pamarru,Mallavaram
Andhra Pradesh,Krishna,Pamarru,Mir Imam Palem
Andhra Pradesh,Krishna,Pamarru,Nemmikuru
Andhra Pradesh,Krishna,Pamarru,Nibhanupudi
Andhra Pradesh,Krishna,Pamarru,Nimmaluru
Andhra Pradesh,Krishna,Pamarru,Pamarru
Andhra Pradesh,Krishna,Pamarru,Pasumarru
Andhra Pradesh,Krishna,Pamarru,Pedamaddali
Andhra Pradesh,Krishna,Pamarru,Polavaram
Andhra Pradesh,Krishna,Pamarru,Prakarla
Andhra Pradesh,Krishna,Pamarru,Raparala
Andhra Pradesh,Krishna,Pamarru,Rimmanapudi
Andhra Pradesh,Krishna,Pamarru,Undrapudi
Andhra Pradesh,Krishna,Pamarru,Uruturu
Andhra Pradesh,Krishna,Pamarru,Yelakurru
Andhra Pradesh,Krishna,Pamarru,Zamidaggumilli
Andhra Pradesh,Krishna,Pamarru,Zamigolvepalle
Andhra Pradesh,Krishna,Pamidimukkala,Aginiparru
Andhra Pradesh,Krishna,Pamidimukkala,Alinakipalem
Andhra Pradesh,Krishna,Pamidimukkala,Ameenapuram
Andhra Pradesh,Krishna,Pamidimukkala,Chennuruvaripalem
Andhra Pradesh,Krishna,Pamidimukkala,Choragudi
Andhra Pradesh,Krishna,Pamidimukkala,Fathelanka
Andhra Pradesh,Krishna,Pamidimukkala,Gopuvanipalem
Andhra Pradesh,Krishna,Pamidimukkala,Gurazada
Andhra Pradesh,Krishna,Pamidimukkala,Gurrala Lanka
Andhra Pradesh,Krishna,Pamidimukkala,Hanumanthapuram
Andhra Pradesh,Krishna,Pamidimukkala,Inampudi
Andhra Pradesh,Krishna,Pamidimukkala,Inapuru
Andhra Pradesh,Krishna,Pamidimukkala,Kapileswarapuram
Andhra Pradesh,Krishna,Pamidimukkala,Krishnapuram
Andhra Pradesh,Krishna,Pamidimukkala,Kuderu
Andhra Pradesh,Krishna,Pamidimukkala,Lankapalle
Andhra Pradesh,Krishna,Pamidimukkala,Lankapalle Lanka
Andhra Pradesh,Krishna,Pamidimukkala,Mamillapalle
Andhra Pradesh,Krishna,Pamidimukkala,Mantada
Andhra Pradesh,Krishna,Pamidimukkala,Marrivada
Andhra Pradesh,Krishna,Pamidimukkala,Meduru
Andhra Pradesh,Krishna,Pamidimukkala,Mullapudi
Andhra Pradesh,Krishna,Pamidimukkala,Padikondalapalem
Andhra Pradesh,Krishna,Pamidimukkala,Pamidimukkala
Andhra Pradesh,Krishna,Pamidimukkala,Penumatcha
Andhra Pradesh,Krishna,Pamidimukkala,Sreerangapuram
Andhra Pradesh,Krishna,Pamidimukkala,Tadanki
Andhra Pradesh,Krishna,Pamidimukkala,Veeranki
Andhra Pradesh,Krishna,Pamidimukkala,Velpuru
Andhra Pradesh,Krishna,Pedana,Bahussainpalem
Andhra Pradesh,Krishna,Pedana,Balliparru
Andhra Pradesh,Krishna,Pedana,Chennuru
Andhra Pradesh,Krishna,Pedana,Chevendra
Andhra Pradesh,Krishna,Pedana,Chodavaram
Andhra Pradesh,Krishna,Pedana,Devarapalle
Andhra Pradesh,Krishna,Pedana,Dirisavalli
Andhra Pradesh,Krishna,Pedana,Gurivindagunta
Andhra Pradesh,Krishna,Pedana,Jinjeru
Andhra Pradesh,Krishna,Pedana,Kakarlamudi
Andhra Pradesh,Krishna,Pedana,Kamalapuram
Andhra Pradesh,Krishna,Pedana,Kavipuram
Andhra Pradesh,Krishna,Pedana,Kongamcherla
Andhra Pradesh,Krishna,Pedana,Konkepudi
Andhra Pradesh,Krishna,Pedana,Koppalle
Andhra Pradesh,Krishna,Pedana,Kuduru
Andhra Pradesh,Krishna,Pedana,Kummarigunta
Andhra Pradesh,Krishna,Pedana,Lankalakalavagunta
Andhra Pradesh,Krishna,Pedana,Madaka
Andhra Pradesh,Krishna,Pedana,Mutcherla
Andhra Pradesh,Krishna,Pedana,Mutchiligunta
Andhra Pradesh,Krishna,Pedana,Nadupuru
Andhra Pradesh,Krishna,Pedana,Nandamuru
Andhra Pradesh,Krishna,Pedana,Nandigama
Andhra Pradesh,Krishna,Pedana,Nelakondapalle
Andhra Pradesh,Krishna,Pedana,Pedana
Andhra Pradesh,Krishna,Pedana,Penumalli
Andhra Pradesh,Krishna,Pedana,Pullapadu
Andhra Pradesh,Krishna,Pedana,Serivarthala Palle
Andhra Pradesh,Krishna,Pedana,Singarayapalem
Andhra Pradesh,Krishna,Pedana,Urivi
Andhra Pradesh,Krishna,Pedaparupudi,Appikatla
Andhra Pradesh,Krishna,Pedaparupudi,Bhushanagulla (R)
Andhra Pradesh,Krishna,Pedaparupudi,Chinaparupudi
Andhra Pradesh,Krishna,Pedaparupudi,Edulamaddali
Andhra Pradesh,Krishna,Pedaparupudi,Elamarru
Andhra Pradesh,Krishna,Pedaparupudi,Gurivindagunta
Andhra Pradesh,Krishna,Pedaparupudi,Juvvanapudi
Andhra Pradesh,Krishna,Pedaparupudi,Kornipadu
Andhra Pradesh,Krishna,Pedaparupudi,Maheswarapuram
Andhra Pradesh,Krishna,Pedaparupudi,Moparru
Andhra Pradesh,Krishna,Pedaparupudi,Nagapuram
Andhra Pradesh,Krishna,Pedaparupudi,Pamulapadu
Andhra Pradesh,Krishna,Pedaparupudi,Pedaparupudi
Andhra Pradesh,Krishna,Pedaparupudi,Ravulapadu
Andhra Pradesh,Krishna,Pedaparupudi,Somavarappadu
Andhra Pradesh,Krishna,Pedaparupudi,Vanapamula
Andhra Pradesh,Krishna,Pedaparupudi,Ventrapragada
Andhra Pradesh,Krishna,Pedaparupudi,Vinjarampadu
Andhra Pradesh,Krishna,Pedaparupudi,Zamidintakurru
Andhra Pradesh,Krishna,Penamaluru,Chodavaram
Andhra Pradesh,Krishna,Penamaluru,Ganguru (Og)
Andhra Pradesh,Krishna,Penamaluru,Gosala
Andhra Pradesh,Krishna,Penamaluru,Kanuru (Ct)
Andhra Pradesh,Krishna,Penamaluru,Pedapulipaka
Andhra Pradesh,Krishna,Penamaluru,Penamaluru (Og)
Andhra Pradesh,Krishna,Penamaluru,Poranki (Ct)
Andhra Pradesh,Krishna,Penamaluru,Tadigadapa (Ct)
Andhra Pradesh,Krishna,Penamaluru,Vanukuru
Andhra Pradesh,Krishna,Penamaluru,Yenamalakuduru (Ct)
Andhra Pradesh,Krishna,Thotlavalluru,Boddapadu
Andhra Pradesh,Krishna,Thotlavalluru,Chagantipadu
Andhra Pradesh,Krishna,Thotlavalluru,Chinapulipaka
Andhra Pradesh,Krishna,Thotlavalluru,Devarapalle
Andhra Pradesh,Krishna,Thotlavalluru,Garikaparru
Andhra Pradesh,Krishna,Thotlavalluru,Gurivindapalle
Andhra Pradesh,Krishna,Thotlavalluru,Iluru
Andhra Pradesh,Krishna,Thotlavalluru,Kanakavalli
Andhra Pradesh,Krishna,Thotlavalluru,Kummamuru
Andhra Pradesh,Krishna,Thotlavalluru,Madhurapuram
Andhra Pradesh,Krishna,Thotlavalluru,Mulakalapalle
Andhra Pradesh,Krishna,Thotlavalluru,North Valluru
Andhra Pradesh,Krishna,Thotlavalluru,Penamakuru
Andhra Pradesh,Krishna,Thotlavalluru,Royyuru
Andhra Pradesh,Krishna,Thotlavalluru,South Valluru
Andhra Pradesh,Krishna,Thotlavalluru,Yakamuru
Andhra Pradesh,Krishna,Unguturu,Amudalapalle
Andhra Pradesh,Krishna,Unguturu,Atkuru
Andhra Pradesh,Krishna,Unguturu,Bokinala
Andhra Pradesh,Krishna,Unguturu,Chagantipadu
Andhra Pradesh,Krishna,Unguturu,Chikinala
Andhra Pradesh,Krishna,Unguturu,Dibbanapudi
Andhra Pradesh,Krishna,Unguturu,Elukapadu
Andhra Pradesh,Krishna,Unguturu,Garapadu
Andhra Pradesh,Krishna,Unguturu,Indupalle
Andhra Pradesh,Krishna,Unguturu,Koyyagurapadu
Andhra Pradesh,Krishna,Unguturu,Lankapalle Agraharam
Andhra Pradesh,Krishna,Unguturu,Madhirapadu
Andhra Pradesh,Krishna,Unguturu,Manikonda
Andhra Pradesh,Krishna,Unguturu,Mukkapadu
Andhra Pradesh,Krishna,Unguturu,Nagavarappadu
Andhra Pradesh,Krishna,Unguturu,Nandamuru
Andhra Pradesh,Krishna,Unguturu,Ondrampadu
Andhra Pradesh,Krishna,Unguturu,Peda Avutapalle
Andhra Pradesh,Krishna,Unguturu,Ponukumadu
Andhra Pradesh,Krishna,Unguturu,Pottipadu
Andhra Pradesh,Krishna,Unguturu,Tarigoppula
Andhra Pradesh,Krishna,Unguturu,Tarigoppula Khandrika
Andhra Pradesh,Krishna,Unguturu,Telaprolu
Andhra Pradesh,Krishna,Unguturu,Tuttagunta
Andhra Pradesh,Krishna,Unguturu,Unguturu
Andhra Pradesh,Krishna,Unguturu,Veldipadu
Andhra Pradesh,Krishna,Unguturu,Veldipadu Khandrika
Andhra Pradesh,Krishna,Unguturu,Velinutala
Andhra Pradesh,Krishna,Unguturu,Vemanda
Andhra Pradesh,Krishna,Unguturu,Vempadu
Andhra Pradesh,Krishna,Vuyyuru,Akunuru
Andhra Pradesh,Krishna,Vuyyuru,Bollapadu
Andhra Pradesh,Krishna,Vuyyuru,China Ogirala
Andhra Pradesh,Krishna,Vuyyuru,Jabarlapudi
Andhra Pradesh,Krishna,Vuyyuru,Kadavakollu
Andhra Pradesh,Krishna,Vuyyuru,Kalavapamula
Andhra Pradesh,Krishna,Vuyyuru,Katuru
Andhra Pradesh,Krishna,Vuyyuru,Mudunuru
Andhra Pradesh,Krishna,Vuyyuru,Peda Ogirala
Andhra Pradesh,Krishna,Vuyyuru,Ramachandrapuram
Andhra Pradesh,Krishna,Vuyyuru,Saipuram
Andhra Pradesh,Krishna,Vuyyuru,Veeravalli Mokhasa
Andhra Pradesh,Krishna,Vuyyuru,Vuyyuru
Andhra Pradesh,Kurnool,Adoni,Adoni
Andhra Pradesh,Kurnool,Adoni,Arekal
Andhra Pradesh,Kurnool,Adoni,Baladur
Andhra Pradesh,Kurnool,Adoni,Basapuram (Og)
Andhra Pradesh,Kurnool,Adoni,Basarakodu
Andhra Pradesh,Kurnool,Adoni,Billekallu
Andhra Pradesh,Kurnool,Adoni,Bychigeri
Andhra Pradesh,Kurnool,Adoni,Chagi
Andhra Pradesh,Kurnool,Adoni,Chinna Gonehal
Andhra Pradesh,Kurnool,Adoni,Chinna Harivanam
Andhra Pradesh,Kurnool,Adoni,Chinnapendekal
Andhra Pradesh,Kurnool,Adoni,Dayyalaguddam
Andhra Pradesh,Kurnool,Adoni,Dhanapuram (Og)
Andhra Pradesh,Kurnool,Adoni,Dibbanakal
Andhra Pradesh,Kurnool,Adoni,Doddanakeri
Andhra Pradesh,Kurnool,Adoni,Ganekal
Andhra Pradesh,Kurnool,Adoni,G.Hosalli
Andhra Pradesh,Kurnool,Adoni,Gonabavi (Og)
Andhra Pradesh,Kurnool,Adoni,Hanavalu
Andhra Pradesh,Kurnool,Adoni,Huvvanur
Andhra Pradesh,Kurnool,Adoni,Isvi (Og)
Andhra Pradesh,Kurnool,Adoni,Jalibenchi
Andhra Pradesh,Kurnool,Adoni,Kadithota
Andhra Pradesh,Kurnool,Adoni,Kallubavi
Andhra Pradesh,Kurnool,Adoni,Kapati
Andhra Pradesh,Kurnool,Adoni,Kuppagal
Andhra Pradesh,Kurnool,Adoni,Madire
Andhra Pradesh,Kurnool,Adoni,Mandagiri (Rural)
Andhra Pradesh,Kurnool,Adoni,Mantriki
Andhra Pradesh,Kurnool,Adoni,Naganathana Halli
Andhra Pradesh,Kurnool,Adoni,Naranapuram
Andhra Pradesh,Kurnool,Adoni,Nettekal
Andhra Pradesh,Kurnool,Adoni,Pandavagallu
Andhra Pradesh,Kurnool,Adoni,Parvathapuram
Andhra Pradesh,Kurnool,Adoni,Pedda Harivanam
Andhra Pradesh,Kurnool,Adoni,Pedda Thumbalam
Andhra Pradesh,Kurnool,Adoni,Pesalabanda
Andhra Pradesh,Kurnool,Adoni,Salakalakonda
Andhra Pradesh,Kurnool,Adoni,Sambagallu
Andhra Pradesh,Kurnool,Adoni,Santhekudlur
Andhra Pradesh,Kurnool,Adoni,S.Kondapuram
Andhra Pradesh,Kurnool,Adoni,Sulthanapuram
Andhra Pradesh,Kurnool,Adoni,Vengalapuram
Andhra Pradesh,Kurnool,Adoni,Virupapuram
Andhra Pradesh,Kurnool,Adoni,V.Kondapuram (Og)
Andhra Pradesh,Kurnool,Adoni,Yadavalle
Andhra Pradesh,Kurnool,Alur,A.Gonehal
Andhra Pradesh,Kurnool,Alur,Alur
Andhra Pradesh,Kurnool,Alur,Angaskal
Andhra Pradesh,Kurnool,Alur,Arikera
Andhra Pradesh,Kurnool,Alur,Hathi Belgal
Andhra Pradesh,Kurnool,Alur,Hulebeedu
Andhra Pradesh,Kurnool,Alur,Kammarachedu
Andhra Pradesh,Kurnool,Alur,Karadiguddam
Andhra Pradesh,Kurnool,Alur,Katriki
Andhra Pradesh,Kurnool,Alur,Kurukunda
Andhra Pradesh,Kurnool,Alur,Kuruvalli
Andhra Pradesh,Kurnool,Alur,Manikurthi
Andhra Pradesh,Kurnool,Alur,Marakattu
Andhra Pradesh,Kurnool,Alur,Molagavalli
Andhra Pradesh,Kurnool,Alur,Muddanagiri
Andhra Pradesh,Kurnool,Alur,Musanahalli
Andhra Pradesh,Kurnool,Alur,Peddahottur
Andhra Pradesh,Kurnool,Alur,Thumbalabeedu
Andhra Pradesh,Kurnool,Aspari,Aspari
Andhra Pradesh,Kurnool,Aspari,Banavanur
Andhra Pradesh,Kurnool,Aspari,Benigeri
Andhra Pradesh,Kurnool,Aspari,Billekallu
Andhra Pradesh,Kurnool,Aspari,Chigeli
Andhra Pradesh,Kurnool,Aspari,Chinnahothur
Andhra Pradesh,Kurnool,Aspari,Chiramandoddi
Andhra Pradesh,Kurnool,Aspari,Chokkanahalli
Andhra Pradesh,Kurnool,Aspari,D Kotakonda
Andhra Pradesh,Kurnool,Aspari,Haligera
Andhra Pradesh,Kurnool,Aspari,Joharapuram
Andhra Pradesh,Kurnool,Aspari,Karumanchi
Andhra Pradesh,Kurnool,Aspari,Khyruppala
Andhra Pradesh,Kurnool,Aspari,Mulugundam
Andhra Pradesh,Kurnool,Aspari,Muthkur
Andhra Pradesh,Kurnool,Aspari,Nagarur
Andhra Pradesh,Kurnool,Aspari,Sankarabanda
Andhra Pradesh,Kurnool,Aspari,Tangaradona
Andhra Pradesh,Kurnool,Aspari,Thurvagal
Andhra Pradesh,Kurnool,Aspari,Yatakallu
Andhra Pradesh,Kurnool,C.Belagal,Brahmanadoddi
Andhra Pradesh,Kurnool,C.Belagal,Burandoddi
Andhra Pradesh,Kurnool,C.Belagal,C.Belagal
Andhra Pradesh,Kurnool,C.Belagal,Gundrevula
Andhra Pradesh,Kurnool,C.Belagal,Kambadahal
Andhra Pradesh,Kurnool,C.Belagal,Kondapuram
Andhra Pradesh,Kurnool,C.Belagal,Kothakota
Andhra Pradesh,Kurnool,C.Belagal,Malasomapuram
Andhra Pradesh,Kurnool,C.Belagal,Palukudoddi
Andhra Pradesh,Kurnool,C.Belagal,Polakal
Andhra Pradesh,Kurnool,Chippagiri,Bantanahal
Andhra Pradesh,Kurnool,Chippagiri,Beldona
Andhra Pradesh,Kurnool,Chippagiri,Chippagiri
Andhra Pradesh,Kurnool,Chippagiri,Degalahal
Andhra Pradesh,Kurnool,Chippagiri,Doulathapuram
Andhra Pradesh,Kurnool,Chippagiri,Gummanur
Andhra Pradesh,Kurnool,Chippagiri,Khajipuram
Andhra Pradesh,Kurnool,Chippagiri,Kundanagurthi
Andhra Pradesh,Kurnool,Chippagiri,Nagaradona
Andhra Pradesh,Kurnool,Chippagiri,Nancharla
Andhra Pradesh,Kurnool,Chippagiri,Nemakal
Andhra Pradesh,Kurnool,Chippagiri,Ramadurgam
Andhra Pradesh,Kurnool,Chippagiri,Thimmapuram
Andhra Pradesh,Kurnool,Chippagiri,Yerur
Andhra Pradesh,Kurnool,Devanakonda,Chellelichelimala
Andhra Pradesh,Kurnool,Devanakonda,Devanakonda
Andhra Pradesh,Kurnool,Devanakonda,Gundlakonda
Andhra Pradesh,Kurnool,Devanakonda,Jilledubudakala
Andhra Pradesh,Kurnool,Devanakonda,Kappatralla
Andhra Pradesh,Kurnool,Devanakonda,Karivemula
Andhra Pradesh,Kurnool,Devanakonda,Kunkanur
Andhra Pradesh,Kurnool,Devanakonda,Machapuram
Andhra Pradesh,Kurnool,Devanakonda,Nallachelimal
Andhra Pradesh,Kurnool,Devanakonda,Palakurthy
Andhra Pradesh,Kurnool,Devanakonda,P.Kotakonda
Andhra Pradesh,Kurnool,Devanakonda,Potlapadu
Andhra Pradesh,Kurnool,Devanakonda,S.Thimmapuram
Andhra Pradesh,Kurnool,Devanakonda,Ternekal
Andhra Pradesh,Kurnool,Devanakonda,Velamakuru
Andhra Pradesh,Kurnool,Gonegandla,Alwala
Andhra Pradesh,Kurnool,Gonegandla,B Agraharam
Andhra Pradesh,Kurnool,Gonegandla,Byluppala
Andhra Pradesh,Kurnool,Gonegandla,Errabadu
Andhra Pradesh,Kurnool,Gonegandla,Ganjihalli
Andhra Pradesh,Kurnool,Gonegandla,Gonegandla
Andhra Pradesh,Kurnool,Gonegandla,Handri Khairawadi
Andhra Pradesh,Kurnool,Gonegandla,Iranbanda
Andhra Pradesh,Kurnool,Gonegandla,Kulumala
Andhra Pradesh,Kurnool,Gonegandla,Kurnur
Andhra Pradesh,Kurnool,Gonegandla,Lingamdinne
Andhra Pradesh,Kurnool,Gonegandla,Neruduppala
Andhra Pradesh,Kurnool,Gonegandla,Pedda Marriveedu
Andhra Pradesh,Kurnool,Gonegandla,Pedda Nelatur
Andhra Pradesh,Kurnool,Gonegandla,Thippanur
Andhra Pradesh,Kurnool,Gonegandla,Vemugodu
Andhra Pradesh,Kurnool,Gudur,Budidapadu
Andhra Pradesh,Kurnool,Gudur,Chanugondla
Andhra Pradesh,Kurnool,Gudur,Gudipadu
Andhra Pradesh,Kurnool,Gudur,Gudur
Andhra Pradesh,Kurnool,Gudur,Julakallu
Andhra Pradesh,Kurnool,Gudur,Kuruvanagalapuram
Andhra Pradesh,Kurnool,Gudur,Mallapuram
Andhra Pradesh,Kurnool,Gudur,Munagala
Andhra Pradesh,Kurnool,Gudur,Penchikalapadu
Andhra Pradesh,Kurnool,Gudur,Ponnakallu
Andhra Pradesh,Kurnool,Gudur,Regadi Khanapuram
Andhra Pradesh,Kurnool,Halaharvi,Amruthapuram
Andhra Pradesh,Kurnool,Halaharvi,Ballur
Andhra Pradesh,Kurnool,Halaharvi,Bapuram
Andhra Pradesh,Kurnool,Halaharvi,Bevinhal
Andhra Pradesh,Kurnool,Halaharvi,Bilehal
Andhra Pradesh,Kurnool,Halaharvi,Bolugota
Andhra Pradesh,Kurnool,Halaharvi,Chinthakunta
Andhra Pradesh,Kurnool,Halaharvi,Gulyam
Andhra Pradesh,Kurnool,Halaharvi,Halaharvi
Andhra Pradesh,Kurnool,Halaharvi,Hardagiri
Andhra Pradesh,Kurnool,Halaharvi,J.Hosahalli
Andhra Pradesh,Kurnool,Halaharvi,Kaminahal
Andhra Pradesh,Kurnool,Halaharvi,Kokkarachedu
Andhra Pradesh,Kurnool,Halaharvi,Kurulehalli
Andhra Pradesh,Kurnool,Halaharvi,Machanur
Andhra Pradesh,Kurnool,Halaharvi,Mallikarjuna Halli
Andhra Pradesh,Kurnool,Halaharvi,Medehal
Andhra Pradesh,Kurnool,Halaharvi,Nitravatti
Andhra Pradesh,Kurnool,Halaharvi,Pacharlapalli
Andhra Pradesh,Kurnool,Halaharvi,Siddapuram
Andhra Pradesh,Kurnool,Halaharvi,Sirugapuram
Andhra Pradesh,Kurnool,Halaharvi,Sreedarahal
Andhra Pradesh,Kurnool,Halaharvi,T Sakibanda
Andhra Pradesh,Kurnool,Halaharvi,Virupapuram
Andhra Pradesh,Kurnool,Holagunda,Chinnahyta
Andhra Pradesh,Kurnool,Holagunda,Gajjehalli
Andhra Pradesh,Kurnool,Holagunda,Hebbatam
Andhra Pradesh,Kurnool,Holagunda,Holagunda
Andhra Pradesh,Kurnool,Holagunda,Honnur
Andhra Pradesh,Kurnool,Holagunda,Ingaladahal
Andhra Pradesh,Kurnool,Holagunda,Kogilathota
Andhra Pradesh,Kurnool,Holagunda,Lingadahalli
Andhra Pradesh,Kurnool,Holagunda,Maddi Lingadahalli
Andhra Pradesh,Kurnool,Holagunda,Marlamadiki
Andhra Pradesh,Kurnool,Holagunda,Muddatamagi
Andhra Pradesh,Kurnool,Holagunda,Mugumangondi
Andhra Pradesh,Kurnool,Holagunda,Nagarakanvi
Andhra Pradesh,Kurnool,Holagunda,Neraniki
Andhra Pradesh,Kurnool,Holagunda,Pedda Gonehal
Andhra Pradesh,Kurnool,Holagunda,Peddahyta
Andhra Pradesh,Kurnool,Holagunda,Sammathagiri
Andhra Pradesh,Kurnool,Holagunda,Suluvoy
Andhra Pradesh,Kurnool,Holagunda,Vandavagali
Andhra Pradesh,Kurnool,Holagunda,Yellarthy
Andhra Pradesh,Kurnool,Kallur,A.Gokulapadu
Andhra Pradesh,Kurnool,Kallur,Bastipadu
Andhra Pradesh,Kurnool,Kallur,Bollavaram
Andhra Pradesh,Kurnool,Kallur,Chetla Mallapuram
Andhra Pradesh,Kurnool,Kallur,Chinna Tekur
Andhra Pradesh,Kurnool,Kallur,Dupadu
Andhra Pradesh,Kurnool,Kallur,Kallur
Andhra Pradesh,Kurnool,Kallur,K.Markapuram
Andhra Pradesh,Kurnool,Kallur,Konganapadu
Andhra Pradesh,Kurnool,Kallur,Laxmipuram
Andhra Pradesh,Kurnool,Kallur,Nayakallu
Andhra Pradesh,Kurnool,Kallur,Pandipadu (Og)
Andhra Pradesh,Kurnool,Kallur,Parla
Andhra Pradesh,Kurnool,Kallur,Peddapadu (Og)
Andhra Pradesh,Kurnool,Kallur,Pedda Tekur
Andhra Pradesh,Kurnool,Kallur,Pusulur
Andhra Pradesh,Kurnool,Kallur,Remadur
Andhra Pradesh,Kurnool,Kallur,Salkapuram
Andhra Pradesh,Kurnool,Kallur,Thadakanapalle
Andhra Pradesh,Kurnool,Kallur,Ulindakonda
Andhra Pradesh,Kurnool,Kallur,Yaparlapadu
Andhra Pradesh,Kurnool,Kodumur,Amadaguntla
Andhra Pradesh,Kurnool,Kodumur,Anugonda
Andhra Pradesh,Kurnool,Kodumur,Gorantla
Andhra Pradesh,Kurnool,Kodumur,Kodumur
Andhra Pradesh,Kurnool,Kodumur,Laddagiri
Andhra Pradesh,Kurnool,Kodumur,Mudumalagurthy
Andhra Pradesh,Kurnool,Kodumur,Pulakurthy
Andhra Pradesh,Kurnool,Kodumur,Pyalakurthy
Andhra Pradesh,Kurnool,Kodumur,Varkur
Andhra Pradesh,Kurnool,Kodumur,Yerradoddi
Andhra Pradesh,Kurnool,Kosigi,Agasanur
Andhra Pradesh,Kurnool,Kosigi,Arlabanda
Andhra Pradesh,Kurnool,Kosigi,Batra Bommalapuram
Andhra Pradesh,Kurnool,Kosigi,Bompalle
Andhra Pradesh,Kurnool,Kosigi,Chintakunta
Andhra Pradesh,Kurnool,Kosigi,Chirthanakal
Andhra Pradesh,Kurnool,Kosigi,D Belagal
Andhra Pradesh,Kurnool,Kosigi,Devarabetta
Andhra Pradesh,Kurnool,Kosigi,Duddi
Andhra Pradesh,Kurnool,Kosigi,Gowdegallu
Andhra Pradesh,Kurnool,Kosigi,Irangal
Andhra Pradesh,Kurnool,Kosigi,Jampapuram
Andhra Pradesh,Kurnool,Kosigi,Jumaladinne
Andhra Pradesh,Kurnool,Kosigi,Kadidoddi
Andhra Pradesh,Kurnool,Kosigi,Kalavalagundu
Andhra Pradesh,Kurnool,Kosigi,Kamandoddi
Andhra Pradesh,Kurnool,Kosigi,Kandukur
Andhra Pradesh,Kurnool,Kosigi,Kosigi
Andhra Pradesh,Kurnool,Kosigi,Moogaladoddi
Andhra Pradesh,Kurnool,Kosigi,Nelakosigi
Andhra Pradesh,Kurnool,Kosigi,Pallipadu
Andhra Pradesh,Kurnool,Kosigi,Pendekal
Andhra Pradesh,Kurnool,Kosigi,Puttakunta
Andhra Pradesh,Kurnool,Kosigi,Sajjalaguddam
Andhra Pradesh,Kurnool,Kosigi,Sathanur
Andhra Pradesh,Kurnool,Kosigi,Thumbiganur
Andhra Pradesh,Kurnool,Kosigi,Vandagallu
Andhra Pradesh,Kurnool,Kosigi,Yandapalle
Andhra Pradesh,Kurnool,Kowthalam,Agasaladinne
Andhra Pradesh,Kurnool,Kowthalam,Badinehal
Andhra Pradesh,Kurnool,Kowthalam,Bantakunta
Andhra Pradesh,Kurnool,Kowthalam,Bapuram
Andhra Pradesh,Kurnool,Kowthalam,Chirtapalle
Andhra Pradesh,Kurnool,Kowthalam,Chudi
Andhra Pradesh,Kurnool,Kowthalam,Dommaladinne
Andhra Pradesh,Kurnool,Kowthalam,Echalahal
Andhra Pradesh,Kurnool,Kowthalam,Gothuladoddi
Andhra Pradesh,Kurnool,Kowthalam,Gudikambali
Andhra Pradesh,Kurnool,Kowthalam,Gurraladoddi
Andhra Pradesh,Kurnool,Kowthalam,Halvi
Andhra Pradesh,Kurnool,Kowthalam,Kamavaram
Andhra Pradesh,Kurnool,Kowthalam,Karani
Andhra Pradesh,Kurnool,Kowthalam,Katedoddi
Andhra Pradesh,Kurnool,Kowthalam,Katriki
Andhra Pradesh,Kurnool,Kowthalam,Kowthalam
Andhra Pradesh,Kurnool,Kowthalam,Kumbalanur
Andhra Pradesh,Kurnool,Kowthalam,Kuntanahal
Andhra Pradesh,Kurnool,Kowthalam,Lingaladinne
Andhra Pradesh,Kurnool,Kowthalam,Madire
Andhra Pradesh,Kurnool,Kowthalam,Mallanahatti
Andhra Pradesh,Kurnool,Kowthalam,Marali
Andhra Pradesh,Kurnool,Kowthalam,Myaliganur
Andhra Pradesh,Kurnool,Kowthalam,Nadichagi
Andhra Pradesh,Kurnool,Kowthalam,Podalakunta
Andhra Pradesh,Kurnool,Kowthalam,Rowdur
Andhra Pradesh,Kurnool,Kowthalam,Sulakeri
Andhra Pradesh,Kurnool,Kowthalam,Thippaladoddi
Andhra Pradesh,Kurnool,Kowthalam,Thovi
Andhra Pradesh,Kurnool,Kowthalam,Upparahal
Andhra Pradesh,Kurnool,Kowthalam,Urukunda
Andhra Pradesh,Kurnool,Kowthalam,Vallur
Andhra Pradesh,Kurnool,Kowthalam,Veerladinne
Andhra Pradesh,Kurnool,Kowthalam,Yerigiri
Andhra Pradesh,Kurnool,Krishnagiri,Agaveli
Andhra Pradesh,Kurnool,Krishnagiri,Alamkonda
Andhra Pradesh,Kurnool,Krishnagiri,Amakathadu
Andhra Pradesh,Kurnool,Krishnagiri,Chityala
Andhra Pradesh,Kurnool,Krishnagiri,Chunchu Yerragudi
Andhra Pradesh,Kurnool,Krishnagiri,Kambalapadu
Andhra Pradesh,Kurnool,Krishnagiri,Katarikonda
Andhra Pradesh,Kurnool,Krishnagiri,Krishnagiri
Andhra Pradesh,Kurnool,Krishnagiri,Lakkasagaram
Andhra Pradesh,Kurnool,Krishnagiri,Mannegunta
Andhra Pradesh,Kurnool,Krishnagiri,Pothugal
Andhra Pradesh,Kurnool,Krishnagiri,Shotrium Yerragudi
Andhra Pradesh,Kurnool,Krishnagiri,Tallagokulapadu
Andhra Pradesh,Kurnool,Krishnagiri,Thogarchedu
Andhra Pradesh,Kurnool,Krishnagiri,Yerukalacheruvu
Andhra Pradesh,Kurnool,Kurnool Rural,Basavapuram
Andhra Pradesh,Kurnool,Kurnool Rural,B. Thandrapadu (Og)
Andhra Pradesh,Kurnool,Kurnool Rural,Devamada
Andhra Pradesh,Kurnool,Kurnool Rural,Diguvapadu
Andhra Pradesh,Kurnool,Kurnool Rural,Dinnadevarapadu (Og)
Andhra Pradesh,Kurnool,Kurnool Rural,Edurur
Andhra Pradesh,Kurnool,Kurnool Rural,E.Thandrapadu
Andhra Pradesh,Kurnool,Kurnool Rural,Gargeyapuram
Andhra Pradesh,Kurnool,Kurnool Rural,Gondiparla
Andhra Pradesh,Kurnool,Kurnool Rural,G.Singavaram
Andhra Pradesh,Kurnool,Kurnool Rural,Munagalapadu
Andhra Pradesh,Kurnool,Kurnool Rural,Nidzur
Andhra Pradesh,Kurnool,Kurnool Rural,Noothanapalle
Andhra Pradesh,Kurnool,Kurnool Rural,Panchalingala
Andhra Pradesh,Kurnool,Kurnool Rural,Pasupula (Og)
Andhra Pradesh,Kurnool,Kurnool Rural,Pudur
Andhra Pradesh,Kurnool,Kurnool Rural,Remata
Andhra Pradesh,Kurnool,Kurnool Rural,R Konthalapadu
Andhra Pradesh,Kurnool,Kurnool Rural,Rudravaram
Andhra Pradesh,Kurnool,Kurnool Rural,Sunkesula
Andhra Pradesh,Kurnool,Kurnool Rural,Ulchala
Andhra Pradesh,Kurnool,Kurnool Urban,Joharapuram
Andhra Pradesh,Kurnool,Kurnool Urban,Kurnool
Andhra Pradesh,Kurnool,Kurnool Urban,Mamidalapadu (Ct)
Andhra Pradesh,Kurnool,Kurnool Urban,Roja
Andhra Pradesh,Kurnool,Maddikera (East),Burujula
Andhra Pradesh,Kurnool,Maddikera (East),Hampa
Andhra Pradesh,Kurnool,Maddikera (East),Maddikera Agraharam
Andhra Pradesh,Kurnool,Maddikera (East),Maddikera (East)
Andhra Pradesh,Kurnool,Maddikera (East),Maddikera (North)
Andhra Pradesh,Kurnool,Maddikera (East),Maddikera (West)
Andhra Pradesh,Kurnool,Maddikera (East),Peravali
Andhra Pradesh,Kurnool,Maddikera (East),Yedavali
Andhra Pradesh,Kurnool,Mantralayam,Basapuram
Andhra Pradesh,Kurnool,Mantralayam,Budur
Andhra Pradesh,Kurnool,Mantralayam,Chetnihalli
Andhra Pradesh,Kurnool,Mantralayam,Chilakaladona
Andhra Pradesh,Kurnool,Mantralayam,Dibbanadoddi
Andhra Pradesh,Kurnool,Mantralayam,Kachapuram
Andhra Pradesh,Kurnool,Mantralayam,Kaggallu
Andhra Pradesh,Kurnool,Mantralayam,Kalludevakunta
Andhra Pradesh,Kurnool,Mantralayam,Madhavaram
Andhra Pradesh,Kurnool,Mantralayam,Malapalle
Andhra Pradesh,Kurnool,Mantralayam,Manchala
Andhra Pradesh,Kurnool,Mantralayam,Narayanapuram
Andhra Pradesh,Kurnool,Mantralayam,Paramandoddi
Andhra Pradesh,Kurnool,Mantralayam,Rachumarri
Andhra Pradesh,Kurnool,Mantralayam,Rampuram
Andhra Pradesh,Kurnool,Mantralayam,Singarajanahalli
Andhra Pradesh,Kurnool,Mantralayam,Sowla Halli
Andhra Pradesh,Kurnool,Mantralayam,Sugur
Andhra Pradesh,Kurnool,Mantralayam,Sunkeswari
Andhra Pradesh,Kurnool,Mantralayam,Vagaruru
Andhra Pradesh,Kurnool,Nandavaram,Chinnakothiliki
Andhra Pradesh,Kurnool,Nandavaram,Dharmapuram
Andhra Pradesh,Kurnool,Nandavaram,Gangavaram
Andhra Pradesh,Kurnool,Nandavaram,Gurujala
Andhra Pradesh,Kurnool,Nandavaram,Halaharvi
Andhra Pradesh,Kurnool,Nandavaram,Ibharampuram
Andhra Pradesh,Kurnool,Nandavaram,Joharapuram
Andhra Pradesh,Kurnool,Nandavaram,Kanakaveedu
Andhra Pradesh,Kurnool,Nandavaram,Machapuram
Andhra Pradesh,Kurnool,Nandavaram,Mittasompuram
Andhra Pradesh,Kurnool,Nandavaram,Muguthi
Andhra Pradesh,Kurnool,Nandavaram,Nadikhairavadi
Andhra Pradesh,Kurnool,Nandavaram,Nagaladinne
Andhra Pradesh,Kurnool,Nandavaram,Nandavaram
Andhra Pradesh,Kurnool,Nandavaram,Peddakothiliki
Andhra Pradesh,Kurnool,Nandavaram,Ponakaladinne
Andhra Pradesh,Kurnool,Nandavaram,Poolachinta
Andhra Pradesh,Kurnool,Nandavaram,Rayachoty
Andhra Pradesh,Kurnool,Nandavaram,T Somalaguduru
Andhra Pradesh,Kurnool,Orvakal,Bodduvanipalle
Andhra Pradesh,Kurnool,Orvakal,Brahmanapalle
Andhra Pradesh,Kurnool,Orvakal,Guttapadu
Andhra Pradesh,Kurnool,Orvakal,Husainapuram
Andhra Pradesh,Kurnool,Orvakal,Kalva
Andhra Pradesh,Kurnool,Orvakal,Kannamadakala
Andhra Pradesh,Kurnool,Orvakal,Kethavaram
Andhra Pradesh,Kurnool,Orvakal,Komarolu
Andhra Pradesh,Kurnool,Orvakal,Loddipalle
Andhra Pradesh,Kurnool,Orvakal,Meedivemula
Andhra Pradesh,Kurnool,Orvakal,Nannur
Andhra Pradesh,Kurnool,Orvakal,N.Konthalapadu
Andhra Pradesh,Kurnool,Orvakal,Orvakal
Andhra Pradesh,Kurnool,Orvakal,Palakolanu
Andhra Pradesh,Kurnool,Orvakal,Puricherla
Andhra Pradesh,Kurnool,Orvakal,Sakunala
Andhra Pradesh,Kurnool,Orvakal,Somyajulapalle
Andhra Pradesh,Kurnool,Orvakal,Thippayapalle
Andhra Pradesh,Kurnool,Orvakal,Uppalapadu
Andhra Pradesh,Kurnool,Orvakal,Uyyalawada
Andhra Pradesh,Kurnool,Pattikonda,Chakkaralla
Andhra Pradesh,Kurnool,Pattikonda,Chinna Hulthi
Andhra Pradesh,Kurnool,Pattikonda,Devanabanda
Andhra Pradesh,Kurnool,Pattikonda,Dudekonda
Andhra Pradesh,Kurnool,Pattikonda,Hosur
Andhra Pradesh,Kurnool,Pattikonda,Jutur
Andhra Pradesh,Kurnool,Pattikonda,Nalakadoddi
Andhra Pradesh,Kurnool,Pattikonda,Pandikona
Andhra Pradesh,Kurnool,Pattikonda,Pattikonda
Andhra Pradesh,Kurnool,Pattikonda,Pedda Hulthi
Andhra Pradesh,Kurnool,Pattikonda,Putchakayalamada
Andhra Pradesh,Kurnool,Pedda Kadubur,Bapaladoddi
Andhra Pradesh,Kurnool,Pedda Kadubur,Basaladoddi
Andhra Pradesh,Kurnool,Pedda Kadubur,Chinna Kadubur
Andhra Pradesh,Kurnool,Pedda Kadubur,Chinnatumbalam
Andhra Pradesh,Kurnool,Pedda Kadubur,Gavigatlu
Andhra Pradesh,Kurnool,Pedda Kadubur,H Murvari
Andhra Pradesh,Kurnool,Pedda Kadubur,Hulikanvi
Andhra Pradesh,Kurnool,Pedda Kadubur,Jalvadi
Andhra Pradesh,Kurnool,Pedda Kadubur,Kallukunta
Andhra Pradesh,Kurnool,Pedda Kadubur,Kambadahal
Andhra Pradesh,Kurnool,Pedda Kadubur,Kambaladinne
Andhra Pradesh,Kurnool,Pedda Kadubur,Muchigeri
Andhra Pradesh,Kurnool,Pedda Kadubur,Myakadona
Andhra Pradesh,Kurnool,Pedda Kadubur,Nowlekal
Andhra Pradesh,Kurnool,Pedda Kadubur,Pedda Kadubur
Andhra Pradesh,Kurnool,Pedda Kadubur,Peekalabetta
Andhra Pradesh,Kurnool,Pedda Kadubur,Rangapuram
Andhra Pradesh,Kurnool,Pedda Kadubur,Tarapuram
Andhra Pradesh,Kurnool,Tuggali,Bondimadugula
Andhra Pradesh,Kurnool,Tuggali,Chennampalle
Andhra Pradesh,Kurnool,Tuggali,Edduladoddi
Andhra Pradesh,Kurnool,Tuggali,Gooty Erragudi
Andhra Pradesh,Kurnool,Tuggali,Jonnagiri
Andhra Pradesh,Kurnool,Tuggali,Kandamakuntla
Andhra Pradesh,Kurnool,Tuggali,Linganenidoddi
Andhra Pradesh,Kurnool,Tuggali,Mukkella
Andhra Pradesh,Kurnool,Tuggali,Pagidiroy
Andhra Pradesh,Kurnool,Tuggali,Pendikallu
Andhra Pradesh,Kurnool,Tuggali,Ratana
Andhra Pradesh,Kurnool,Tuggali,Tuggali
Andhra Pradesh,Kurnool,Veldurthy,Bhogolu
Andhra Pradesh,Kurnool,Veldurthy,Bukkapuram
Andhra Pradesh,Kurnool,Veldurthy,Cherukulapadu
Andhra Pradesh,Kurnool,Veldurthy,Govardhanagiri
Andhra Pradesh,Kurnool,Veldurthy,Kalugotla
Andhra Pradesh,Kurnool,Veldurthy,Laxminagaram
Andhra Pradesh,Kurnool,Veldurthy,Mallepalle
Andhra Pradesh,Kurnool,Veldurthy,Narasapuram
Andhra Pradesh,Kurnool,Veldurthy,Narlapuram
Andhra Pradesh,Kurnool,Veldurthy,Pullagummi
Andhra Pradesh,Kurnool,Veldurthy,Ramallakota
Andhra Pradesh,Kurnool,Veldurthy,Sarparajapuram
Andhra Pradesh,Kurnool,Veldurthy,Sho.Boyanapalle
Andhra Pradesh,Kurnool,Veldurthy,Sho.Peremula
Andhra Pradesh,Kurnool,Veldurthy,Sudepalle
Andhra Pradesh,Kurnool,Veldurthy,Veldurthi
Andhra Pradesh,Kurnool,Yemmiganur,Banavasi
Andhra Pradesh,Kurnool,Yemmiganur,Devibetta
Andhra Pradesh,Kurnool,Yemmiganur,Divamdinne
Andhra Pradesh,Kurnool,Yemmiganur,Enigabala
Andhra Pradesh,Kurnool,Yemmiganur,Garladinne
Andhra Pradesh,Kurnool,Yemmiganur,Gudikal
Andhra Pradesh,Kurnool,Yemmiganur,Kadimetla
Andhra Pradesh,Kurnool,Yemmiganur,Kadivella
Andhra Pradesh,Kurnool,Yemmiganur,Kalugotla
Andhra Pradesh,Kurnool,Yemmiganur,Kandanathi
Andhra Pradesh,Kurnool,Yemmiganur,Kotekal
Andhra Pradesh,Kurnool,Yemmiganur,K.Thimmapuram
Andhra Pradesh,Kurnool,Yemmiganur,Malakapuram
Andhra Pradesh,Kurnool,Yemmiganur,Parlapalle
Andhra Pradesh,Kurnool,Yemmiganur,Pesaladinne
Andhra Pradesh,Kurnool,Yemmiganur,Ralladoddi
Andhra Pradesh,Kurnool,Yemmiganur,Sardarpuram
Andhra Pradesh,Kurnool,Yemmiganur,Soganur
Andhra Pradesh,Kurnool,Yemmiganur,Tsallakudlur
Andhra Pradesh,Kurnool,Yemmiganur,Yemmiganur
Andhra Pradesh,Nandyal,Allagadda,Ahobilam
Andhra Pradesh,Nandyal,Allagadda,Allagadda
Andhra Pradesh,Nandyal,Allagadda,Bachepalle
Andhra Pradesh,Nandyal,Allagadda,Bathalur
Andhra Pradesh,Nandyal,Allagadda,Chinta Kommadinne
Andhra Pradesh,Nandyal,Allagadda,Devarayapuram
Andhra Pradesh,Nandyal,Allagadda,G.Jambuladinne
Andhra Pradesh,Nandyal,Allagadda,Gopalapuram
Andhra Pradesh,Nandyal,Allagadda,Gubagundam
Andhra Pradesh,Nandyal,Allagadda,Kotha Kandukur
Andhra Pradesh,Nandyal,Allagadda,Mittalapalle
Andhra Pradesh,Nandyal,Allagadda,Nallagatla
Andhra Pradesh,Nandyal,Allagadda,Obulampalle
Andhra Pradesh,Nandyal,Allagadda,Padakandla
Andhra Pradesh,Nandyal,Allagadda,Palasagaram
Andhra Pradesh,Nandyal,Allagadda,Patha Kandukur
Andhra Pradesh,Nandyal,Allagadda,Peddachintakunta
Andhra Pradesh,Nandyal,Allagadda,R.Krishnapuram
Andhra Pradesh,Nandyal,Allagadda,S.Lingamdinne
Andhra Pradesh,Nandyal,Allagadda,Yadawada
Andhra Pradesh,Nandyal,Atmakur,Atmakur
Andhra Pradesh,Nandyal,Atmakur,Bairlutygudem
Andhra Pradesh,Nandyal,Atmakur,Indireswaram
Andhra Pradesh,Nandyal,Atmakur,Karivena
Andhra Pradesh,Nandyal,Atmakur,Krishnapuram
Andhra Pradesh,Nandyal,Atmakur,Kurukunda
Andhra Pradesh,Nandyal,Atmakur,Nagalooty Gudum
Andhra Pradesh,Nandyal,Atmakur,Nallakalva
Andhra Pradesh,Nandyal,Atmakur,Pesurutlagudem
Andhra Pradesh,Nandyal,Atmakur,Pinnapuram
Andhra Pradesh,Nandyal,Atmakur,Pothurajukunta
Andhra Pradesh,Nandyal,Atmakur,Siddapuram
Andhra Pradesh,Nandyal,Atmakur,Siddepalle
Andhra Pradesh,Nandyal,Atmakur,Sundipenta
Andhra Pradesh,Nandyal,Atmakur,Vadla Ramapuram
Andhra Pradesh,Nandyal,Banaganapalli,Appalapuram
Andhra Pradesh,Nandyal,Banaganapalli,Banaganapalle (Ct)
Andhra Pradesh,Nandyal,Banaganapalli,Banumukkala (Ct)
Andhra Pradesh,Nandyal,Banaganapalli,Bathulurupadu
Andhra Pradesh,Nandyal,Banaganapalli,Beeravolu
Andhra Pradesh,Nandyal,Banaganapalli,Cherlokothuru
Andhra Pradesh,Nandyal,Banaganapalli,Cherupalle
Andhra Pradesh,Nandyal,Banaganapalli,Enakandla
Andhra Pradesh,Nandyal,Banaganapalli,Gulamaliabad
Andhra Pradesh,Nandyal,Banaganapalli,Gulam Nabipeta
Andhra Pradesh,Nandyal,Banaganapalli,Hussainapuram
Andhra Pradesh,Nandyal,Banaganapalli,Illurukothapalle
Andhra Pradesh,Nandyal,Banaganapalli,Jambuladinne
Andhra Pradesh,Nandyal,Banaganapalli,Jillella
Andhra Pradesh,Nandyal,Banaganapalli,Jwalapuram
Andhra Pradesh,Nandyal,Banaganapalli,Kapulapalle
Andhra Pradesh,Nandyal,Banaganapalli,Katikavanikunta
Andhra Pradesh,Nandyal,Banaganapalli,Krishnagiri
Andhra Pradesh,Nandyal,Banaganapalli,Kyapa
Andhra Pradesh,Nandyal,Banaganapalli,Meerapuram
Andhra Pradesh,Nandyal,Banaganapalli,Mittapalle
Andhra Pradesh,Nandyal,Banaganapalli,Nandavaram
Andhra Pradesh,Nandyal,Banaganapalli,Nandivargam
Andhra Pradesh,Nandyal,Banaganapalli,Niluvugondla
Andhra Pradesh,Nandyal,Banaganapalli,Palukur
Andhra Pradesh,Nandyal,Banaganapalli,Pandlapuram
Andhra Pradesh,Nandyal,Banaganapalli,Pasupula
Andhra Pradesh,Nandyal,Banaganapalli,Pathapadu
Andhra Pradesh,Nandyal,Banaganapalli,Rallakothuru
Andhra Pradesh,Nandyal,Banaganapalli,Ramatheertham
Andhra Pradesh,Nandyal,Banaganapalli,Salamabad
Andhra Pradesh,Nandyal,Banaganapalli,Sankalapuram
Andhra Pradesh,Nandyal,Banaganapalli,Tangutoor
Andhra Pradesh,Nandyal,Banaganapalli,Thammadapalle
Andhra Pradesh,Nandyal,Banaganapalli,Thimmapuram
Andhra Pradesh,Nandyal,Banaganapalli,Venkatapuram
Andhra Pradesh,Nandyal,Banaganapalli,Vittalapuram
Andhra Pradesh,Nandyal,Banaganapalli,Yagantipalle
Andhra Pradesh,Nandyal,Banaganapalli,Yerragudi
Andhra Pradesh,Nandyal,Bandi Atmakur,Ayyavari Kodur
Andhra Pradesh,Nandyal,Bandi Atmakur,Bandi Atmakur
Andhra Pradesh,Nandyal,Bandi Atmakur,Bayyapu Kodur
Andhra Pradesh,Nandyal,Bandi Atmakur,Bhojanam
Andhra Pradesh,Nandyal,Bandi Atmakur,Ernapadu
Andhra Pradesh,Nandyal,Bandi Atmakur,Gali Chennaiah Palem
Andhra Pradesh,Nandyal,Bandi Atmakur,Kadamalakalva
Andhra Pradesh,Nandyal,Bandi Atmakur,Kakanur
Andhra Pradesh,Nandyal,Bandi Atmakur,Narayanapuram
Andhra Pradesh,Nandyal,Bandi Atmakur,Paramatur
Andhra Pradesh,Nandyal,Bandi Atmakur,Parnapalle
Andhra Pradesh,Nandyal,Bandi Atmakur,Pedda Devalapuram
Andhra Pradesh,Nandyal,Bandi Atmakur,Ramapuram
Andhra Pradesh,Nandyal,Bandi Atmakur,Santhajutur
Andhra Pradesh,Nandyal,Bandi Atmakur,Yerraguntla
Andhra Pradesh,Nandyal,Bethamcherla,Ambapuram
Andhra Pradesh,Nandyal,Bethamcherla,Bethamcherla
Andhra Pradesh,Nandyal,Bethamcherla,Bethamcherla (Ct)
Andhra Pradesh,Nandyal,Bethamcherla,Bugganipalle
Andhra Pradesh,Nandyal,Bethamcherla,Emboy
Andhra Pradesh,Nandyal,Bethamcherla,Gollagutta
Andhra Pradesh,Nandyal,Bethamcherla,Gutupalle
Andhra Pradesh,Nandyal,Bethamcherla,Kolumulapalle
Andhra Pradesh,Nandyal,Bethamcherla,Kothapalle
Andhra Pradesh,Nandyal,Bethamcherla,Muddavaram
Andhra Pradesh,Nandyal,Bethamcherla,Pendakal
Andhra Pradesh,Nandyal,Bethamcherla,Rangapuram
Andhra Pradesh,Nandyal,Chagalamarri,Brahmanapalle
Andhra Pradesh,Nandyal,Chagalamarri,Chagalamarri
Andhra Pradesh,Nandyal,Chagalamarri,Chinna Bodhanam
Andhra Pradesh,Nandyal,Chagalamarri,Chinna Vangali
Andhra Pradesh,Nandyal,Chagalamarri,Chintala Cheruvu
Andhra Pradesh,Nandyal,Chagalamarri,D Vanipenta
Andhra Pradesh,Nandyal,Chagalamarri,Godiganuru
Andhra Pradesh,Nandyal,Chagalamarri,Gotlur
Andhra Pradesh,Nandyal,Chagalamarri,Kalugotlapalle
Andhra Pradesh,Nandyal,Chagalamarri,Madduru
Andhra Pradesh,Nandyal,Chagalamarri,Mallavemula
Andhra Pradesh,Nandyal,Chagalamarri,Muthyalapadu
Andhra Pradesh,Nandyal,Chagalamarri,Nelampadu
Andhra Pradesh,Nandyal,Chagalamarri,Pedda Bodhanam
Andhra Pradesh,Nandyal,Chagalamarri,Pedda Vangali
Andhra Pradesh,Nandyal,Chagalamarri,Rajole
Andhra Pradesh,Nandyal,Chagalamarri,Rampalle
Andhra Pradesh,Nandyal,Chagalamarri,Settiveedu
Andhra Pradesh,Nandyal,Chagalamarri,Thodendlapalle
Andhra Pradesh,Nandyal,Dhone,Chanugondla
Andhra Pradesh,Nandyal,Dhone,Chinna Malkapuram
Andhra Pradesh,Nandyal,Dhone,Devarabanda
Andhra Pradesh,Nandyal,Dhone,Dhone
Andhra Pradesh,Nandyal,Dhone,Eddupenta
Andhra Pradesh,Nandyal,Dhone,Jagadurthi
Andhra Pradesh,Nandyal,Dhone,Kamaganikuntla
Andhra Pradesh,Nandyal,Dhone,Kocheruvu
Andhra Pradesh,Nandyal,Dhone,Kotha Buruju
Andhra Pradesh,Nandyal,Dhone,Kothakota
Andhra Pradesh,Nandyal,Dhone,Malkapuram
Andhra Pradesh,Nandyal,Dhone,Shotrium Gundala
Andhra Pradesh,Nandyal,Dhone,Shotrium Valasala
Andhra Pradesh,Nandyal,Dhone,Udumulapadu
Andhra Pradesh,Nandyal,Dhone,Ungaranigundla
Andhra Pradesh,Nandyal,Dhone,Venkatapuram
Andhra Pradesh,Nandyal,Dhone,Yapadinne
Andhra Pradesh,Nandyal,Dornipadu,Arjunapuram
Andhra Pradesh,Nandyal,Dornipadu,Burrareddipalle
Andhra Pradesh,Nandyal,Dornipadu,Chakarajuvemula
Andhra Pradesh,Nandyal,Dornipadu,Dornipadu
Andhra Pradesh,Nandyal,Dornipadu,Gundupapala
Andhra Pradesh,Nandyal,Dornipadu,Kondapuram
Andhra Pradesh,Nandyal,Dornipadu,Kristipadu
Andhra Pradesh,Nandyal,Dornipadu,Ramachandrapuram
Andhra Pradesh,Nandyal,Dornipadu,W.Govindinne
Andhra Pradesh,Nandyal,Gadivemula,Bilakala Gudur
Andhra Pradesh,Nandyal,Gadivemula,Bujanur
Andhra Pradesh,Nandyal,Gadivemula,Chennakkapalle
Andhra Pradesh,Nandyal,Gadivemula,Chindukuru
Andhra Pradesh,Nandyal,Gadivemula,Durvesi
Andhra Pradesh,Nandyal,Gadivemula,Gadigarevula
Andhra Pradesh,Nandyal,Gadivemula,Gadivemula
Andhra Pradesh,Nandyal,Gadivemula,Gani
Andhra Pradesh,Nandyal,Gadivemula,Karimaddala
Andhra Pradesh,Nandyal,Gadivemula,Koratamaddi
Andhra Pradesh,Nandyal,Gadivemula,Korrapolur
Andhra Pradesh,Nandyal,Gadivemula,Manchalakatta
Andhra Pradesh,Nandyal,Gadivemula,Pesaravayi
Andhra Pradesh,Nandyal,Gadivemula,Thirupadu
Andhra Pradesh,Nandyal,Gospadu,Deebaguntla
Andhra Pradesh,Nandyal,Gospadu,Gospadu
Andhra Pradesh,Nandyal,Gospadu,Jillela
Andhra Pradesh,Nandyal,Gospadu,Julepalle
Andhra Pradesh,Nandyal,Gospadu,Kanalapalle
Andhra Pradesh,Nandyal,Gospadu,M.Chintakunta
Andhra Pradesh,Nandyal,Gospadu,M.Krishnapuram
Andhra Pradesh,Nandyal,Gospadu,Pasurapadu
Andhra Pradesh,Nandyal,Gospadu,Rayapadu
Andhra Pradesh,Nandyal,Gospadu,Sambavaram
Andhra Pradesh,Nandyal,Gospadu,S.Kuluru
Andhra Pradesh,Nandyal,Gospadu,S.Nagulavaram
Andhra Pradesh,Nandyal,Gospadu,Tellapuri
Andhra Pradesh,Nandyal,Gospadu,Vantivelagala
Andhra Pradesh,Nandyal,Gospadu,Yalluru
Andhra Pradesh,Nandyal,Jupadu Bunglow,Bannur
Andhra Pradesh,Nandyal,Jupadu Bunglow,Bollavaram
Andhra Pradesh,Nandyal,Jupadu Bunglow,Ganapuram
Andhra Pradesh,Nandyal,Jupadu Bunglow,Lingapuram
Andhra Pradesh,Nandyal,Jupadu Bunglow,Mandlem
Andhra Pradesh,Nandyal,Jupadu Bunglow,Parumanchala
Andhra Pradesh,Nandyal,Jupadu Bunglow,Tangadancha
Andhra Pradesh,Nandyal,Jupadu Bunglow,Tarigopula
Andhra Pradesh,Nandyal,Jupadu Bunglow,Tartur
Andhra Pradesh,Nandyal,Jupadu Bunglow,Tatipadu
Andhra Pradesh,Nandyal,Jupadu Bunglow,Thudicherla
Andhra Pradesh,Nandyal,Koilakuntla,Amadala
Andhra Pradesh,Nandyal,Koilakuntla,Bheemunipadu
Andhra Pradesh,Nandyal,Koilakuntla,Bijinavemula
Andhra Pradesh,Nandyal,Koilakuntla,Chinna Kopperla
Andhra Pradesh,Nandyal,Koilakuntla,Chintakunta
Andhra Pradesh,Nandyal,Koilakuntla,Gulladurthi
Andhra Pradesh,Nandyal,Koilakuntla,Joladarasi
Andhra Pradesh,Nandyal,Koilakuntla,Kalugotla
Andhra Pradesh,Nandyal,Koilakuntla,Kampamalla
Andhra Pradesh,Nandyal,Koilakuntla,Koilkuntla
Andhra Pradesh,Nandyal,Koilakuntla,Lingala
Andhra Pradesh,Nandyal,Koilakuntla,Mogalai Uppalur
Andhra Pradesh,Nandyal,Koilakuntla,Pedda Kopperla
Andhra Pradesh,Nandyal,Koilakuntla,Pottipadu
Andhra Pradesh,Nandyal,Koilakuntla,Revanur
Andhra Pradesh,Nandyal,Koilakuntla,Soulderdinne
Andhra Pradesh,Nandyal,Koilakuntla,Vallampadu
Andhra Pradesh,Nandyal,Koilakuntla,Velagatur
Andhra Pradesh,Nandyal,Kolimigundla,Abdullapuram
Andhra Pradesh,Nandyal,Kolimigundla,Belum
Andhra Pradesh,Nandyal,Kolimigundla,Belumsingavaram
Andhra Pradesh,Nandyal,Kolimigundla,Boyala Tadipatri
Andhra Pradesh,Nandyal,Kolimigundla,Boyala Uppalur
Andhra Pradesh,Nandyal,Kolimigundla,Chintalayapalle
Andhra Pradesh,Nandyal,Kolimigundla,Erragudi
Andhra Pradesh,Nandyal,Kolimigundla,Hanumanthagundam
Andhra Pradesh,Nandyal,Kolimigundla,Itikala
Andhra Pradesh,Nandyal,Kolimigundla,Kalvatala
Andhra Pradesh,Nandyal,Kolimigundla,Kolimigundla
Andhra Pradesh,Nandyal,Kolimigundla,Korumanipalle
Andhra Pradesh,Nandyal,Kolimigundla,Kotapadu
Andhra Pradesh,Nandyal,Kolimigundla,Mirjapuram
Andhra Pradesh,Nandyal,Kolimigundla,Nandipadu
Andhra Pradesh,Nandyal,Kolimigundla,Peddaventhurla
Andhra Pradesh,Nandyal,Kolimigundla,Petnikota
Andhra Pradesh,Nandyal,Kolimigundla,Shotrium Chennampalle
Andhra Pradesh,Nandyal,Kolimigundla,Thimmanayunipeta
Andhra Pradesh,Nandyal,Kolimigundla,Thollamadugu
Andhra Pradesh,Nandyal,Kolimigundla,Thummalapenta
Andhra Pradesh,Nandyal,Kothapalle,Battuvaripalle
Andhra Pradesh,Nandyal,Kothapalle,Dudyala
Andhra Pradesh,Nandyal,Kothapalle,Edurupadu
Andhra Pradesh,Nandyal,Kothapalle,Erramatam
Andhra Pradesh,Nandyal,Kothapalle,Gokavaram
Andhra Pradesh,Nandyal,Kothapalle,Guvvalakunta
Andhra Pradesh,Nandyal,Kothapalle,Kokkerancha
Andhra Pradesh,Nandyal,Kothapalle,Kothapalle
Andhra Pradesh,Nandyal,Kothapalle,Musalimadugu
Andhra Pradesh,Nandyal,Kothapalle,Nandikunta
Andhra Pradesh,Nandyal,Kothapalle,P Gummadapuram
Andhra Pradesh,Nandyal,Kothapalle,Sangameswaram
Andhra Pradesh,Nandyal,Kothapalle,Siddheswaram
Andhra Pradesh,Nandyal,Kothapalle,Sivapuram
Andhra Pradesh,Nandyal,Kothapalle,Veerabhadradurgam
Andhra Pradesh,Nandyal,Mahanandi,Basavapuram
Andhra Pradesh,Nandyal,Mahanandi,Bollavaram
Andhra Pradesh,Nandyal,Mahanandi,Bukkapuram
Andhra Pradesh,Nandyal,Mahanandi,Gajulapalle
Andhra Pradesh,Nandyal,Mahanandi,Gopavaram
Andhra Pradesh,Nandyal,Mahanandi,Maseedupuram
Andhra Pradesh,Nandyal,Mahanandi,Nandipalle
Andhra Pradesh,Nandyal,Mahanandi,Thammadapalle
Andhra Pradesh,Nandyal,Mahanandi,Thimmapuram
Andhra Pradesh,Nandyal,Midthur,Alaganur
Andhra Pradesh,Nandyal,Midthur,Bannur
Andhra Pradesh,Nandyal,Midthur,Byrapuram
Andhra Pradesh,Nandyal,Midthur,Cherakucherla
Andhra Pradesh,Nandyal,Midthur,Chintalapalle
Andhra Pradesh,Nandyal,Midthur,Chowtakur
Andhra Pradesh,Nandyal,Midthur,Devanur
Andhra Pradesh,Nandyal,Midthur,Jalakanur
Andhra Pradesh,Nandyal,Midthur,Kadumur
Andhra Pradesh,Nandyal,Midthur,Masapeta
Andhra Pradesh,Nandyal,Midthur,Midthur
Andhra Pradesh,Nandyal,Midthur,Nagalooty
Andhra Pradesh,Nandyal,Midthur,Rollapadu
Andhra Pradesh,Nandyal,Midthur,Sunkesula
Andhra Pradesh,Nandyal,Midthur,Talamudipi
Andhra Pradesh,Nandyal,Midthur,Thimmapuram
Andhra Pradesh,Nandyal,Midthur,Veepanagandla
Andhra Pradesh,Nandyal,Nandikotkur,Allur
Andhra Pradesh,Nandyal,Nandikotkur,Bijinavemula
Andhra Pradesh,Nandyal,Nandikotkur,Bollavaram
Andhra Pradesh,Nandyal,Nandikotkur,Brahmanakotkur
Andhra Pradesh,Nandyal,Nandikotkur,Damagatla
Andhra Pradesh,Nandyal,Nandikotkur,Konidela
Andhra Pradesh,Nandyal,Nandikotkur,Maddigatla
Andhra Pradesh,Nandyal,Nandikotkur,Malyala
Andhra Pradesh,Nandyal,Nandikotkur,Nagatoor
Andhra Pradesh,Nandyal,Nandikotkur,Nandi Kotkur
Andhra Pradesh,Nandyal,Nandikotkur,Santhanikota
Andhra Pradesh,Nandyal,Nandikotkur,Vaddamanu
Andhra Pradesh,Nandyal,Nandyal Rural,Bheemavaram
Andhra Pradesh,Nandyal,Nandyal Rural,Brahmanapalle
Andhra Pradesh,Nandyal,Nandyal Rural,Chabolu
Andhra Pradesh,Nandyal,Nandyal Rural,Chapirevula
Andhra Pradesh,Nandyal,Nandyal Rural,Gunthanala
Andhra Pradesh,Nandyal,Nandyal Rural,Kanala
Andhra Pradesh,Nandyal,Nandyal Rural,Kottala
Andhra Pradesh,Nandyal,Nandyal Rural,Mitnala
Andhra Pradesh,Nandyal,Nandyal Rural,Munagala
Andhra Pradesh,Nandyal,Nandyal Rural,Polur
Andhra Pradesh,Nandyal,Nandyal Rural,Pulimaddi
Andhra Pradesh,Nandyal,Nandyal Rural,Pusulur
Andhra Pradesh,Nandyal,Nandyal Rural,Rayamalpuram
Andhra Pradesh,Nandyal,Nandyal Urban,Ayyalur (Part)
Andhra Pradesh,Nandyal,Nandyal Urban,Billalapuram
Andhra Pradesh,Nandyal,Nandyal Urban,Kothapalli
Andhra Pradesh,Nandyal,Nandyal Urban,Moolasagaram (R) (Og)
Andhra Pradesh,Nandyal,Nandyal Urban,Nandyala
Andhra Pradesh,Nandyal,Nandyal Urban,Noonepalle (R) (Og)
Andhra Pradesh,Nandyal,Nandyal Urban,Udumalpuram (R) (Part)
Andhra Pradesh,Nandyal,Owk,Annavaram
Andhra Pradesh,Nandyal,Owk,Chanugondla
Andhra Pradesh,Nandyal,Owk,Chennampalle
Andhra Pradesh,Nandyal,Owk,Cherlapalle
Andhra Pradesh,Nandyal,Owk,Gundla Singavaram
Andhra Pradesh,Nandyal,Owk,Junuthala
Andhra Pradesh,Nandyal,Owk,Kondamanayunipalli
Andhra Pradesh,Nandyal,Owk,Kunukuntla
Andhra Pradesh,Nandyal,Owk,Mettupalle
Andhra Pradesh,Nandyal,Owk,Nichenametla
Andhra Pradesh,Nandyal,Owk,Owk
Andhra Pradesh,Nandyal,Owk,Ramapuram (Ct)
Andhra Pradesh,Nandyal,Owk,Ramavaram
Andhra Pradesh,Nandyal,Owk,Sangapatnam
Andhra Pradesh,Nandyal,Owk,Singanapalle
Andhra Pradesh,Nandyal,Owk,Sivavaram
Andhra Pradesh,Nandyal,Owk,Sunkesula
Andhra Pradesh,Nandyal,Owk,Uppalapadu
Andhra Pradesh,Nandyal,Owk,Vajragiri
Andhra Pradesh,Nandyal,Owk,Vemulapadu
Andhra Pradesh,Nandyal,Pagidyala,Beeravolu
Andhra Pradesh,Nandyal,Pagidyala,Laxmapuram
Andhra Pradesh,Nandyal,Pagidyala,Muchumarri
Andhra Pradesh,Nandyal,Pagidyala,Murvakonda
Andhra Pradesh,Nandyal,Pagidyala,Pagidyala
Andhra Pradesh,Nandyal,Pagidyala,Palamarri
Andhra Pradesh,Nandyal,Pagidyala,Pathakota(East)
Andhra Pradesh,Nandyal,Pagidyala,Pathakota(West)
Andhra Pradesh,Nandyal,Pagidyala,Veerapuram
Andhra Pradesh,Nandyal,Pagidyala,Yellala
Andhra Pradesh,Nandyal,Pamulapadu,Bhanumukkala
Andhra Pradesh,Nandyal,Pamulapadu,Chelimella
Andhra Pradesh,Nandyal,Pamulapadu,Iskala
Andhra Pradesh,Nandyal,Pamulapadu,Jutur
Andhra Pradesh,Nandyal,Pamulapadu,Kambalapalle
Andhra Pradesh,Nandyal,Pamulapadu,Maddur
Andhra Pradesh,Nandyal,Pamulapadu,Mittakandala
Andhra Pradesh,Nandyal,Pamulapadu,Pamulapadu
Andhra Pradesh,Nandyal,Pamulapadu,Thummalur
Andhra Pradesh,Nandyal,Pamulapadu,Vanala
Andhra Pradesh,Nandyal,Pamulapadu,Vempenta
Andhra Pradesh,Nandyal,Panyam,Alamur
Andhra Pradesh,Nandyal,Panyam,Anupur
Andhra Pradesh,Nandyal,Panyam,Balapanur
Andhra Pradesh,Nandyal,Panyam,Bhupanapadu
Andhra Pradesh,Nandyal,Panyam,Chilakala
Andhra Pradesh,Nandyal,Panyam,Gaggatur
Andhra Pradesh,Nandyal,Panyam,Gonavaram
Andhra Pradesh,Nandyal,Panyam,Gorukallu
Andhra Pradesh,Nandyal,Panyam,Kondajutur
Andhra Pradesh,Nandyal,Panyam,Konidedu
Andhra Pradesh,Nandyal,Panyam,Kowlur
Andhra Pradesh,Nandyal,Panyam,Maddur
Andhra Pradesh,Nandyal,Panyam,Nerawada
Andhra Pradesh,Nandyal,Panyam,Panyam
Andhra Pradesh,Nandyal,Panyam,Pinnapuram
Andhra Pradesh,Nandyal,Panyam,S Kothuru
Andhra Pradesh,Nandyal,Panyam,Thammarajupalle
Andhra Pradesh,Nandyal,Panyam,Thogarchedu
Andhra Pradesh,Nandyal,Peapully,Burugula
Andhra Pradesh,Nandyal,Peapully,Chandrapalle
Andhra Pradesh,Nandyal,Peapully,Gudipadu
Andhra Pradesh,Nandyal,Peapully,Jakkasanikuntla
Andhra Pradesh,Nandyal,Peapully,Jaladurgam
Andhra Pradesh,Nandyal,Peapully,Kalachetla
Andhra Pradesh,Nandyal,Peapully,Kommemarri
Andhra Pradesh,Nandyal,Peapully,Madhavaram
Andhra Pradesh,Nandyal,Peapully,Mettupalle
Andhra Pradesh,Nandyal,Peapully,Munimadugu
Andhra Pradesh,Nandyal,Peapully,Nereducherla
Andhra Pradesh,Nandyal,Peapully,Peapally
Andhra Pradesh,Nandyal,Peapully,Peddapodilla
Andhra Pradesh,Nandyal,Peapully,Pothidoddi
Andhra Pradesh,Nandyal,Peapully,Racherla
Andhra Pradesh,Nandyal,Peapully,Shrotrium Nallaballe
Andhra Pradesh,Nandyal,Peapully,Shrotrium Rangapuram
Andhra Pradesh,Nandyal,Peapully,Shrotrium Rayampeta
Andhra Pradesh,Nandyal,Peapully,Vengalampalle
Andhra Pradesh,Nandyal,Rudravaram,Alamur
Andhra Pradesh,Nandyal,Rudravaram,Beeravolu
Andhra Pradesh,Nandyal,Rudravaram,Chandalur
Andhra Pradesh,Nandyal,Rudravaram,Chilakaloor
Andhra Pradesh,Nandyal,Rudravaram,Chinna Kambaloor
Andhra Pradesh,Nandyal,Rudravaram,Erragudidinne
Andhra Pradesh,Nandyal,Rudravaram,Kondamayapalle
Andhra Pradesh,Nandyal,Rudravaram,Kotakonda
Andhra Pradesh,Nandyal,Rudravaram,Mandaloor
Andhra Pradesh,Nandyal,Rudravaram,Muthaloor
Andhra Pradesh,Nandyal,Rudravaram,Narasapuram
Andhra Pradesh,Nandyal,Rudravaram,Pedda Kambaloor
Andhra Pradesh,Nandyal,Rudravaram,Perur
Andhra Pradesh,Nandyal,Rudravaram,R.Nagulavaram
Andhra Pradesh,Nandyal,Rudravaram,Rudravaram
Andhra Pradesh,Nandyal,Rudravaram,Sreerangapuram
Andhra Pradesh,Nandyal,Rudravaram,T.Lingamdinne
Andhra Pradesh,Nandyal,Rudravaram,Velagalapalle
Andhra Pradesh,Nandyal,Rudravaram,Yellavathula
Andhra Pradesh,Nandyal,Sanjamala,Akumalla
Andhra Pradesh,Nandyal,Sanjamala,Alvakonda
Andhra Pradesh,Nandyal,Sanjamala,Bondaladinne
Andhra Pradesh,Nandyal,Sanjamala,Eggoni
Andhra Pradesh,Nandyal,Sanjamala,Giddalur
Andhra Pradesh,Nandyal,Sanjamala,Hothramandinne
Andhra Pradesh,Nandyal,Sanjamala,Kamalapuri
Andhra Pradesh,Nandyal,Sanjamala,Kanala
Andhra Pradesh,Nandyal,Sanjamala,Mangapalle
Andhra Pradesh,Nandyal,Sanjamala,Mikkinenipalle
Andhra Pradesh,Nandyal,Sanjamala,Muchalapuri
Andhra Pradesh,Nandyal,Sanjamala,Mudigedu
Andhra Pradesh,Nandyal,Sanjamala,Mukkamalla
Andhra Pradesh,Nandyal,Sanjamala,Natla Kothur
Andhra Pradesh,Nandyal,Sanjamala,Nossam
Andhra Pradesh,Nandyal,Sanjamala,Perusomala
Andhra Pradesh,Nandyal,Sanjamala,Ramabhadrunipalle
Andhra Pradesh,Nandyal,Sanjamala,R Lingam Dinne
Andhra Pradesh,Nandyal,Sanjamala,Sanjamala
Andhra Pradesh,Nandyal,Sanjamala,S Dattapuram
Andhra Pradesh,Nandyal,Sanjamala,Vasanthapuram
Andhra Pradesh,Nandyal,Sirvel,Boyalakuntla
Andhra Pradesh,Nandyal,Sirvel,Chennur
Andhra Pradesh,Nandyal,Sirvel,Gangavaram
Andhra Pradesh,Nandyal,Sirvel,Govindpalle
Andhra Pradesh,Nandyal,Sirvel,Gumparamandinne
Andhra Pradesh,Nandyal,Sirvel,Jeenepalle
Andhra Pradesh,Nandyal,Sirvel,Kaminenipalle
Andhra Pradesh,Nandyal,Sirvel,Kotapadu
Andhra Pradesh,Nandyal,Sirvel,Mahadevapuram
Andhra Pradesh,Nandyal,Sirvel,Sirvel
Andhra Pradesh,Nandyal,Sirvel,Vanikemdinne
Andhra Pradesh,Nandyal,Sirvel,Yerragundla
Andhra Pradesh,Nandyal,Srisailam,Srisailam
Andhra Pradesh,Nandyal,Uyyalawada,Allur
Andhra Pradesh,Nandyal,Uyyalawada,Bodemmanur
Andhra Pradesh,Nandyal,Uyyalawada,Govindapalle
Andhra Pradesh,Nandyal,Uyyalawada,Harivaram
Andhra Pradesh,Nandyal,Uyyalawada,Injedu
Andhra Pradesh,Nandyal,Uyyalawada,Kakarawada
Andhra Pradesh,Nandyal,Uyyalawada,Kondupalle
Andhra Pradesh,Nandyal,Uyyalawada,Mayalur
Andhra Pradesh,Nandyal,Uyyalawada,Narsepalle
Andhra Pradesh,Nandyal,Uyyalawada,Padigepad
Andhra Pradesh,Nandyal,Uyyalawada,Pedda Emmanur
Andhra Pradesh,Nandyal,Uyyalawada,R Jambuladinne
Andhra Pradesh,Nandyal,Uyyalawada,R.Papampalle
Andhra Pradesh,Nandyal,Uyyalawada,Rupamagudi
Andhra Pradesh,Nandyal,Uyyalawada,Sarvaipalle
Andhra Pradesh,Nandyal,Uyyalawada,S.Kothapalle
Andhra Pradesh,Nandyal,Uyyalawada,Suddamalla
Andhra Pradesh,Nandyal,Uyyalawada,Thudumuladinne
Andhra Pradesh,Nandyal,Uyyalawada,Uyyalawada
Andhra Pradesh,Nandyal,Uyyalawada,Vengampalle
Andhra Pradesh,Nandyal,Velugodu,Abdullapuram
Andhra Pradesh,Nandyal,Velugodu,Boyarevula
Andhra Pradesh,Nandyal,Velugodu,Gunthakandala
Andhra Pradesh,Nandyal,Velugodu,Kunta
Andhra Pradesh,Nandyal,Velugodu,Mothukur
Andhra Pradesh,Nandyal,Velugodu,Regadigudur
Andhra Pradesh,Nandyal,Velugodu,Velgode
Andhra Pradesh,Nandyal,Velugodu,Velpanur
Andhra Pradesh,Ntr,Atlapragada Konduru,A.Konduru
Andhra Pradesh,Ntr,Atlapragada Konduru,Atlapragada
Andhra Pradesh,Ntr,Atlapragada Konduru,Cheemalapadu
Andhra Pradesh,Ntr,Atlapragada Konduru,Gollamandala
Andhra Pradesh,Ntr,Atlapragada Konduru,Kambampadu
Andhra Pradesh,Ntr,Atlapragada Konduru,Koduru
Andhra Pradesh,Ntr,Atlapragada Konduru,Krishnaraopalem
Andhra Pradesh,Ntr,Atlapragada Konduru,Kummarakuntla
Andhra Pradesh,Ntr,Atlapragada Konduru,Madhavaram (East)
Andhra Pradesh,Ntr,Atlapragada Konduru,Madhavaram (West)
Andhra Pradesh,Ntr,Atlapragada Konduru,Marepalle
Andhra Pradesh,Ntr,Atlapragada Konduru,Polisettipadu
Andhra Pradesh,Ntr,Atlapragada Konduru,Repudi
Andhra Pradesh,Ntr,Atlapragada Konduru,Vallampatla
Andhra Pradesh,Ntr,Chandarlapadu,Bobbellapadu
Andhra Pradesh,Ntr,Chandarlapadu,Brahmabotlapalem
Andhra Pradesh,Ntr,Chandarlapadu,Chandarlapadu
Andhra Pradesh,Ntr,Chandarlapadu,Chintalapadu
Andhra Pradesh,Ntr,Chandarlapadu,Eturu
Andhra Pradesh,Ntr,Chandarlapadu,Gudimetla
Andhra Pradesh,Ntr,Chandarlapadu,Gudimetlapalem
Andhra Pradesh,Ntr,Chandarlapadu,Kasarabada
Andhra Pradesh,Ntr,Chandarlapadu,Katrenipalle
Andhra Pradesh,Ntr,Chandarlapadu,Kodavatikallu
Andhra Pradesh,Ntr,Chandarlapadu,Konayapalem
Andhra Pradesh,Ntr,Chandarlapadu,Medipalem
Andhra Pradesh,Ntr,Chandarlapadu,Munagala Palle
Andhra Pradesh,Ntr,Chandarlapadu,Muppalla
Andhra Pradesh,Ntr,Chandarlapadu,Patempadu
Andhra Pradesh,Ntr,Chandarlapadu,Pokkunuru
Andhra Pradesh,Ntr,Chandarlapadu,Popuru
Andhra Pradesh,Ntr,Chandarlapadu,Punnavalli
Andhra Pradesh,Ntr,Chandarlapadu,Thotaravulapadu
Andhra Pradesh,Ntr,Chandarlapadu,Thurlapadu
Andhra Pradesh,Ntr,Chandarlapadu,Ustepalle
Andhra Pradesh,Ntr,Chandarlapadu,Veladi
Andhra Pradesh,Ntr,Chandarlapadu,Vibhareetapadu
Andhra Pradesh,Ntr,Gaddamanugu Konduru,Atukuru
Andhra Pradesh,Ntr,Gaddamanugu Konduru,Bhimavarappadu
Andhra Pradesh,Ntr,Gaddamanugu Konduru,Chegireddipadu
Andhra Pradesh,Ntr,Gaddamanugu Konduru,Cheruvu Madhavaram
Andhra Pradesh,Ntr,Gaddamanugu Konduru,Chevuturu
Andhra Pradesh,Ntr,Gaddamanugu Konduru,Duggiralapadu
Andhra Pradesh,Ntr,Gaddamanugu Konduru,Gaddamanugu
Andhra Pradesh,Ntr,Gaddamanugu Konduru,Ganginenipalem
Andhra Pradesh,Ntr,Gaddamanugu Konduru,Gurrajupalem
Andhra Pradesh,Ntr,Gaddamanugu Konduru,Haveli Mutyalampadu
Andhra Pradesh,Ntr,Gaddamanugu Konduru,Kadimpothavaram
Andhra Pradesh,Ntr,Gaddamanugu Konduru,Kandulapadu
Andhra Pradesh,Ntr,Gaddamanugu Konduru,Kavuluru
Andhra Pradesh,Ntr,Gaddamanugu Konduru,Koduru
Andhra Pradesh,Ntr,Gaddamanugu Konduru,Konduru
Andhra Pradesh,Ntr,Gaddamanugu Konduru,Kuntamukkala
Andhra Pradesh,Ntr,Gaddamanugu Konduru,Loya
Andhra Pradesh,Ntr,Gaddamanugu Konduru,Munagapadu
Andhra Pradesh,Ntr,Gaddamanugu Konduru,Nandigama
Andhra Pradesh,Ntr,Gaddamanugu Konduru,Narasayagudem
Andhra Pradesh,Ntr,Gaddamanugu Konduru,Petrampadu
Andhra Pradesh,Ntr,Gaddamanugu Konduru,Pinapaka
Andhra Pradesh,Ntr,Gaddamanugu Konduru,Sunnampadu
Andhra Pradesh,Ntr,Gaddamanugu Konduru,Telladevarapadu
Andhra Pradesh,Ntr,Gaddamanugu Konduru,Velagaleru
Andhra Pradesh,Ntr,Gaddamanugu Konduru,Vellaturu
Andhra Pradesh,Ntr,Gaddamanugu Konduru,Venkatapuram
Andhra Pradesh,Ntr,Gampalagudem,Anumollanka
Andhra Pradesh,Ntr,Gampalagudem,Arlapadu
Andhra Pradesh,Ntr,Gampalagudem,Chennavaram
Andhra Pradesh,Ntr,Gampalagudem,Dundiralapadu
Andhra Pradesh,Ntr,Gampalagudem,Gampalagudem
Andhra Pradesh,Ntr,Gampalagudem,Gosaveedu
Andhra Pradesh,Ntr,Gampalagudem,Gullapudi
Andhra Pradesh,Ntr,Gampalagudem,Kanumuru
Andhra Pradesh,Ntr,Gampalagudem,Konijerla
Andhra Pradesh,Ntr,Gampalagudem,Kothapalle
Andhra Pradesh,Ntr,Gampalagudem,Lingala
Andhra Pradesh,Ntr,Gampalagudem,Meduru
Andhra Pradesh,Ntr,Gampalagudem,Narikampadu
Andhra Pradesh,Ntr,Gampalagudem,Nemali
Andhra Pradesh,Ntr,Gampalagudem,Peda Komira
Andhra Pradesh,Ntr,Gampalagudem,Penugolanu
Andhra Pradesh,Ntr,Gampalagudem,Rajavaram
Andhra Pradesh,Ntr,Gampalagudem,Tunikipadu
Andhra Pradesh,Ntr,Gampalagudem,Ummadidevarapalle
Andhra Pradesh,Ntr,Gampalagudem,Utukuru
Andhra Pradesh,Ntr,Gampalagudem,Vinagadapa
Andhra Pradesh,Ntr,Ibrahimpatnam,Chilukuru
Andhra Pradesh,Ntr,Ibrahimpatnam,Damuluru
Andhra Pradesh,Ntr,Ibrahimpatnam,Elaprolu
Andhra Pradesh,Ntr,Ibrahimpatnam,Gudurupadu
Andhra Pradesh,Ntr,Ibrahimpatnam,Guntupalle (Ct)
Andhra Pradesh,Ntr,Ibrahimpatnam,Ibrahimpatnam (Ct)
Andhra Pradesh,Ntr,Ibrahimpatnam,Jupudi
Andhra Pradesh,Ntr,Ibrahimpatnam,Kachavaram
Andhra Pradesh,Ntr,Ibrahimpatnam,Kethanakonda
Andhra Pradesh,Ntr,Ibrahimpatnam,Kondapalle (Ct)
Andhra Pradesh,Ntr,Ibrahimpatnam,Kotikalapudi
Andhra Pradesh,Ntr,Ibrahimpatnam,Malkapuram
Andhra Pradesh,Ntr,Ibrahimpatnam,Mulapadu
Andhra Pradesh,Ntr,Ibrahimpatnam,N.Pothavaram
Andhra Pradesh,Ntr,Ibrahimpatnam,Trilochanapuram
Andhra Pradesh,Ntr,Ibrahimpatnam,Tummalapalem
Andhra Pradesh,Ntr,Ibrahimpatnam,Zami Machavaram
Andhra Pradesh,Ntr,Ibrahimpatnam,Zami Navi Pothavaram
Andhra Pradesh,Ntr,Jaggaiahpeta,Annavaram
Andhra Pradesh,Ntr,Jaggaiahpeta,Anumanchipalle
Andhra Pradesh,Ntr,Jaggaiahpeta,Balusupadu
Andhra Pradesh,Ntr,Jaggaiahpeta,Bandipalem
Andhra Pradesh,Ntr,Jaggaiahpeta,Buchavaram
Andhra Pradesh,Ntr,Jaggaiahpeta,Budawada
Andhra Pradesh,Ntr,Jaggaiahpeta,Chillakallu
Andhra Pradesh,Ntr,Jaggaiahpeta,Gandrai
Andhra Pradesh,Ntr,Jaggaiahpeta,Garikapadu
Andhra Pradesh,Ntr,Jaggaiahpeta,Gowravaram
Andhra Pradesh,Ntr,Jaggaiahpeta,Jaggayyapeta Urban
Andhra Pradesh,Ntr,Jaggaiahpeta,Jayanthipuram
Andhra Pradesh,Ntr,Jaggaiahpeta,Kowthavari Agraharam
Andhra Pradesh,Ntr,Jaggaiahpeta,Malkapuram
Andhra Pradesh,Ntr,Jaggaiahpeta,Mukteswarapuram
Andhra Pradesh,Ntr,Jaggaiahpeta,Pochampalle
Andhra Pradesh,Ntr,Jaggaiahpeta,Ramachandrunipeta
Andhra Pradesh,Ntr,Jaggaiahpeta,Ravikampadu
Andhra Pradesh,Ntr,Jaggaiahpeta,Ravirala
Andhra Pradesh,Ntr,Jaggaiahpeta,Shermohammedpet
Andhra Pradesh,Ntr,Jaggaiahpeta,Takkellapadu
Andhra Pradesh,Ntr,Jaggaiahpeta,Tirumalagiri
Andhra Pradesh,Ntr,Jaggaiahpeta,Torraguntapalem
Andhra Pradesh,Ntr,Jaggaiahpeta,Tripuravaram
Andhra Pradesh,Ntr,Jaggaiahpeta,Vedadri
Andhra Pradesh,Ntr,Kanchikacherla,Bathinapadu
Andhra Pradesh,Ntr,Kanchikacherla,Chevitikallu
Andhra Pradesh,Ntr,Kanchikacherla,Gandepalle
Andhra Pradesh,Ntr,Kanchikacherla,Ganiatukuru
Andhra Pradesh,Ntr,Kanchikacherla,Gottumukkala
Andhra Pradesh,Ntr,Kanchikacherla,Kanchikacherla
Andhra Pradesh,Ntr,Kanchikacherla,Keesara
Andhra Pradesh,Ntr,Kanchikacherla,Kunikinapadu
Andhra Pradesh,Ntr,Kanchikacherla,Moguluru
Andhra Pradesh,Ntr,Kanchikacherla,Munnaluru
Andhra Pradesh,Ntr,Kanchikacherla,Paritala
Andhra Pradesh,Ntr,Kanchikacherla,Pendyala
Andhra Pradesh,Ntr,Kanchikacherla,Perakalapadu
Andhra Pradesh,Ntr,Kanchikacherla,Saidapuram
Andhra Pradesh,Ntr,Kanchikacherla,Seri Amaravaram
Andhra Pradesh,Ntr,Kanchikacherla,Vemulapalle
Andhra Pradesh,Ntr,Mylavaram,Chandragudem
Andhra Pradesh,Ntr,Mylavaram,Chandrala
Andhra Pradesh,Ntr,Mylavaram,Dasullapalem
Andhra Pradesh,Ntr,Mylavaram,Ganapavaram
Andhra Pradesh,Ntr,Mylavaram,Jangalapalle
Andhra Pradesh,Ntr,Mylavaram,Kanimerla
Andhra Pradesh,Ntr,Mylavaram,Keerthirayanigudem
Andhra Pradesh,Ntr,Mylavaram,Morusumilli
Andhra Pradesh,Ntr,Mylavaram,Mulakalapanta
Andhra Pradesh,Ntr,Mylavaram,Mylavaram
Andhra Pradesh,Ntr,Mylavaram,Parvathapuram
Andhra Pradesh,Ntr,Mylavaram,Pondugula
Andhra Pradesh,Ntr,Mylavaram,Pulluru
Andhra Pradesh,Ntr,Mylavaram,Sabjapadu
Andhra Pradesh,Ntr,Mylavaram,T.Gannavaram
Andhra Pradesh,Ntr,Mylavaram,Tholukodu
Andhra Pradesh,Ntr,Mylavaram,Vedurubeedem
Andhra Pradesh,Ntr,Mylavaram,Velvadam
Andhra Pradesh,Ntr,Nandigama,Adiviravulapadu
Andhra Pradesh,Ntr,Nandigama,Ambarupeta
Andhra Pradesh,Ntr,Nandigama,Chandapuram
Andhra Pradesh,Ntr,Nandigama,Damuluru
Andhra Pradesh,Ntr,Nandigama,Gollamudi
Andhra Pradesh,Ntr,Nandigama,Ithavaram
Andhra Pradesh,Ntr,Nandigama,Jonnalagadda
Andhra Pradesh,Ntr,Nandigama,Kanchela
Andhra Pradesh,Ntr,Nandigama,Kethaveeruni Padu
Andhra Pradesh,Ntr,Nandigama,Konathamatmakuru
Andhra Pradesh,Ntr,Nandigama,Konduru
Andhra Pradesh,Ntr,Nandigama,Kurugantivari Khandrika
Andhra Pradesh,Ntr,Nandigama,Latchapalem
Andhra Pradesh,Ntr,Nandigama,Lingalapadu
Andhra Pradesh,Ntr,Nandigama,Magallu
Andhra Pradesh,Ntr,Nandigama,Munagacherla
Andhra Pradesh,Ntr,Nandigama,Nandigama
Andhra Pradesh,Ntr,Nandigama,Pallagiri
Andhra Pradesh,Ntr,Nandigama,Pedavaram
Andhra Pradesh,Ntr,Nandigama,Raghavapuram
Andhra Pradesh,Ntr,Nandigama,Ramireddipalle
Andhra Pradesh,Ntr,Nandigama,Rudravaram
Andhra Pradesh,Ntr,Nandigama,Satyavaram
Andhra Pradesh,Ntr,Nandigama,Somavaram
Andhra Pradesh,Ntr,Nandigama,Thakkellapadu
Andhra Pradesh,Ntr,Nandigama,Torragudipadu
Andhra Pradesh,Ntr,Penuganchiprolu,Anigandlapadu
Andhra Pradesh,Ntr,Penuganchiprolu,Gummadidurru
Andhra Pradesh,Ntr,Penuganchiprolu,Kollikulla
Andhra Pradesh,Ntr,Penuganchiprolu,Konakanchi
Andhra Pradesh,Ntr,Penuganchiprolu,Lingagudem
Andhra Pradesh,Ntr,Penuganchiprolu,Muchintala @ Bodapadu
Andhra Pradesh,Ntr,Penuganchiprolu,Mundlapadu
Andhra Pradesh,Ntr,Penuganchiprolu,Nawabpeta
Andhra Pradesh,Ntr,Penuganchiprolu,Penuganchiprolu
Andhra Pradesh,Ntr,Penuganchiprolu,Sanagapadu
Andhra Pradesh,Ntr,Penuganchiprolu,Subbayagudem
Andhra Pradesh,Ntr,Penuganchiprolu,Thotacherla
Andhra Pradesh,Ntr,Penuganchiprolu,Venkatapuram
Andhra Pradesh,Ntr,Reddigudem,Anneraopeta
Andhra Pradesh,Ntr,Reddigudem,Kudapa
Andhra Pradesh,Ntr,Reddigudem,Kunaparajuparva
Andhra Pradesh,Ntr,Reddigudem,Maddulaparva
Andhra Pradesh,Ntr,Reddigudem,Mutchinapalle
Andhra Pradesh,Ntr,Reddigudem,Naguluru
Andhra Pradesh,Ntr,Reddigudem,Narukullapadu
Andhra Pradesh,Ntr,Reddigudem,Patha Naguluru
Andhra Pradesh,Ntr,Reddigudem,Rangapuram
Andhra Pradesh,Ntr,Reddigudem,Reddigudem
Andhra Pradesh,Ntr,Reddigudem,Rudravaram
Andhra Pradesh,Ntr,Tiruvuru,Akkapalem
Andhra Pradesh,Ntr,Tiruvuru,Anjaneyapuram
Andhra Pradesh,Ntr,Tiruvuru,Chintalapadu
Andhra Pradesh,Ntr,Tiruvuru,Chittela
Andhra Pradesh,Ntr,Tiruvuru,Erramadu
Andhra Pradesh,Ntr,Tiruvuru,Ganugapadu
Andhra Pradesh,Ntr,Tiruvuru,Kakarla
Andhra Pradesh,Ntr,Tiruvuru,Kokilampadu
Andhra Pradesh,Ntr,Tiruvuru,Laxmipuram
Andhra Pradesh,Ntr,Tiruvuru,Mallela
Andhra Pradesh,Ntr,Tiruvuru,Munukulla
Andhra Pradesh,Ntr,Tiruvuru,Mustikuntla
Andhra Pradesh,Ntr,Tiruvuru,Nadim Tiruvuru (Ct)
Andhra Pradesh,Ntr,Tiruvuru,Patha Tiruvuru
Andhra Pradesh,Ntr,Tiruvuru,Peddavaram
Andhra Pradesh,Ntr,Tiruvuru,Rajupeta
Andhra Pradesh,Ntr,Tiruvuru,Ramannapalem
Andhra Pradesh,Ntr,Tiruvuru,Rolupadi
Andhra Pradesh,Ntr,Tiruvuru,Vamakuntla
Andhra Pradesh,Ntr,Tiruvuru,Vavilala
Andhra Pradesh,Ntr,Vatsavai,Allurupadu
Andhra Pradesh,Ntr,Vatsavai,Bhimavaram
Andhra Pradesh,Ntr,Vatsavai,China Modugapalle
Andhra Pradesh,Ntr,Vatsavai,Chittela
Andhra Pradesh,Ntr,Vatsavai,Dabbakupalle
Andhra Pradesh,Ntr,Vatsavai,Dechupalem
Andhra Pradesh,Ntr,Vatsavai,Gangavalli
Andhra Pradesh,Ntr,Vatsavai,Gopinenipalem
Andhra Pradesh,Ntr,Vatsavai,Hasanabada
Andhra Pradesh,Ntr,Vatsavai,Indugapalle
Andhra Pradesh,Ntr,Vatsavai,Kakaravai
Andhra Pradesh,Ntr,Vatsavai,Kambampadu
Andhra Pradesh,Ntr,Vatsavai,Kanneveedu
Andhra Pradesh,Ntr,Vatsavai,Lingala
Andhra Pradesh,Ntr,Vatsavai,Machinenipalem
Andhra Pradesh,Ntr,Vatsavai,Makkapeta
Andhra Pradesh,Ntr,Vatsavai,Mangollu
Andhra Pradesh,Ntr,Vatsavai,Peda Modugapalle
Andhra Pradesh,Ntr,Vatsavai,Pochavaram
Andhra Pradesh,Ntr,Vatsavai,Polampalle
Andhra Pradesh,Ntr,Vatsavai,Rebbavaram
Andhra Pradesh,Ntr,Vatsavai,Talluru
Andhra Pradesh,Ntr,Vatsavai,Vatsavai
Andhra Pradesh,Ntr,Vatsavai,Veerabhadrunipalem
Andhra Pradesh,Ntr,Vatsavai,Vemavaram
Andhra Pradesh,Ntr,Vatsavai,Vemulanarva
Andhra Pradesh,Ntr,Veerullapadu,Alluru
Andhra Pradesh,Ntr,Veerullapadu,Bodavada
Andhra Pradesh,Ntr,Veerullapadu,Chattannavaram
Andhra Pradesh,Ntr,Veerullapadu,Chavatapalle
Andhra Pradesh,Ntr,Veerullapadu,Chennaraopalem
Andhra Pradesh,Ntr,Veerullapadu,Dachavaram
Andhra Pradesh,Ntr,Veerullapadu,Dodda Devarapadu
Andhra Pradesh,Ntr,Veerullapadu,Gokarajupalle
Andhra Pradesh,Ntr,Veerullapadu,Gudem Madhavaram
Andhra Pradesh,Ntr,Veerullapadu,Jagannadhapuram
Andhra Pradesh,Ntr,Veerullapadu,Jammavaram
Andhra Pradesh,Ntr,Veerullapadu,Jayanthi
Andhra Pradesh,Ntr,Veerullapadu,Jujjuru
Andhra Pradesh,Ntr,Veerullapadu,Konatalapalle
Andhra Pradesh,Ntr,Veerullapadu,Laxmipuram
Andhra Pradesh,Ntr,Veerullapadu,Nandaluru
Andhra Pradesh,Ntr,Veerullapadu,Narasimharaopalem
Andhra Pradesh,Ntr,Veerullapadu,Pallampalle
Andhra Pradesh,Ntr,Veerullapadu,Peddapuram
Andhra Pradesh,Ntr,Veerullapadu,Ponnavaram
Andhra Pradesh,Ntr,Veerullapadu,Ramapuram
Andhra Pradesh,Ntr,Veerullapadu,Tatigummi
Andhra Pradesh,Ntr,Veerullapadu,Thimmapuram
Andhra Pradesh,Ntr,Veerullapadu,Vairidhari Annavaram
Andhra Pradesh,Ntr,Veerullapadu,Veerullapadu
Andhra Pradesh,Ntr,Veerullapadu,Vellanki
Andhra Pradesh,Ntr,Vijayawada Central,Vijayawada Town
Andhra Pradesh,Ntr,Vijayawada East,Gunadala (Part)
Andhra Pradesh,Ntr,Vijayawada East,Mogalrajapuram
Andhra Pradesh,Ntr,Vijayawada East,Patamata
Andhra Pradesh,Ntr,Vijayawada East,Vijayawada Town Portion (Part)
Andhra Pradesh,Ntr,Vijayawada North,Gunadala
Andhra Pradesh,Ntr,Vijayawada North,Machavaram Palem
Andhra Pradesh,Ntr,Vijayawada North,Mutyalampadu
Andhra Pradesh,Ntr,Vijayawada North,Payakapuram
Andhra Pradesh,Ntr,Vijayawada North,Vijayawada Rural
Andhra Pradesh,Ntr,Vijayawada (Rural),Ambapuram (Og)
Andhra Pradesh,Ntr,Vijayawada (Rural),Done Atkuru (Og)
Andhra Pradesh,Ntr,Vijayawada (Rural),Enikepadu (Og)
Andhra Pradesh,Ntr,Vijayawada (Rural),Gollapudi (Og)
Andhra Pradesh,Ntr,Vijayawada (Rural),Gudavalli
Andhra Pradesh,Ntr,Vijayawada (Rural),Jakkampudi (Og)
Andhra Pradesh,Ntr,Vijayawada (Rural),Kotturu
Andhra Pradesh,Ntr,Vijayawada (Rural),Kundha Vari Kandrika
Andhra Pradesh,Ntr,Vijayawada (Rural),Nidamanuru (Og)
Andhra Pradesh,Ntr,Vijayawada (Rural),Nunna (Og)
Andhra Pradesh,Ntr,Vijayawada (Rural),Paidurupadu
Andhra Pradesh,Ntr,Vijayawada (Rural),Pathapadu (Og)
Andhra Pradesh,Ntr,Vijayawada (Rural),Phiryadi Nainavaram (Og)
Andhra Pradesh,Ntr,Vijayawada (Rural),Prasadampadu (Ct)
Andhra Pradesh,Ntr,Vijayawada (Rural),Ramavarappadu (Ct)
Andhra Pradesh,Ntr,Vijayawada (Rural),Rayanapadu
Andhra Pradesh,Ntr,Vijayawada (Rural),Shabada
Andhra Pradesh,Ntr,Vijayawada (Rural),Tadepalle
Andhra Pradesh,Ntr,Vijayawada (Rural),Vemavaram
Andhra Pradesh,Ntr,Vijayawada West,Bhavanipuram
Andhra Pradesh,Ntr,Vijayawada West,Vidhyadaharapuram
Andhra Pradesh,Ntr,Vijayawada West,Vijayawada Town Portion (Part)
Andhra Pradesh,Ntr,Vijayawada West,Vijayawada Village Portion (Part)
Andhra Pradesh,Ntr,Vissannapeta,Chandrupatla
Andhra Pradesh,Ntr,Vissannapeta,Kalagara
Andhra Pradesh,Ntr,Vissannapeta,Kondaparva
Andhra Pradesh,Ntr,Vissannapeta,Korlamanda
Andhra Pradesh,Ntr,Vissannapeta,Narasapuram
Andhra Pradesh,Ntr,Vissannapeta,Putrela
Andhra Pradesh,Ntr,Vissannapeta,Tata Kuntla
Andhra Pradesh,Ntr,Vissannapeta,Tella Devarapalle
Andhra Pradesh,Ntr,Vissannapeta,Vemireddipalle
Andhra Pradesh,Ntr,Vissannapeta,Vissannapet
Andhra Pradesh,Palnadu,Amaravathi,Amaravathi
Andhra Pradesh,Palnadu,Amaravathi,Attalur
Andhra Pradesh,Palnadu,Amaravathi,Dharanikota
Andhra Pradesh,Palnadu,Amaravathi,Didugu
Andhra Pradesh,Palnadu,Amaravathi,Endroyi
Andhra Pradesh,Palnadu,Amaravathi,Jupudi
Andhra Pradesh,Palnadu,Amaravathi,Karlapudi
Andhra Pradesh,Palnadu,Amaravathi,Lingapuram
Andhra Pradesh,Palnadu,Amaravathi,Malladi
Andhra Pradesh,Palnadu,Amaravathi,Munugodu
Andhra Pradesh,Palnadu,Amaravathi,Narukullapadu
Andhra Pradesh,Palnadu,Amaravathi,Nemalikallu
Andhra Pradesh,Palnadu,Amaravathi,Pedda Madduru
Andhra Pradesh,Palnadu,Amaravathi,Pondugala
Andhra Pradesh,Palnadu,Amaravathi,Puttipadu
Andhra Pradesh,Palnadu,Amaravathi,Unguturu
Andhra Pradesh,Palnadu,Amaravathi,Vykuntapuram
Andhra Pradesh,Palnadu,Atchampet,Ambadipudi
Andhra Pradesh,Palnadu,Atchampet,Challagariga
Andhra Pradesh,Palnadu,Atchampet,Chamarru
Andhra Pradesh,Palnadu,Atchampet,Chigurupadu
Andhra Pradesh,Palnadu,Atchampet,Chintapalle
Andhra Pradesh,Palnadu,Atchampet,Ginjupalle
Andhra Pradesh,Palnadu,Atchampet,Kastala Agraharam
Andhra Pradesh,Palnadu,Atchampet,Kogantivaripalem
Andhra Pradesh,Palnadu,Atchampet,Konduru
Andhra Pradesh,Palnadu,Atchampet,Konuru
Andhra Pradesh,Palnadu,Atchampet,Madipadu Agraharam
Andhra Pradesh,Palnadu,Atchampet,Madipadu Seri
Andhra Pradesh,Palnadu,Atchampet,Mittapalem
Andhra Pradesh,Palnadu,Atchampet,Orvakallu
Andhra Pradesh,Palnadu,Atchampet,Pedapalem
Andhra Pradesh,Palnadu,Atchampet,Taduvoy
Andhra Pradesh,Palnadu,Atchampet,Tallacheruvu
Andhra Pradesh,Palnadu,Atchampet,Velpuru
Andhra Pradesh,Palnadu,Bellamkonda,Bellamkonda
Andhra Pradesh,Palnadu,Bellamkonda,Bodanam
Andhra Pradesh,Palnadu,Bellamkonda,Chandrajupalem
Andhra Pradesh,Palnadu,Bellamkonda,Chityala
Andhra Pradesh,Palnadu,Bellamkonda,Emmajigudem
Andhra Pradesh,Palnadu,Bellamkonda,Kethavaram
Andhra Pradesh,Palnadu,Bellamkonda,Kolluru
Andhra Pradesh,Palnadu,Bellamkonda,Machayapalem
Andhra Pradesh,Palnadu,Bellamkonda,Mannesultanpalem
Andhra Pradesh,Palnadu,Bellamkonda,Papayapalem
Andhra Pradesh,Palnadu,Bellamkonda,Pulichinta
Andhra Pradesh,Palnadu,Bellamkonda,Vannayapalem
Andhra Pradesh,Palnadu,Bellamkonda,Venkatayapalem
Andhra Pradesh,Palnadu,Bollapalli,Ayyannapalem
Andhra Pradesh,Palnadu,Bollapalli,Bollapalle
Andhra Pradesh,Palnadu,Bollapalli,Gandiganumala
Andhra Pradesh,Palnadu,Bollapalli,Garikapadu
Andhra Pradesh,Palnadu,Bollapalli,Gummanampadu
Andhra Pradesh,Palnadu,Bollapalli,Gutlapalle
Andhra Pradesh,Palnadu,Bollapalli,Kanumalacheruvu
Andhra Pradesh,Palnadu,Bollapalli,Mellavagu
Andhra Pradesh,Palnadu,Bollapalli,Perurupadu
Andhra Pradesh,Palnadu,Bollapalli,Ravulapuram
Andhra Pradesh,Palnadu,Bollapalli,Remidicherla
Andhra Pradesh,Palnadu,Bollapalli,Sarikondapalem
Andhra Pradesh,Palnadu,Bollapalli,Vaddemgunta
Andhra Pradesh,Palnadu,Bollapalli,Vellatur
Andhra Pradesh,Palnadu,Chilakaluripet H/O.Purushotha Patnam,Boppudi
Andhra Pradesh,Palnadu,Chilakaluripet H/O.Purushotha Patnam,Chinna Pasumarru
Andhra Pradesh,Palnadu,Chilakaluripet H/O.Purushotha Patnam,Edavalli
Andhra Pradesh,Palnadu,Chilakaluripet H/O.Purushotha Patnam,Gottipadu
Andhra Pradesh,Palnadu,Chilakaluripet H/O.Purushotha Patnam,Govindapuram
Andhra Pradesh,Palnadu,Chilakaluripet H/O.Purushotha Patnam,Kanthetivari Khandrika
Andhra Pradesh,Palnadu,Chilakaluripet H/O.Purushotha Patnam,Kavuru
Andhra Pradesh,Palnadu,Chilakaluripet H/O.Purushotha Patnam,Kukkapallevaripalem
Andhra Pradesh,Palnadu,Chilakaluripet H/O.Purushotha Patnam,Manukondavaripalem
Andhra Pradesh,Palnadu,Chilakaluripet H/O.Purushotha Patnam,Murikipudi
Andhra Pradesh,Palnadu,Chilakaluripet H/O.Purushotha Patnam,Pasumarru (R)
Andhra Pradesh,Palnadu,Chilakaluripet H/O.Purushotha Patnam,Pothavaram
Andhra Pradesh,Palnadu,Chilakaluripet H/O.Purushotha Patnam,Purushothapatnam
Andhra Pradesh,Palnadu,Chilakaluripet H/O.Purushotha Patnam,Rajapeta
Andhra Pradesh,Palnadu,Chilakaluripet H/O.Purushotha Patnam,Thatapudi
Andhra Pradesh,Palnadu,Chilakaluripet H/O.Purushotha Patnam,Veluru
Andhra Pradesh,Palnadu,Dachepalli,Alugumallipadu
Andhra Pradesh,Palnadu,Dachepalli,Bhatrupalem
Andhra Pradesh,Palnadu,Dachepalli,Dachepalle
Andhra Pradesh,Palnadu,Dachepalli,Gamalapadu
Andhra Pradesh,Palnadu,Dachepalli,Kesanapalle
Andhra Pradesh,Palnadu,Dachepalli,Madinapadu
Andhra Pradesh,Palnadu,Dachepalli,Mutyalampadu
Andhra Pradesh,Palnadu,Dachepalli,Nadikudi
Andhra Pradesh,Palnadu,Dachepalli,Pedagarlapadu
Andhra Pradesh,Palnadu,Dachepalli,Pondugula
Andhra Pradesh,Palnadu,Dachepalli,Ramapuram
Andhra Pradesh,Palnadu,Dachepalli,Tangeda
Andhra Pradesh,Palnadu,Durgi,Adigoppula
Andhra Pradesh,Palnadu,Durgi,Atmakur
Andhra Pradesh,Palnadu,Durgi,Darivemula
Andhra Pradesh,Palnadu,Durgi,Dharmavaram
Andhra Pradesh,Palnadu,Durgi,Durgi
Andhra Pradesh,Palnadu,Durgi,Kolagutla
Andhra Pradesh,Palnadu,Durgi,Mutukuru
Andhra Pradesh,Palnadu,Durgi,Nidanampadu
Andhra Pradesh,Palnadu,Durgi,Obulesunipalle
Andhra Pradesh,Palnadu,Durgi,Polepalle
Andhra Pradesh,Palnadu,Edlapadu,Edlapadu
Andhra Pradesh,Palnadu,Edlapadu,Jaladi
Andhra Pradesh,Palnadu,Edlapadu,Karuchola
Andhra Pradesh,Palnadu,Edlapadu,Kondaveedu
Andhra Pradesh,Palnadu,Edlapadu,Marripalem
Andhra Pradesh,Palnadu,Edlapadu,Mydavolu
Andhra Pradesh,Palnadu,Edlapadu,Sandepudi
Andhra Pradesh,Palnadu,Edlapadu,Solasa
Andhra Pradesh,Palnadu,Edlapadu,Thimmapuram
Andhra Pradesh,Palnadu,Edlapadu,Thurlapadu
Andhra Pradesh,Palnadu,Edlapadu,Unnava
Andhra Pradesh,Palnadu,Edlapadu,Vankayalapadu
Andhra Pradesh,Palnadu,Edlapadu,Viswanadhuni Khandrika
Andhra Pradesh,Palnadu,Gurajala,Cherlagudi Padu
Andhra Pradesh,Palnadu,Gurajala,Daida
Andhra Pradesh,Palnadu,Gurajala,Gangavaram
Andhra Pradesh,Palnadu,Gurajala,Gogulapadu
Andhra Pradesh,Palnadu,Gurajala,Gottimukkala
Andhra Pradesh,Palnadu,Gurajala,Gurazala
Andhra Pradesh,Palnadu,Gurajala,Madugula
Andhra Pradesh,Palnadu,Gurajala,Pallegunta
Andhra Pradesh,Palnadu,Gurajala,Pulipadu
Andhra Pradesh,Palnadu,Gurajala,Telukutla
Andhra Pradesh,Palnadu,Ipuru,Agnigundala
Andhra Pradesh,Palnadu,Ipuru,Angalur
Andhra Pradesh,Palnadu,Ipuru,Bommarajupalle
Andhra Pradesh,Palnadu,Ipuru,Chittapuram
Andhra Pradesh,Palnadu,Ipuru,Dasullapalle
Andhra Pradesh,Palnadu,Ipuru,Gundepalle
Andhra Pradesh,Palnadu,Ipuru,Inumella
Andhra Pradesh,Palnadu,Ipuru,Ipur
Andhra Pradesh,Palnadu,Ipuru,Kondayapalem
Andhra Pradesh,Palnadu,Ipuru,Kondramutla
Andhra Pradesh,Palnadu,Ipuru,Kotcherla
Andhra Pradesh,Palnadu,Ipuru,Muppalla
Andhra Pradesh,Palnadu,Ipuru,Vanikunta
Andhra Pradesh,Palnadu,Karempudi,Chinagarlapadu
Andhra Pradesh,Palnadu,Karempudi,China Kodamagundla
Andhra Pradesh,Palnadu,Karempudi,Chintapalle
Andhra Pradesh,Palnadu,Karempudi,Karempudi
Andhra Pradesh,Palnadu,Karempudi,Miriyala
Andhra Pradesh,Palnadu,Karempudi,Narmalapadu
Andhra Pradesh,Palnadu,Karempudi,Peda Kodamagundla
Andhra Pradesh,Palnadu,Karempudi,Petasannigandla
Andhra Pradesh,Palnadu,Karempudi,Sankarapuram Siddhayi
Andhra Pradesh,Palnadu,Karempudi,Singarutla
Andhra Pradesh,Palnadu,Karempudi,Veeralakshmi Puram
Andhra Pradesh,Palnadu,Karempudi,Voppicherla
Andhra Pradesh,Palnadu,Krosuru,Ananthavaram
Andhra Pradesh,Palnadu,Krosuru,Andukuru
Andhra Pradesh,Palnadu,Krosuru,Balemarru
Andhra Pradesh,Palnadu,Krosuru,Bayyavaram
Andhra Pradesh,Palnadu,Krosuru,Dodleru
Andhra Pradesh,Palnadu,Krosuru,Garikapadu
Andhra Pradesh,Palnadu,Krosuru,Gudipadu
Andhra Pradesh,Palnadu,Krosuru,Hassanbada
Andhra Pradesh,Palnadu,Krosuru,Krosuru
Andhra Pradesh,Palnadu,Krosuru,Parupalle
Andhra Pradesh,Palnadu,Krosuru,Peesapadu
Andhra Pradesh,Palnadu,Krosuru,Thalluru
Andhra Pradesh,Palnadu,Krosuru,Vipparla
Andhra Pradesh,Palnadu,Krosuru,Vutukuru
Andhra Pradesh,Palnadu,Krosuru,Vuyyandana
Andhra Pradesh,Palnadu,Machavaram,Akurajupalle
Andhra Pradesh,Palnadu,Machavaram,Chennayapalem
Andhra Pradesh,Palnadu,Machavaram,Machavaram
Andhra Pradesh,Palnadu,Machavaram,Mallavolu
Andhra Pradesh,Palnadu,Machavaram,Pillutla
Andhra Pradesh,Palnadu,Machavaram,Pinnelli
Andhra Pradesh,Palnadu,Machavaram,Srirukminipuram
Andhra Pradesh,Palnadu,Machavaram,Tadutla
Andhra Pradesh,Palnadu,Machavaram,Vemavaram
Andhra Pradesh,Palnadu,Macherla,Amani Jammala Madaka
Andhra Pradesh,Palnadu,Macherla,Kambhampadu
Andhra Pradesh,Palnadu,Macherla,Koppunur
Andhra Pradesh,Palnadu,Macherla,Kothapalle
Andhra Pradesh,Palnadu,Macherla,Macherla (R)
Andhra Pradesh,Palnadu,Macherla,Mutyalampadu
Andhra Pradesh,Palnadu,Macherla,Nagulavaram
Andhra Pradesh,Palnadu,Macherla,Pasuvemula
Andhra Pradesh,Palnadu,Macherla,Rayavaram
Andhra Pradesh,Palnadu,Macherla,Thallapalle
Andhra Pradesh,Palnadu,Muppalla,Bollavaram
Andhra Pradesh,Palnadu,Muppalla,Dammalapadu
Andhra Pradesh,Palnadu,Muppalla,Dechavarappadu
Andhra Pradesh,Palnadu,Muppalla,Gollapadu
Andhra Pradesh,Palnadu,Muppalla,Lankelakurapadu
Andhra Pradesh,Palnadu,Muppalla,Madala
Andhra Pradesh,Palnadu,Muppalla,Muppalla
Andhra Pradesh,Palnadu,Muppalla,Narnepadu
Andhra Pradesh,Palnadu,Muppalla,Palidevarlapadu
Andhra Pradesh,Palnadu,Muppalla,Thondapi
Andhra Pradesh,Palnadu,Nadendla,Chandavaram
Andhra Pradesh,Palnadu,Nadendla,Chirumamilla
Andhra Pradesh,Palnadu,Nadendla,Ganapavaram
Andhra Pradesh,Palnadu,Nadendla,Gorijavolu
Andhra Pradesh,Palnadu,Nadendla,Irlapadu
Andhra Pradesh,Palnadu,Nadendla,Kanuparru
Andhra Pradesh,Palnadu,Nadendla,Nadendla
Andhra Pradesh,Palnadu,Nadendla,Nuzellapalli Agraharam
Andhra Pradesh,Palnadu,Nadendla,Sankurathripadu
Andhra Pradesh,Palnadu,Nadendla,Satuluru
Andhra Pradesh,Palnadu,Nadendla,Tubadu
Andhra Pradesh,Palnadu,Narasaraopet,Dondapadu Agraharam
Andhra Pradesh,Palnadu,Narasaraopet,Ellamanda
Andhra Pradesh,Palnadu,Narasaraopet,Guntagarlapadu
Andhra Pradesh,Palnadu,Narasaraopet,Ikkurru
Andhra Pradesh,Palnadu,Narasaraopet,Jonnalagadda
Andhra Pradesh,Palnadu,Narasaraopet,Kakani
Andhra Pradesh,Palnadu,Narasaraopet,Kesanapalle
Andhra Pradesh,Palnadu,Narasaraopet,Kondakavuru
Andhra Pradesh,Palnadu,Narasaraopet,Lingamguntla Agraharam (Part)
Andhra Pradesh,Palnadu,Narasaraopet,Mulakalur
Andhra Pradesh,Palnadu,Narasaraopet,Narasaraopeta (R) (Part)
Andhra Pradesh,Palnadu,Narasaraopet,Palapadu
Andhra Pradesh,Palnadu,Narasaraopet,Pamidipadu Agraharam
Andhra Pradesh,Palnadu,Narasaraopet,Petlurivaripalem
Andhra Pradesh,Palnadu,Narasaraopet,Pothavarappadu
Andhra Pradesh,Palnadu,Narasaraopet,Ravipadu
Andhra Pradesh,Palnadu,Narasaraopet,Uppalapadu
Andhra Pradesh,Palnadu,Nekarikallu,Chagallu
Andhra Pradesh,Palnadu,Nekarikallu,Challagundla
Andhra Pradesh,Palnadu,Nekarikallu,Cheemalamarri
Andhra Pradesh,Palnadu,Nekarikallu,Chejerla
Andhra Pradesh,Palnadu,Nekarikallu,Gundlapalle
Andhra Pradesh,Palnadu,Nekarikallu,Kunkalagunta
Andhra Pradesh,Palnadu,Nekarikallu,Narasingapadu
Andhra Pradesh,Palnadu,Nekarikallu,Nekarikallu
Andhra Pradesh,Palnadu,Nekarikallu,Rupenaguntla
Andhra Pradesh,Palnadu,Nekarikallu,Tripurapuram
Andhra Pradesh,Palnadu,Nuzendla,Chintala Cheruvu
Andhra Pradesh,Palnadu,Nuzendla,Inavolu
Andhra Pradesh,Palnadu,Nuzendla,Khambhampadu
Andhra Pradesh,Palnadu,Nuzendla,Kondraprolu
Andhra Pradesh,Palnadu,Nuzendla,Mukkellapadu
Andhra Pradesh,Palnadu,Nuzendla,Mulakalur
Andhra Pradesh,Palnadu,Nuzendla,Murthuzapuram
Andhra Pradesh,Palnadu,Nuzendla,Nuzendla
Andhra Pradesh,Palnadu,Nuzendla,Pamidipadu
Andhra Pradesh,Palnadu,Nuzendla,Peddavaram
Andhra Pradesh,Palnadu,Nuzendla,Putchanuthala
Andhra Pradesh,Palnadu,Nuzendla,Puvvada
Andhra Pradesh,Palnadu,Nuzendla,Talarlapalle
Andhra Pradesh,Palnadu,Nuzendla,T.Annavaram
Andhra Pradesh,Palnadu,Nuzendla,Tellabadu
Andhra Pradesh,Palnadu,Nuzendla,Thangirala
Andhra Pradesh,Palnadu,Nuzendla,Thimmapuram
Andhra Pradesh,Palnadu,Nuzendla,Tripurapuram
Andhra Pradesh,Palnadu,Nuzendla,Uppalapadu
Andhra Pradesh,Palnadu,Nuzendla,V.Appapuram
Andhra Pradesh,Palnadu,Pedakurapadu,75-Tyallur
Andhra Pradesh,Palnadu,Pedakurapadu,Balusupadu
Andhra Pradesh,Palnadu,Pedakurapadu,Chinamakkena
Andhra Pradesh,Palnadu,Pedakurapadu,Garapadu
Andhra Pradesh,Palnadu,Pedakurapadu,Hussainnagaram
Andhra Pradesh,Palnadu,Pedakurapadu,Jalalpuram
Andhra Pradesh,Palnadu,Pedakurapadu,Kambhampadu
Andhra Pradesh,Palnadu,Pedakurapadu,Kasipadu
Andhra Pradesh,Palnadu,Pedakurapadu,Lagadapadu
Andhra Pradesh,Palnadu,Pedakurapadu,Lingamguntla
Andhra Pradesh,Palnadu,Pedakurapadu,Mussapuram
Andhra Pradesh,Palnadu,Pedakurapadu,Patibandla
Andhra Pradesh,Palnadu,Pedakurapadu,Pedakurapadu
Andhra Pradesh,Palnadu,Pedakurapadu,Ramapuram
Andhra Pradesh,Palnadu,Piduguralla,China Agraharam
Andhra Pradesh,Palnadu,Piduguralla,Guttikonda
Andhra Pradesh,Palnadu,Piduguralla,Janapadu
Andhra Pradesh,Palnadu,Piduguralla,Julakallu
Andhra Pradesh,Palnadu,Piduguralla,Kamepalle
Andhra Pradesh,Palnadu,Piduguralla,Karalapadu
Andhra Pradesh,Palnadu,Piduguralla,Konanki
Andhra Pradesh,Palnadu,Piduguralla,Peda Agraharam
Andhra Pradesh,Palnadu,Piduguralla,Piduguralla
Andhra Pradesh,Palnadu,Piduguralla,Thummalacheruvu
Andhra Pradesh,Palnadu,Rajupalem,Balijepalle
Andhra Pradesh,Palnadu,Rajupalem,Chowtapapayapalem
Andhra Pradesh,Palnadu,Rajupalem,Ganapavaram
Andhra Pradesh,Palnadu,Rajupalem,Kubadpuram
Andhra Pradesh,Palnadu,Rajupalem,Nemalipuri
Andhra Pradesh,Palnadu,Rajupalem,Rajupalem
Andhra Pradesh,Palnadu,Rajupalem,Reddigudem
Andhra Pradesh,Palnadu,Rajupalem,Uppalapadu
Andhra Pradesh,Palnadu,Rentachintala,Damarapadu
Andhra Pradesh,Palnadu,Rentachintala,Goli
Andhra Pradesh,Palnadu,Rentachintala,Mallavaram
Andhra Pradesh,Palnadu,Rentachintala,Manchikallu
Andhra Pradesh,Palnadu,Rentachintala,Mittagudipadu
Andhra Pradesh,Palnadu,Rentachintala,Paluvoi
Andhra Pradesh,Palnadu,Rentachintala,Pasarlapadu
Andhra Pradesh,Palnadu,Rentachintala,Rentachintala
Andhra Pradesh,Palnadu,Rentachintala,Rentala
Andhra Pradesh,Palnadu,Rentachintala,Tummurkota
Andhra Pradesh,Palnadu,Rompicharla,Alavala
Andhra Pradesh,Palnadu,Rompicharla,Annavaram
Andhra Pradesh,Palnadu,Rompicharla,Annavarappadu
Andhra Pradesh,Palnadu,Rompicharla,Arepalli Agraharam
Andhra Pradesh,Palnadu,Rompicharla,Dasaripalem
Andhra Pradesh,Palnadu,Rompicharla,Gogulapadu
Andhra Pradesh,Palnadu,Rompicharla,Machavaram
Andhra Pradesh,Palnadu,Rompicharla,Muthanapalli
Andhra Pradesh,Palnadu,Rompicharla,Nallagarlapadu
Andhra Pradesh,Palnadu,Rompicharla,Rompicherla
Andhra Pradesh,Palnadu,Rompicharla,Santhagudipadu
Andhra Pradesh,Palnadu,Rompicharla,Thurumella
Andhra Pradesh,Palnadu,Rompicharla,Vipparla
Andhra Pradesh,Palnadu,Rompicharla,Vipparlapalle Agraharam
Andhra Pradesh,Palnadu,Sattenapalli,Abburu
Andhra Pradesh,Palnadu,Sattenapalli,Bhatlur
Andhra Pradesh,Palnadu,Sattenapalli,Bhimavaram
Andhra Pradesh,Palnadu,Sattenapalli,Bhrugubanda
Andhra Pradesh,Palnadu,Sattenapalli,Dhulipalla
Andhra Pradesh,Palnadu,Sattenapalli,Gorantla
Andhra Pradesh,Palnadu,Sattenapalli,Gudipudi
Andhra Pradesh,Palnadu,Sattenapalli,Kankanalapalle
Andhra Pradesh,Palnadu,Sattenapalli,Kantepudi
Andhra Pradesh,Palnadu,Sattenapalli,Kattamuru
Andhra Pradesh,Palnadu,Sattenapalli,Komerapudi
Andhra Pradesh,Palnadu,Sattenapalli,Lakkarajugarlapadu
Andhra Pradesh,Palnadu,Sattenapalli,Nandigama
Andhra Pradesh,Palnadu,Sattenapalli,Pakalapadu
Andhra Pradesh,Palnadu,Sattenapalli,Panidem
Andhra Pradesh,Palnadu,Sattenapalli,Pedamakkena
Andhra Pradesh,Palnadu,Sattenapalli,Rentapalla
Andhra Pradesh,Palnadu,Sattenapalli,Sattenapalle Urban
Andhra Pradesh,Palnadu,Sattenapalli,Vaddavalli
Andhra Pradesh,Palnadu,Savalyapuram H/O Kanamarlapudi,Kanumarlapudi
Andhra Pradesh,Palnadu,Savalyapuram H/O Kanamarlapudi,Karumanchi
Andhra Pradesh,Palnadu,Savalyapuram H/O Kanamarlapudi,Kothalur
Andhra Pradesh,Palnadu,Savalyapuram H/O Kanamarlapudi,Pitchikalapalem
Andhra Pradesh,Palnadu,Savalyapuram H/O Kanamarlapudi,Potluru
Andhra Pradesh,Palnadu,Savalyapuram H/O Kanamarlapudi,Sanampudi
Andhra Pradesh,Palnadu,Savalyapuram H/O Kanamarlapudi,Velupuru
Andhra Pradesh,Palnadu,Veldurthy,Gottipalla
Andhra Pradesh,Palnadu,Veldurthy,Gundlapadu
Andhra Pradesh,Palnadu,Veldurthy,Kandlakunta
Andhra Pradesh,Palnadu,Veldurthy,Mandadi
Andhra Pradesh,Palnadu,Veldurthy,Patlaveedu
Andhra Pradesh,Palnadu,Veldurthy,Rachamallipadu
Andhra Pradesh,Palnadu,Veldurthy,Srigiripadu
Andhra Pradesh,Palnadu,Veldurthy,Uppalapadu
Andhra Pradesh,Palnadu,Veldurthy,Veldurthi
Andhra Pradesh,Palnadu,Vinukonda,Andugulapadu
Andhra Pradesh,Palnadu,Vinukonda,Brahmanapalle (Part)
Andhra Pradesh,Palnadu,Vinukonda,Chowtapalem
Andhra Pradesh,Palnadu,Vinukonda,Dondapadu
Andhra Pradesh,Palnadu,Vinukonda,Enugupalem
Andhra Pradesh,Palnadu,Vinukonda,Gokanakonda
Andhra Pradesh,Palnadu,Vinukonda,Koppukonda
Andhra Pradesh,Palnadu,Vinukonda,Madamanchipadu
Andhra Pradesh,Palnadu,Vinukonda,Nagulavaram
Andhra Pradesh,Palnadu,Vinukonda,Naragayapalem
Andhra Pradesh,Palnadu,Vinukonda,Narasarayanipalem
Andhra Pradesh,Palnadu,Vinukonda,Nayanipalem
Andhra Pradesh,Palnadu,Vinukonda,Neelagangavaram
Andhra Pradesh,Palnadu,Vinukonda,Pedakancherla
Andhra Pradesh,Palnadu,Vinukonda,Perumallapalle
Andhra Pradesh,Palnadu,Vinukonda,Settupalle
Andhra Pradesh,Palnadu,Vinukonda,Sivapuram
Andhra Pradesh,Palnadu,Vinukonda,Surepalle
Andhra Pradesh,Palnadu,Vinukonda,Thimmayapalem
Andhra Pradesh,Palnadu,Vinukonda,Ummadivaram
Andhra Pradesh,Palnadu,Vinukonda,Venkupalem
Andhra Pradesh,Palnadu,Vinukonda,Vinukonda R
Andhra Pradesh,Palnadu,Vinukonda,Vittamrajupalle
Andhra Pradesh,Parvathipuram Manyam,Balijipeta,Ajjada
Andhra Pradesh,Parvathipuram Manyam,Balijipeta,Ampavilli
Andhra Pradesh,Parvathipuram Manyam,Balijipeta,Arasada
Andhra Pradesh,Parvathipuram Manyam,Balijipeta,Badevalasa
Andhra Pradesh,Parvathipuram Manyam,Balijipeta,Barli
Andhra Pradesh,Parvathipuram Manyam,Balijipeta,Bhairipuram
Andhra Pradesh,Parvathipuram Manyam,Balijipeta,Chakarapalle
Andhra Pradesh,Parvathipuram Manyam,Balijipeta,Chellimpeta
Andhra Pradesh,Parvathipuram Manyam,Balijipeta,Chilkalapalle
Andhra Pradesh,Parvathipuram Manyam,Balijipeta,Galavilli
Andhra Pradesh,Parvathipuram Manyam,Balijipeta,Gangada
Andhra Pradesh,Parvathipuram Manyam,Balijipeta,Gowripuram
Andhra Pradesh,Parvathipuram Manyam,Balijipeta,Gudivada Agraharam
Andhra Pradesh,Parvathipuram Manyam,Balijipeta,Janardhanapuram
Andhra Pradesh,Parvathipuram Manyam,Balijipeta,Kondapuram
Andhra Pradesh,Parvathipuram Manyam,Balijipeta,Kurmanadhapuram
Andhra Pradesh,Parvathipuram Manyam,Balijipeta,Mirthivalasa
Andhra Pradesh,Parvathipuram Manyam,Balijipeta,Muragadam
Andhra Pradesh,Parvathipuram Manyam,Balijipeta,Narampeta
Andhra Pradesh,Parvathipuram Manyam,Balijipeta,Narannaiduvalasa
Andhra Pradesh,Parvathipuram Manyam,Balijipeta,Narayanapuram
Andhra Pradesh,Parvathipuram Manyam,Balijipeta,Nookalavada
Andhra Pradesh,Parvathipuram Manyam,Balijipeta,Padamayavalasa
Andhra Pradesh,Parvathipuram Manyam,Balijipeta,Palagara
Andhra Pradesh,Parvathipuram Manyam,Balijipeta,Panukuvalasa (Near) Arasada
Andhra Pradesh,Parvathipuram Manyam,Balijipeta,Pedapenki
Andhra Pradesh,Parvathipuram Manyam,Balijipeta,Peddimpeta
Andhra Pradesh,Parvathipuram Manyam,Balijipeta,Rangasaipuram
Andhra Pradesh,Parvathipuram Manyam,Balijipeta,Sivarampuram
Andhra Pradesh,Parvathipuram Manyam,Balijipeta,Sri Rangaraja Puram
Andhra Pradesh,Parvathipuram Manyam,Balijipeta,Subhadra
Andhra Pradesh,Parvathipuram Manyam,Balijipeta,Tumarada
Andhra Pradesh,Parvathipuram Manyam,Balijipeta,Vantaram
Andhra Pradesh,Parvathipuram Manyam,Balijipeta,Vengalarayapuram
Andhra Pradesh,Parvathipuram Manyam,Balijipeta,Vengapuram
Andhra Pradesh,Parvathipuram Manyam,Bhamini,Battili
Andhra Pradesh,Parvathipuram Manyam,Bhamini,Bhamini
Andhra Pradesh,Parvathipuram Manyam,Bhamini,Bommika
Andhra Pradesh,Parvathipuram Manyam,Bhamini,Burujola
Andhra Pradesh,Parvathipuram Manyam,Bhamini,Chinnadimili
Andhra Pradesh,Parvathipuram Manyam,Bhamini,Dimmidijola
Andhra Pradesh,Parvathipuram Manyam,Bhamini,Ghanasara
Andhra Pradesh,Parvathipuram Manyam,Bhamini,Gurandi
Andhra Pradesh,Parvathipuram Manyam,Bhamini,Kosali
Andhra Pradesh,Parvathipuram Manyam,Bhamini,Liviri
Andhra Pradesh,Parvathipuram Manyam,Bhamini,Loharijola
Andhra Pradesh,Parvathipuram Manyam,Bhamini,Maniga
Andhra Pradesh,Parvathipuram Manyam,Bhamini,Manumukonda
Andhra Pradesh,Parvathipuram Manyam,Bhamini,Neradi
Andhra Pradesh,Parvathipuram Manyam,Bhamini,Nulakajodu
Andhra Pradesh,Parvathipuram Manyam,Bhamini,Pakkudibhadra
Andhra Pradesh,Parvathipuram Manyam,Bhamini,Palavalasa
Andhra Pradesh,Parvathipuram Manyam,Bhamini,Pasukudi
Andhra Pradesh,Parvathipuram Manyam,Bhamini,Peddadimili
Andhra Pradesh,Parvathipuram Manyam,Bhamini,Singidi
Andhra Pradesh,Parvathipuram Manyam,Bhamini,Solikiri
Andhra Pradesh,Parvathipuram Manyam,Bhamini,Vaddangi
Andhra Pradesh,Parvathipuram Manyam,Garugubilli,Burada Venkatapuram
Andhra Pradesh,Parvathipuram Manyam,Garugubilli,Chilakam
Andhra Pradesh,Parvathipuram Manyam,Garugubilli,Chinagudaba
Andhra Pradesh,Parvathipuram Manyam,Garugubilli,Dalaivalasa
Andhra Pradesh,Parvathipuram Manyam,Garugubilli,Gadabavalasa Gangarajapuram
Andhra Pradesh,Parvathipuram Manyam,Garugubilli,Garugubilli
Andhra Pradesh,Parvathipuram Manyam,Garugubilli,Gijaba
Andhra Pradesh,Parvathipuram Manyam,Garugubilli,Gottivalasa
Andhra Pradesh,Parvathipuram Manyam,Garugubilli,Hikkimvalasa
Andhra Pradesh,Parvathipuram Manyam,Garugubilli,Konkadivaram
Andhra Pradesh,Parvathipuram Manyam,Garugubilli,Kothapalle
Andhra Pradesh,Parvathipuram Manyam,Garugubilli,Kothuru
Andhra Pradesh,Parvathipuram Manyam,Garugubilli,Lakhanapuram
Andhra Pradesh,Parvathipuram Manyam,Garugubilli,Markondaputti
Andhra Pradesh,Parvathipuram Manyam,Garugubilli,Marupenta
Andhra Pradesh,Parvathipuram Manyam,Garugubilli,Naguru
Andhra Pradesh,Parvathipuram Manyam,Garugubilli,Naviri
Andhra Pradesh,Parvathipuram Manyam,Garugubilli,Pedagudaba
Andhra Pradesh,Parvathipuram Manyam,Garugubilli,Pedduru
Andhra Pradesh,Parvathipuram Manyam,Garugubilli,Polinaiduvalasa
Andhra Pradesh,Parvathipuram Manyam,Garugubilli,Ravupalle
Andhra Pradesh,Parvathipuram Manyam,Garugubilli,Rayandoravalasa
Andhra Pradesh,Parvathipuram Manyam,Garugubilli,Sambannavalasa
Andhra Pradesh,Parvathipuram Manyam,Garugubilli,Santhoshapuram
Andhra Pradesh,Parvathipuram Manyam,Garugubilli,Seetharampuram
Andhra Pradesh,Parvathipuram Manyam,Garugubilli,Seetharampuram (Near) Sivvam
Andhra Pradesh,Parvathipuram Manyam,Garugubilli,Sivarampuram (Near) Dalaivalasa
Andhra Pradesh,Parvathipuram Manyam,Garugubilli,Sivaramrajapuram (Near) Pedduru
Andhra Pradesh,Parvathipuram Manyam,Garugubilli,Sivvam
Andhra Pradesh,Parvathipuram Manyam,Garugubilli,Sunki
Andhra Pradesh,Parvathipuram Manyam,Garugubilli,Thotapalle
Andhra Pradesh,Parvathipuram Manyam,Garugubilli,Uddavolu
Andhra Pradesh,Parvathipuram Manyam,Garugubilli,Ullibhadra
Andhra Pradesh,Parvathipuram Manyam,Garugubilli,Vallarigudaba
Andhra Pradesh,Parvathipuram Manyam,Gummalakshmipuram,Addangijangidi Bhadra
Andhra Pradesh,Parvathipuram Manyam,Gummalakshmipuram,Alavadda
Andhra Pradesh,Parvathipuram Manyam,Gummalakshmipuram,Amiti
Andhra Pradesh,Parvathipuram Manyam,Gummalakshmipuram,Atchaba
Andhra Pradesh,Parvathipuram Manyam,Gummalakshmipuram,Babbidi
Andhra Pradesh,Parvathipuram Manyam,Gummalakshmipuram,Balesu
Andhra Pradesh,Parvathipuram Manyam,Gummalakshmipuram,Batugudaba
Andhra Pradesh,Parvathipuram Manyam,Gummalakshmipuram,Bayyada
Andhra Pradesh,Parvathipuram Manyam,Gummalakshmipuram,Beerupadu
Andhra Pradesh,Parvathipuram Manyam,Gummalakshmipuram,Boddidi
Andhra Pradesh,Parvathipuram Manyam,Gummalakshmipuram,Boddidi
Andhra Pradesh,Parvathipuram Manyam,Gummalakshmipuram,Chaparayibinnidi
Andhra Pradesh,Parvathipuram Manyam,Gummalakshmipuram,Chaparayi Jangidibhadra
Andhra Pradesh,Parvathipuram Manyam,Gummalakshmipuram,Chappaguda
Andhra Pradesh,Parvathipuram Manyam,Gummalakshmipuram,Chemuduguda
Andhra Pradesh,Parvathipuram Manyam,Gummalakshmipuram,Chinageesada
Andhra Pradesh,Parvathipuram Manyam,Gummalakshmipuram,Chinaravikona
Andhra Pradesh,Parvathipuram Manyam,Gummalakshmipuram,Chinavankadhara
Andhra Pradesh,Parvathipuram Manyam,Gummalakshmipuram,Chintalapadu
Andhra Pradesh,Parvathipuram Manyam,Gummalakshmipuram,Chorupalle
Andhra Pradesh,Parvathipuram Manyam,Gummalakshmipuram,Dabbaliguda
Andhra Pradesh,Parvathipuram Manyam,Gummalakshmipuram,Diguvaderuvada
Andhra Pradesh,Parvathipuram Manyam,Gummalakshmipuram,Dolukona
Andhra Pradesh,Parvathipuram Manyam,Gummalakshmipuram,Dongurukikkuva
Andhra Pradesh,Parvathipuram Manyam,Gummalakshmipuram,Duddukhallu
Andhra Pradesh,Parvathipuram Manyam,Gummalakshmipuram,Dummangi
Andhra Pradesh,Parvathipuram Manyam,Gummalakshmipuram,Gadivankadhara
Andhra Pradesh,Parvathipuram Manyam,Gummalakshmipuram,Gandra
Andhra Pradesh,Parvathipuram Manyam,Gummalakshmipuram,Gedrajola
Andhra Pradesh,Parvathipuram Manyam,Gummalakshmipuram,Geesada (Pamula)
Andhra Pradesh,Parvathipuram Manyam,Gummalakshmipuram,Goipaka
Andhra Pradesh,Parvathipuram Manyam,Gummalakshmipuram,Gorada
Andhra Pradesh,Parvathipuram Manyam,Gummalakshmipuram,Gorati
Andhra Pradesh,Parvathipuram Manyam,Gummalakshmipuram,Gowduguda
Andhra Pradesh,Parvathipuram Manyam,Gummalakshmipuram,Gullalanka
Andhra Pradesh,Parvathipuram Manyam,Gummalakshmipuram,Gummalakshmipuram
Andhra Pradesh,Parvathipuram Manyam,Gummalakshmipuram,Gunada
Andhra Pradesh,Parvathipuram Manyam,Gummalakshmipuram,Ijjakai
Andhra Pradesh,Parvathipuram Manyam,Gummalakshmipuram,Iridi
Andhra Pradesh,Parvathipuram Manyam,Gummalakshmipuram,Jamitipadu
Andhra Pradesh,Parvathipuram Manyam,Gummalakshmipuram,Japai
Andhra Pradesh,Parvathipuram Manyam,Gummalakshmipuram,Jarna
Andhra Pradesh,Parvathipuram Manyam,Gummalakshmipuram,Jogipuram
Andhra Pradesh,Parvathipuram Manyam,Gummalakshmipuram,Kaligottu
Andhra Pradesh,Parvathipuram Manyam,Gummalakshmipuram,Kaligottu
Andhra Pradesh,Parvathipuram Manyam,Gummalakshmipuram,Kalliti
Andhra Pradesh,Parvathipuram Manyam,Gummalakshmipuram,Kanasingi
Andhra Pradesh,Parvathipuram Manyam,Gummalakshmipuram,Kappakallu
Andhra Pradesh,Parvathipuram Manyam,Gummalakshmipuram,Karlaguda
Andhra Pradesh,Parvathipuram Manyam,Gummalakshmipuram,Kedaripuram
Andhra Pradesh,Parvathipuram Manyam,Gummalakshmipuram,Keesari
Andhra Pradesh,Parvathipuram Manyam,Gummalakshmipuram,Kithalamba
Andhra Pradesh,Parvathipuram Manyam,Gummalakshmipuram,Kondabinnidi
Andhra Pradesh,Parvathipuram Manyam,Gummalakshmipuram,Kondagudaba
Andhra Pradesh,Parvathipuram Manyam,Gummalakshmipuram,Kondakuneru
Andhra Pradesh,Parvathipuram Manyam,Gummalakshmipuram,Kondavada
Andhra Pradesh,Parvathipuram Manyam,Gummalakshmipuram,Kondrukuppa
Andhra Pradesh,Parvathipuram Manyam,Gummalakshmipuram,Kontesu
Andhra Pradesh,Parvathipuram Manyam,Gummalakshmipuram,Kosangibhadra
Andhra Pradesh,Parvathipuram Manyam,Gummalakshmipuram,Kothaguda @ Dabbaliguda
Andhra Pradesh,Parvathipuram Manyam,Gummalakshmipuram,Kothalikkidi
Andhra Pradesh,Parvathipuram Manyam,Gummalakshmipuram,Kudda
Andhra Pradesh,Parvathipuram Manyam,Gummalakshmipuram,Kuddapalavalasa
Andhra Pradesh,Parvathipuram Manyam,Gummalakshmipuram,Kukkidi
Andhra Pradesh,Parvathipuram Manyam,Gummalakshmipuram,Kurasingi
Andhra Pradesh,Parvathipuram Manyam,Gummalakshmipuram,Kusa @ Yadakhallu
Andhra Pradesh,Parvathipuram Manyam,Gummalakshmipuram,Lada
Andhra Pradesh,Parvathipuram Manyam,Gummalakshmipuram,Lakkaguda
Andhra Pradesh,Parvathipuram Manyam,Gummalakshmipuram,Lappiti
Andhra Pradesh,Parvathipuram Manyam,Gummalakshmipuram,Lovalakshmipuram
Andhra Pradesh,Parvathipuram Manyam,Gummalakshmipuram,Lumbesu
Andhra Pradesh,Parvathipuram Manyam,Gummalakshmipuram,Manda @ Diguva Manda
Andhra Pradesh,Parvathipuram Manyam,Gummalakshmipuram,Mangalapuram
Andhra Pradesh,Parvathipuram Manyam,Gummalakshmipuram,Mantrajola
Andhra Pradesh,Parvathipuram Manyam,Gummalakshmipuram,Mulabinnidi @ Mulalikkidi
Andhra Pradesh,Parvathipuram Manyam,Gummalakshmipuram,Mulajammu
Andhra Pradesh,Parvathipuram Manyam,Gummalakshmipuram,Muliguda
Andhra Pradesh,Parvathipuram Manyam,Gummalakshmipuram,Murada
Andhra Pradesh,Parvathipuram Manyam,Gummalakshmipuram,Nellikikkuva
Andhra Pradesh,Parvathipuram Manyam,Gummalakshmipuram,Nigaram
Andhra Pradesh,Parvathipuram Manyam,Gummalakshmipuram,Nondrukona
Andhra Pradesh,Parvathipuram Manyam,Gummalakshmipuram,Nondrukona
Andhra Pradesh,Parvathipuram Manyam,Gummalakshmipuram,Pedakharja
Andhra Pradesh,Parvathipuram Manyam,Gummalakshmipuram,Pedaravikona
Andhra Pradesh,Parvathipuram Manyam,Gummalakshmipuram,Penguva
Andhra Pradesh,Parvathipuram Manyam,Gummalakshmipuram,Pirthani @ Elwinpeta
Andhra Pradesh,Parvathipuram Manyam,Gummalakshmipuram,Pusabadi
Andhra Pradesh,Parvathipuram Manyam,Gummalakshmipuram,Puthikavalasa
Andhra Pradesh,Parvathipuram Manyam,Gummalakshmipuram,Puttajammu
Andhra Pradesh,Parvathipuram Manyam,Gummalakshmipuram,Ranasingi
Andhra Pradesh,Parvathipuram Manyam,Gummalakshmipuram,Rayaganda
Andhra Pradesh,Parvathipuram Manyam,Gummalakshmipuram,Rayaghadajammu
Andhra Pradesh,Parvathipuram Manyam,Gummalakshmipuram,Regidi
Andhra Pradesh,Parvathipuram Manyam,Gummalakshmipuram,Regulapadu
Andhra Pradesh,Parvathipuram Manyam,Gummalakshmipuram,Rella
Andhra Pradesh,Parvathipuram Manyam,Gummalakshmipuram,Sadunuguda
Andhra Pradesh,Parvathipuram Manyam,Gummalakshmipuram,Sambuguda
Andhra Pradesh,Parvathipuram Manyam,Gummalakshmipuram,Savarakotapadu
Andhra Pradesh,Parvathipuram Manyam,Gummalakshmipuram,Sikalabai
Andhra Pradesh,Parvathipuram Manyam,Gummalakshmipuram,Sikharapai
Andhra Pradesh,Parvathipuram Manyam,Gummalakshmipuram,Sirasaram
Andhra Pradesh,Parvathipuram Manyam,Gummalakshmipuram,Sivada Near Kukkidi
Andhra Pradesh,Parvathipuram Manyam,Gummalakshmipuram,Srirangapadu
Andhra Pradesh,Parvathipuram Manyam,Gummalakshmipuram,Tadikonda
Andhra Pradesh,Parvathipuram Manyam,Gummalakshmipuram,Tanku
Andhra Pradesh,Parvathipuram Manyam,Gummalakshmipuram,Tenkasingi
Andhra Pradesh,Parvathipuram Manyam,Gummalakshmipuram,Thatiseela
Andhra Pradesh,Parvathipuram Manyam,Gummalakshmipuram,Tholukharja
Andhra Pradesh,Parvathipuram Manyam,Gummalakshmipuram,Thota
Andhra Pradesh,Parvathipuram Manyam,Gummalakshmipuram,Tikkabai
Andhra Pradesh,Parvathipuram Manyam,Gummalakshmipuram,Tummiguda
Andhra Pradesh,Parvathipuram Manyam,Gummalakshmipuram,Uriti
Andhra Pradesh,Parvathipuram Manyam,Gummalakshmipuram,Vadabai
Andhra Pradesh,Parvathipuram Manyam,Gummalakshmipuram,Vadajangi
Andhra Pradesh,Parvathipuram Manyam,Gummalakshmipuram,Vadaputti
Andhra Pradesh,Parvathipuram Manyam,Gummalakshmipuram,Vallada
Andhra Pradesh,Parvathipuram Manyam,Gummalakshmipuram,Vamasi
Andhra Pradesh,Parvathipuram Manyam,Gummalakshmipuram,Vanakabadi (L.M.)
Andhra Pradesh,Parvathipuram Manyam,Gummalakshmipuram,Vandidi
Andhra Pradesh,Parvathipuram Manyam,Gummalakshmipuram,Vangara
Andhra Pradesh,Parvathipuram Manyam,Gummalakshmipuram,Vappangi
Andhra Pradesh,Parvathipuram Manyam,Gummalakshmipuram,Vathada
Andhra Pradesh,Parvathipuram Manyam,Gummalakshmipuram,Vondrubhangi
Andhra Pradesh,Parvathipuram Manyam,Gummalakshmipuram,Yeguvamanda
Andhra Pradesh,Parvathipuram Manyam,Jiyyammavalasa,Akkandoravalasa
Andhra Pradesh,Parvathipuram Manyam,Jiyyammavalasa,Alamanda
Andhra Pradesh,Parvathipuram Manyam,Jiyyammavalasa,Ankavaram
Andhra Pradesh,Parvathipuram Manyam,Jiyyammavalasa,Arnada
Andhra Pradesh,Parvathipuram Manyam,Jiyyammavalasa,Balleru
Andhra Pradesh,Parvathipuram Manyam,Jiyyammavalasa,Basangi
Andhra Pradesh,Parvathipuram Manyam,Jiyyammavalasa,Batlabhadra
Andhra Pradesh,Parvathipuram Manyam,Jiyyammavalasa,Bitrapadu
Andhra Pradesh,Parvathipuram Manyam,Jiyyammavalasa,Bommika
Andhra Pradesh,Parvathipuram Manyam,Jiyyammavalasa,Bommika Jagannadhapuram
Andhra Pradesh,Parvathipuram Manyam,Jiyyammavalasa,Chandrasekharajapuram
Andhra Pradesh,Parvathipuram Manyam,Jiyyammavalasa,Chinabuddidi
Andhra Pradesh,Parvathipuram Manyam,Jiyyammavalasa,Chinadodija
Andhra Pradesh,Parvathipuram Manyam,Jiyyammavalasa,Chinamerangi
Andhra Pradesh,Parvathipuram Manyam,Jiyyammavalasa,Chintalabelagam
Andhra Pradesh,Parvathipuram Manyam,Jiyyammavalasa,Dakshini
Andhra Pradesh,Parvathipuram Manyam,Jiyyammavalasa,Dangabadra (Near) Arnada
Andhra Pradesh,Parvathipuram Manyam,Jiyyammavalasa,Gadabavalasa
Andhra Pradesh,Parvathipuram Manyam,Jiyyammavalasa,Gadisingupuram
Andhra Pradesh,Parvathipuram Manyam,Jiyyammavalasa,Gangammavalasa
Andhra Pradesh,Parvathipuram Manyam,Jiyyammavalasa,Gavarampeta
Andhra Pradesh,Parvathipuram Manyam,Jiyyammavalasa,Geddatiruvada
Andhra Pradesh,Parvathipuram Manyam,Jiyyammavalasa,Gorli
Andhra Pradesh,Parvathipuram Manyam,Jiyyammavalasa,Gowripuram
Andhra Pradesh,Parvathipuram Manyam,Jiyyammavalasa,Itika
Andhra Pradesh,Parvathipuram Manyam,Jiyyammavalasa,Jiyyammavalasa
Andhra Pradesh,Parvathipuram Manyam,Jiyyammavalasa,Jogirajupeta
Andhra Pradesh,Parvathipuram Manyam,Jiyyammavalasa,Joguladumma
Andhra Pradesh,Parvathipuram Manyam,Jiyyammavalasa,Kannapudora Valasa
Andhra Pradesh,Parvathipuram Manyam,Jiyyammavalasa,Kidigesu
Andhra Pradesh,Parvathipuram Manyam,Jiyyammavalasa,Kondachilakam
Andhra Pradesh,Parvathipuram Manyam,Jiyyammavalasa,Kondanidagallu
Andhra Pradesh,Parvathipuram Manyam,Jiyyammavalasa,Kudama
Andhra Pradesh,Parvathipuram Manyam,Jiyyammavalasa,Kundaratiruvada
Andhra Pradesh,Parvathipuram Manyam,Jiyyammavalasa,Kutampandrasingi
Andhra Pradesh,Parvathipuram Manyam,Jiyyammavalasa,Lakshmipuram (Near) Parajapadu
Andhra Pradesh,Parvathipuram Manyam,Jiyyammavalasa,Lovagangarajapuram
Andhra Pradesh,Parvathipuram Manyam,Jiyyammavalasa,Maruwada
Andhra Pradesh,Parvathipuram Manyam,Jiyyammavalasa,Mokasualluwada
Andhra Pradesh,Parvathipuram Manyam,Jiyyammavalasa,Mokhasaharipuram
Andhra Pradesh,Parvathipuram Manyam,Jiyyammavalasa,Parajapadu
Andhra Pradesh,Parvathipuram Manyam,Jiyyammavalasa,Pedabuddidi
Andhra Pradesh,Parvathipuram Manyam,Jiyyammavalasa,Pedadodija
Andhra Pradesh,Parvathipuram Manyam,Jiyyammavalasa,Pedamerangi
Andhra Pradesh,Parvathipuram Manyam,Jiyyammavalasa,Pedatolumanda
Andhra Pradesh,Parvathipuram Manyam,Jiyyammavalasa,Pippalabadra
Andhra Pradesh,Parvathipuram Manyam,Jiyyammavalasa,Rajayyapeta
Andhra Pradesh,Parvathipuram Manyam,Jiyyammavalasa,Ravada
Andhra Pradesh,Parvathipuram Manyam,Jiyyammavalasa,Sikhabadi
Andhra Pradesh,Parvathipuram Manyam,Jiyyammavalasa,Singanapuram
Andhra Pradesh,Parvathipuram Manyam,Jiyyammavalasa,Sivaramarajapuram
Andhra Pradesh,Parvathipuram Manyam,Jiyyammavalasa,Subadramma Valasa
Andhra Pradesh,Parvathipuram Manyam,Jiyyammavalasa,Surapudoravalasa
Andhra Pradesh,Parvathipuram Manyam,Jiyyammavalasa,Talladumma
Andhra Pradesh,Parvathipuram Manyam,Jiyyammavalasa,Tamarikandijammu
Andhra Pradesh,Parvathipuram Manyam,Jiyyammavalasa,Tumbali
Andhra Pradesh,Parvathipuram Manyam,Jiyyammavalasa,Tummalavalasa
Andhra Pradesh,Parvathipuram Manyam,Jiyyammavalasa,Turakanaiduvalasa
Andhra Pradesh,Parvathipuram Manyam,Komarada,Alluwada
Andhra Pradesh,Parvathipuram Manyam,Komarada,Ankullavalasa
Andhra Pradesh,Parvathipuram Manyam,Komarada,Artham
Andhra Pradesh,Parvathipuram Manyam,Komarada,Baddidi
Andhra Pradesh,Parvathipuram Manyam,Komarada,Banjukuppa
Andhra Pradesh,Parvathipuram Manyam,Komarada,Bedda
Andhra Pradesh,Parvathipuram Manyam,Komarada,Binnidi
Andhra Pradesh,Parvathipuram Manyam,Komarada,Cheedipalle
Andhra Pradesh,Parvathipuram Manyam,Komarada,Chekkavalasa
Andhra Pradesh,Parvathipuram Manyam,Komarada,Chinakherjala
Andhra Pradesh,Parvathipuram Manyam,Komarada,Chinamantikona
Andhra Pradesh,Parvathipuram Manyam,Komarada,Chinapanukuvalasa
Andhra Pradesh,Parvathipuram Manyam,Komarada,Chinasekha
Andhra Pradesh,Parvathipuram Manyam,Komarada,Chollapadam
Andhra Pradesh,Parvathipuram Manyam,Komarada,Dalaipeta
Andhra Pradesh,Parvathipuram Manyam,Komarada,Dangabhadra
Andhra Pradesh,Parvathipuram Manyam,Komarada,Darsingi
Andhra Pradesh,Parvathipuram Manyam,Komarada,Derupadu
Andhra Pradesh,Parvathipuram Manyam,Komarada,Devukona
Andhra Pradesh,Parvathipuram Manyam,Komarada,Devunigumpa
Andhra Pradesh,Parvathipuram Manyam,Komarada,Duggi
Andhra Pradesh,Parvathipuram Manyam,Komarada,Gangareguvalasa
Andhra Pradesh,Parvathipuram Manyam,Komarada,Gorlemma
Andhra Pradesh,Parvathipuram Manyam,Komarada,Guddam
Andhra Pradesh,Parvathipuram Manyam,Komarada,Gujjabadi
Andhra Pradesh,Parvathipuram Manyam,Komarada,Gumada
Andhra Pradesh,Parvathipuram Manyam,Komarada,Gumadangi
Andhra Pradesh,Parvathipuram Manyam,Komarada,Gunadateelesu
Andhra Pradesh,Parvathipuram Manyam,Komarada,Gunanupuram
Andhra Pradesh,Parvathipuram Manyam,Komarada,Jakuru
Andhra Pradesh,Parvathipuram Manyam,Komarada,Jala
Andhra Pradesh,Parvathipuram Manyam,Komarada,Jeemesu
Andhra Pradesh,Parvathipuram Manyam,Komarada,Joppangi
Andhra Pradesh,Parvathipuram Manyam,Komarada,Kallikota
Andhra Pradesh,Parvathipuram Manyam,Komarada,Kambavalasa
Andhra Pradesh,Parvathipuram Manyam,Komarada,Kandivalasa
Andhra Pradesh,Parvathipuram Manyam,Komarada,Kemiseela
Andhra Pradesh,Parvathipuram Manyam,Komarada,Kodulagumpa
Andhra Pradesh,Parvathipuram Manyam,Komarada,Komarada
Andhra Pradesh,Parvathipuram Manyam,Komarada,Komatlapeta
Andhra Pradesh,Parvathipuram Manyam,Komarada,Kona
Andhra Pradesh,Parvathipuram Manyam,Komarada,Konavalasa
Andhra Pradesh,Parvathipuram Manyam,Komarada,Koriseela
Andhra Pradesh,Parvathipuram Manyam,Komarada,Kosu
Andhra Pradesh,Parvathipuram Manyam,Komarada,Kotipam
Andhra Pradesh,Parvathipuram Manyam,Komarada,Kottu
Andhra Pradesh,Parvathipuram Manyam,Komarada,Kummarigunta
Andhra Pradesh,Parvathipuram Manyam,Komarada,Kuneru
Andhra Pradesh,Parvathipuram Manyam,Komarada,Kuntesu
Andhra Pradesh,Parvathipuram Manyam,Komarada,Labasu
Andhra Pradesh,Parvathipuram Manyam,Komarada,Ladda
Andhra Pradesh,Parvathipuram Manyam,Komarada,Lanja
Andhra Pradesh,Parvathipuram Manyam,Komarada,Madalangi
Andhra Pradesh,Parvathipuram Manyam,Komarada,Marriguda
Andhra Pradesh,Parvathipuram Manyam,Komarada,Masanandi
Andhra Pradesh,Parvathipuram Manyam,Komarada,Masimanda
Andhra Pradesh,Parvathipuram Manyam,Komarada,Nandapuram
Andhra Pradesh,Parvathipuram Manyam,Komarada,Naya
Andhra Pradesh,Parvathipuram Manyam,Komarada,Nimmalapadu
Andhra Pradesh,Parvathipuram Manyam,Komarada,Palem
Andhra Pradesh,Parvathipuram Manyam,Komarada,Parasurampuram
Andhra Pradesh,Parvathipuram Manyam,Komarada,Pedakherjala
Andhra Pradesh,Parvathipuram Manyam,Komarada,Pedamantikona
Andhra Pradesh,Parvathipuram Manyam,Komarada,Pedanissankapuram
Andhra Pradesh,Parvathipuram Manyam,Komarada,Pedasekha
Andhra Pradesh,Parvathipuram Manyam,Komarada,Poornapadu
Andhra Pradesh,Parvathipuram Manyam,Komarada,Pudesu
Andhra Pradesh,Parvathipuram Manyam,Komarada,Pujariguda
Andhra Pradesh,Parvathipuram Manyam,Komarada,Puligummi
Andhra Pradesh,Parvathipuram Manyam,Komarada,Pusanandi
Andhra Pradesh,Parvathipuram Manyam,Komarada,Ravikona
Andhra Pradesh,Parvathipuram Manyam,Komarada,Rayapuram
Andhra Pradesh,Parvathipuram Manyam,Komarada,Rebba
Andhra Pradesh,Parvathipuram Manyam,Komarada,Regulapadu
Andhra Pradesh,Parvathipuram Manyam,Komarada,Sankesu
Andhra Pradesh,Parvathipuram Manyam,Komarada,Saruguduguda
Andhra Pradesh,Parvathipuram Manyam,Komarada,Sarvapadu
Andhra Pradesh,Parvathipuram Manyam,Komarada,Sikhavaram
Andhra Pradesh,Parvathipuram Manyam,Komarada,Sitamambapuram (Near Gumada)
Andhra Pradesh,Parvathipuram Manyam,Komarada,Sitamambapuram (Near Komarada)
Andhra Pradesh,Parvathipuram Manyam,Komarada,Sivarampuram
Andhra Pradesh,Parvathipuram Manyam,Komarada,Sivarampuram
Andhra Pradesh,Parvathipuram Manyam,Komarada,Sivini
Andhra Pradesh,Parvathipuram Manyam,Komarada,Somalingapuram
Andhra Pradesh,Parvathipuram Manyam,Komarada,Sominaiduvalasa
Andhra Pradesh,Parvathipuram Manyam,Komarada,Sundarapuram
Andhra Pradesh,Parvathipuram Manyam,Komarada,Teelesu
Andhra Pradesh,Parvathipuram Manyam,Komarada,Thodumu
Andhra Pradesh,Parvathipuram Manyam,Komarada,Tinuku
Andhra Pradesh,Parvathipuram Manyam,Komarada,Uligesu
Andhra Pradesh,Parvathipuram Manyam,Komarada,Ulindri
Andhra Pradesh,Parvathipuram Manyam,Komarada,Ulipiri
Andhra Pradesh,Parvathipuram Manyam,Komarada,Vanabadi
Andhra Pradesh,Parvathipuram Manyam,Komarada,Vanadara
Andhra Pradesh,Parvathipuram Manyam,Komarada,Vanakabadi
Andhra Pradesh,Parvathipuram Manyam,Komarada,Vannam
Andhra Pradesh,Parvathipuram Manyam,Komarada,Vikrampuram
Andhra Pradesh,Parvathipuram Manyam,Komarada,Vutakosu
Andhra Pradesh,Parvathipuram Manyam,Komarada,Yendabhadra
Andhra Pradesh,Parvathipuram Manyam,Kurupam,Abiri
Andhra Pradesh,Parvathipuram Manyam,Kurupam,Antijola
Andhra Pradesh,Parvathipuram Manyam,Kurupam,Arikakoridi
Andhra Pradesh,Parvathipuram Manyam,Kurupam,Barthangi
Andhra Pradesh,Parvathipuram Manyam,Kurupam,Bhallukota
Andhra Pradesh,Parvathipuram Manyam,Kurupam,Bheempuram
Andhra Pradesh,Parvathipuram Manyam,Kurupam,Biyyalavalasa
Andhra Pradesh,Parvathipuram Manyam,Kurupam,Bore
Andhra Pradesh,Parvathipuram Manyam,Kurupam,Bothili
Andhra Pradesh,Parvathipuram Manyam,Kurupam,Chandanakota
Andhra Pradesh,Parvathipuram Manyam,Kurupam,Chappagottili
Andhra Pradesh,Parvathipuram Manyam,Kurupam,Chinarayudupeta @ Dabbaliguda
Andhra Pradesh,Parvathipuram Manyam,Kurupam,Chinavanija
Andhra Pradesh,Parvathipuram Manyam,Kurupam,Chinthalakoridi
Andhra Pradesh,Parvathipuram Manyam,Kurupam,Dandusura
Andhra Pradesh,Parvathipuram Manyam,Kurupam,Dandusura (Near Kurupam )
Andhra Pradesh,Parvathipuram Manyam,Kurupam,Dharmalalaxmipuram
Andhra Pradesh,Parvathipuram Manyam,Kurupam,Dhulikuppa
Andhra Pradesh,Parvathipuram Manyam,Kurupam,Dimitiguda
Andhra Pradesh,Parvathipuram Manyam,Kurupam,Dokulaguda
Andhra Pradesh,Parvathipuram Manyam,Kurupam,Dommidi
Andhra Pradesh,Parvathipuram Manyam,Kurupam,Dongalabaramani
Andhra Pradesh,Parvathipuram Manyam,Kurupam,Durubili
Andhra Pradesh,Parvathipuram Manyam,Kurupam,Gadali
Andhra Pradesh,Parvathipuram Manyam,Kurupam,Gangannadora Valasa
Andhra Pradesh,Parvathipuram Manyam,Kurupam,Gollavalasa
Andhra Pradesh,Parvathipuram Manyam,Kurupam,Gorjapadu
Andhra Pradesh,Parvathipuram Manyam,Kurupam,Gotikuppa
Andhra Pradesh,Parvathipuram Manyam,Kurupam,Gotivada
Andhra Pradesh,Parvathipuram Manyam,Kurupam,Gujjuvai
Andhra Pradesh,Parvathipuram Manyam,Kurupam,Gumma
Andhra Pradesh,Parvathipuram Manyam,Kurupam,Gummidiguda
Andhra Pradesh,Parvathipuram Manyam,Kurupam,Gummidiguda
Andhra Pradesh,Parvathipuram Manyam,Kurupam,Ichapuram
Andhra Pradesh,Parvathipuram Manyam,Kurupam,Jarada
Andhra Pradesh,Parvathipuram Manyam,Kurupam,Jumbiri
Andhra Pradesh,Parvathipuram Manyam,Kurupam,Kairada
Andhra Pradesh,Parvathipuram Manyam,Kurupam,Kakili (Near ) Neelakantapuram
Andhra Pradesh,Parvathipuram Manyam,Kurupam,Kakithada
Andhra Pradesh,Parvathipuram Manyam,Kurupam,Keedavai
Andhra Pradesh,Parvathipuram Manyam,Kurupam,Kirisingi @ Pellivalasa
Andhra Pradesh,Parvathipuram Manyam,Kurupam,Kitchada
Andhra Pradesh,Parvathipuram Manyam,Kurupam,Kolisa
Andhra Pradesh,Parvathipuram Manyam,Kurupam,Konaguda
Andhra Pradesh,Parvathipuram Manyam,Kurupam,Kondabaridi
Andhra Pradesh,Parvathipuram Manyam,Kurupam,Kothaguda (Near) Udayapuram
Andhra Pradesh,Parvathipuram Manyam,Kurupam,Kurupam
Andhra Pradesh,Parvathipuram Manyam,Kurupam,Landagorli
Andhra Pradesh,Parvathipuram Manyam,Kurupam,Lankajodu
Andhra Pradesh,Parvathipuram Manyam,Kurupam,Levidi
Andhra Pradesh,Parvathipuram Manyam,Kurupam,Likkidi
Andhra Pradesh,Parvathipuram Manyam,Kurupam,Mantikonda
Andhra Pradesh,Parvathipuram Manyam,Kurupam,Maripalle (Near) Mondemkhallu
Andhra Pradesh,Parvathipuram Manyam,Kurupam,Maripalle (Near) Rajjali
Andhra Pradesh,Parvathipuram Manyam,Kurupam,Megada
Andhra Pradesh,Parvathipuram Manyam,Kurupam,Mondemkhallu
Andhra Pradesh,Parvathipuram Manyam,Kurupam,Nagara
Andhra Pradesh,Parvathipuram Manyam,Kurupam,Nagarakuntubai
Andhra Pradesh,Parvathipuram Manyam,Kurupam,Neelakantapuram
Andhra Pradesh,Parvathipuram Manyam,Kurupam,Panasabhadra
Andhra Pradesh,Parvathipuram Manyam,Kurupam,Pedabaramani @ Gundubaramani
Andhra Pradesh,Parvathipuram Manyam,Kurupam,Pedagottili
Andhra Pradesh,Parvathipuram Manyam,Kurupam,Pedavanija
Andhra Pradesh,Parvathipuram Manyam,Kurupam,Podi
Andhra Pradesh,Parvathipuram Manyam,Kurupam,Podisa
Andhra Pradesh,Parvathipuram Manyam,Kurupam,Potivada
Andhra Pradesh,Parvathipuram Manyam,Kurupam,Puliputti
Andhra Pradesh,Parvathipuram Manyam,Kurupam,Rajjali
Andhra Pradesh,Parvathipuram Manyam,Kurupam,Ramuduguda
Andhra Pradesh,Parvathipuram Manyam,Kurupam,Rangupuram
Andhra Pradesh,Parvathipuram Manyam,Kurupam,Rastakuntubai
Andhra Pradesh,Parvathipuram Manyam,Kurupam,Relliguda @ Malliguda
Andhra Pradesh,Parvathipuram Manyam,Kurupam,Saki
Andhra Pradesh,Parvathipuram Manyam,Kurupam,Sanjuvai
Andhra Pradesh,Parvathipuram Manyam,Kurupam,Santhoshapuram
Andhra Pradesh,Parvathipuram Manyam,Kurupam,Seediguda
Andhra Pradesh,Parvathipuram Manyam,Kurupam,Sekupadu
Andhra Pradesh,Parvathipuram Manyam,Kurupam,Sivada (Near) Gujjuvai
Andhra Pradesh,Parvathipuram Manyam,Kurupam,Sivannapeta
Andhra Pradesh,Parvathipuram Manyam,Kurupam,Sobba
Andhra Pradesh,Parvathipuram Manyam,Kurupam,Somidavalasa
Andhra Pradesh,Parvathipuram Manyam,Kurupam,Tatchidi (Tuttidi)
Andhra Pradesh,Parvathipuram Manyam,Kurupam,Tekharakhandi
Andhra Pradesh,Parvathipuram Manyam,Kurupam,Thennukharja
Andhra Pradesh,Parvathipuram Manyam,Kurupam,Tittiri
Andhra Pradesh,Parvathipuram Manyam,Kurupam,Tiyyali
Andhra Pradesh,Parvathipuram Manyam,Kurupam,Tulasi
Andhra Pradesh,Parvathipuram Manyam,Kurupam,Udayapuram
Andhra Pradesh,Parvathipuram Manyam,Kurupam,Uridi @ Uridinivide
Andhra Pradesh,Parvathipuram Manyam,Kurupam,Valasaballeru
Andhra Pradesh,Parvathipuram Manyam,Kurupam,Vobbangi
Andhra Pradesh,Parvathipuram Manyam,Kurupam,Voosakonda
Andhra Pradesh,Parvathipuram Manyam,Kurupam,Voppangi
Andhra Pradesh,Parvathipuram Manyam,Kurupam,Yegulavada
Andhra Pradesh,Parvathipuram Manyam,Kurupam,Yeguvaballeru
Andhra Pradesh,Parvathipuram Manyam,Makkuva,Alagaruvu
Andhra Pradesh,Parvathipuram Manyam,Makkuva,Anasabhadra
Andhra Pradesh,Parvathipuram Manyam,Makkuva,Bangaruvalasa
Andhra Pradesh,Parvathipuram Manyam,Makkuva,Bantumakkuva
Andhra Pradesh,Parvathipuram Manyam,Makkuva,Battivalasa
Andhra Pradesh,Parvathipuram Manyam,Makkuva,Belugonda
Andhra Pradesh,Parvathipuram Manyam,Makkuva,Biramasi
Andhra Pradesh,Parvathipuram Manyam,Makkuva,Chandrayyapeta
Andhra Pradesh,Parvathipuram Manyam,Makkuva,Chappabutcham Peta
Andhra Pradesh,Parvathipuram Manyam,Makkuva,Chemudu
Andhra Pradesh,Parvathipuram Manyam,Makkuva,Chinamrajuvalasa
Andhra Pradesh,Parvathipuram Manyam,Makkuva,Dabbagadda
Andhra Pradesh,Parvathipuram Manyam,Makkuva,Duggeru
Andhra Pradesh,Parvathipuram Manyam,Makkuva,Gopalapuram
Andhra Pradesh,Parvathipuram Manyam,Makkuva,Guntabhadra
Andhra Pradesh,Parvathipuram Manyam,Makkuva,Kannampeta
Andhra Pradesh,Parvathipuram Manyam,Makkuva,Kasipatnam
Andhra Pradesh,Parvathipuram Manyam,Makkuva,Khaviripalle
Andhra Pradesh,Parvathipuram Manyam,Makkuva,Khavirivalasa
Andhra Pradesh,Parvathipuram Manyam,Makkuva,Kona
Andhra Pradesh,Parvathipuram Manyam,Makkuva,Kondabutcham Peta
Andhra Pradesh,Parvathipuram Manyam,Makkuva,Kondapallivalasa
Andhra Pradesh,Parvathipuram Manyam,Makkuva,Kondarejeru
Andhra Pradesh,Parvathipuram Manyam,Makkuva,Koyyanapeta
Andhra Pradesh,Parvathipuram Manyam,Makkuva,Lovarkhandi
Andhra Pradesh,Parvathipuram Manyam,Makkuva,Makkuva
Andhra Pradesh,Parvathipuram Manyam,Makkuva,Markondaputti
Andhra Pradesh,Parvathipuram Manyam,Makkuva,Mendangi
Andhra Pradesh,Parvathipuram Manyam,Makkuva,Mukavalasa
Andhra Pradesh,Parvathipuram Manyam,Makkuva,Mulakkayavalasa
Andhra Pradesh,Parvathipuram Manyam,Makkuva,Mulavalasa
Andhra Pradesh,Parvathipuram Manyam,Makkuva,Nagulladabba Gadda
Andhra Pradesh,Parvathipuram Manyam,Makkuva,Nanda
Andhra Pradesh,Parvathipuram Manyam,Makkuva,Nandakottula Ghasila
Andhra Pradesh,Parvathipuram Manyam,Makkuva,Narayanarama Chan Draraju Puram
Andhra Pradesh,Parvathipuram Manyam,Makkuva,Panasabhadra
Andhra Pradesh,Parvathipuram Manyam,Makkuva,Papayyavalasa
Andhra Pradesh,Parvathipuram Manyam,Makkuva,Payakapadu
Andhra Pradesh,Parvathipuram Manyam,Makkuva,Pedaghasila
Andhra Pradesh,Parvathipuram Manyam,Makkuva,Pedavootagadda
Andhra Pradesh,Parvathipuram Manyam,Makkuva,Peetalavalasa
Andhra Pradesh,Parvathipuram Manyam,Makkuva,Sambara
Andhra Pradesh,Parvathipuram Manyam,Makkuva,Santeswaram
Andhra Pradesh,Parvathipuram Manyam,Makkuva,Sanyasirajupuram @ Maripivalasa
Andhra Pradesh,Parvathipuram Manyam,Makkuva,Saraivalasa
Andhra Pradesh,Parvathipuram Manyam,Makkuva,Seebillipedavalasa
Andhra Pradesh,Parvathipuram Manyam,Makkuva,Singamdoravalasa
Andhra Pradesh,Parvathipuram Manyam,Makkuva,Sirlam
Andhra Pradesh,Parvathipuram Manyam,Makkuva,Thotavalasa
Andhra Pradesh,Parvathipuram Manyam,Makkuva,Turumamidi
Andhra Pradesh,Parvathipuram Manyam,Makkuva,Venkampeta
Andhra Pradesh,Parvathipuram Manyam,Makkuva,Venkatabhyripuram
Andhra Pradesh,Parvathipuram Manyam,Makkuva,Vijayarampuram
Andhra Pradesh,Parvathipuram Manyam,Makkuva,Yerrasamanthula Valasa
Andhra Pradesh,Parvathipuram Manyam,Pachipenta,Adaripadu
Andhra Pradesh,Parvathipuram Manyam,Pachipenta,Ajuru
Andhra Pradesh,Parvathipuram Manyam,Pachipenta,Aluru
Andhra Pradesh,Parvathipuram Manyam,Pachipenta,Bobbilivalasa
Andhra Pradesh,Parvathipuram Manyam,Pachipenta,Borramamidi
Andhra Pradesh,Parvathipuram Manyam,Pachipenta,Chakirevuvalasa
Andhra Pradesh,Parvathipuram Manyam,Pachipenta,Cherukupalle
Andhra Pradesh,Parvathipuram Manyam,Pachipenta,Chittelaba
Andhra Pradesh,Parvathipuram Manyam,Pachipenta,Chittipuram
Andhra Pradesh,Parvathipuram Manyam,Pachipenta,Garellavalasa
Andhra Pradesh,Parvathipuram Manyam,Pachipenta,Garlavalasa
Andhra Pradesh,Parvathipuram Manyam,Pachipenta,Gavarampeta
Andhra Pradesh,Parvathipuram Manyam,Pachipenta,Gotturu
Andhra Pradesh,Parvathipuram Manyam,Pachipenta,Guruvinaidupeta
Andhra Pradesh,Parvathipuram Manyam,Pachipenta,Kankanapalle
Andhra Pradesh,Parvathipuram Manyam,Pachipenta,Karrivalasa
Andhra Pradesh,Parvathipuram Manyam,Pachipenta,Katarikota
Andhra Pradesh,Parvathipuram Manyam,Pachipenta,Kerangi
Andhra Pradesh,Parvathipuram Manyam,Pachipenta,Kesali
Andhra Pradesh,Parvathipuram Manyam,Pachipenta,Kondaluddandi
Andhra Pradesh,Parvathipuram Manyam,Pachipenta,Kondamosuru
Andhra Pradesh,Parvathipuram Manyam,Pachipenta,Kondataduru
Andhra Pradesh,Parvathipuram Manyam,Pachipenta,Kotikipenta
Andhra Pradesh,Parvathipuram Manyam,Pachipenta,Kottavalasa
Andhra Pradesh,Parvathipuram Manyam,Pachipenta,Kudumuru
Andhra Pradesh,Parvathipuram Manyam,Pachipenta,Kumbivalasa
Andhra Pradesh,Parvathipuram Manyam,Pachipenta,Kunambandavalasa
Andhra Pradesh,Parvathipuram Manyam,Pachipenta,Kuntambadevalasa
Andhra Pradesh,Parvathipuram Manyam,Pachipenta,Mallapurajupeta
Andhra Pradesh,Parvathipuram Manyam,Pachipenta,Mathumuru
Andhra Pradesh,Parvathipuram Manyam,Pachipenta,Meliakanchuru
Andhra Pradesh,Parvathipuram Manyam,Pachipenta,Mirthivalasa
Andhra Pradesh,Parvathipuram Manyam,Pachipenta,Moduga
Andhra Pradesh,Parvathipuram Manyam,Pachipenta,Mosuru
Andhra Pradesh,Parvathipuram Manyam,Pachipenta,Mulakkayavalasa
Andhra Pradesh,Parvathipuram Manyam,Pachipenta,Nanda
Andhra Pradesh,Parvathipuram Manyam,Pachipenta,Pachipenta
Andhra Pradesh,Parvathipuram Manyam,Pachipenta,Padmapuram
Andhra Pradesh,Parvathipuram Manyam,Pachipenta,Panasapeddikona Valasa
Andhra Pradesh,Parvathipuram Manyam,Pachipenta,Panchali
Andhra Pradesh,Parvathipuram Manyam,Pachipenta,Panukuvalasa
Andhra Pradesh,Parvathipuram Manyam,Pachipenta,Parthapuram
Andhra Pradesh,Parvathipuram Manyam,Pachipenta,Pedakanchuru
Andhra Pradesh,Parvathipuram Manyam,Pachipenta,Peddavalasa
Andhra Pradesh,Parvathipuram Manyam,Pachipenta,Pudi
Andhra Pradesh,Parvathipuram Manyam,Pachipenta,Saraivalasa
Andhra Pradesh,Parvathipuram Manyam,Pachipenta,Sathabi
Andhra Pradesh,Parvathipuram Manyam,Pachipenta,Taduru
Andhra Pradesh,Parvathipuram Manyam,Pachipenta,Tangalam
Andhra Pradesh,Parvathipuram Manyam,Pachipenta,Thotavalasa
Andhra Pradesh,Parvathipuram Manyam,Pachipenta,Tumaravilli
Andhra Pradesh,Parvathipuram Manyam,Pachipenta,Turaipadu
Andhra Pradesh,Parvathipuram Manyam,Pachipenta,Vetaganivalasa
Andhra Pradesh,Parvathipuram Manyam,Pachipenta,Viswanadhapuram
Andhra Pradesh,Parvathipuram Manyam,Palakonda,Ampili
Andhra Pradesh,Parvathipuram Manyam,Palakonda,Annavaram
Andhra Pradesh,Parvathipuram Manyam,Palakonda,Aradala
Andhra Pradesh,Parvathipuram Manyam,Palakonda,Attali
Andhra Pradesh,Parvathipuram Manyam,Palakonda,Avalangi
Andhra Pradesh,Parvathipuram Manyam,Palakonda,Bejji
Andhra Pradesh,Parvathipuram Manyam,Palakonda,Bhasuru
Andhra Pradesh,Parvathipuram Manyam,Palakonda,Bukkuru
Andhra Pradesh,Parvathipuram Manyam,Palakonda,Chinakotipalle
Andhra Pradesh,Parvathipuram Manyam,Palakonda,Chinamangala Puram
Andhra Pradesh,Parvathipuram Manyam,Palakonda,Chintada
Andhra Pradesh,Parvathipuram Manyam,Palakonda,Dolamada
Andhra Pradesh,Parvathipuram Manyam,Palakonda,Duggi
Andhra Pradesh,Parvathipuram Manyam,Palakonda,Garugubilli
Andhra Pradesh,Parvathipuram Manyam,Palakonda,Gopalapuram
Andhra Pradesh,Parvathipuram Manyam,Palakonda,Gopalavenkata Puram
Andhra Pradesh,Parvathipuram Manyam,Palakonda,Gottamangala Puram
Andhra Pradesh,Parvathipuram Manyam,Palakonda,Gudivada
Andhra Pradesh,Parvathipuram Manyam,Palakonda,Jamparakota
Andhra Pradesh,Parvathipuram Manyam,Palakonda,Kondapuram
Andhra Pradesh,Parvathipuram Manyam,Palakonda,Loveedulakshmi Puram
Andhra Pradesh,Parvathipuram Manyam,Palakonda,Lumburu
Andhra Pradesh,Parvathipuram Manyam,Palakonda,Malliveedu
Andhra Pradesh,Parvathipuram Manyam,Palakonda,Nakkapetaparapuram
Andhra Pradesh,Parvathipuram Manyam,Palakonda,Nandivada Kurmarajapuram
Andhra Pradesh,Parvathipuram Manyam,Palakonda,Navagam
Andhra Pradesh,Parvathipuram Manyam,Palakonda,Padmapuram
Andhra Pradesh,Parvathipuram Manyam,Palakonda,Palakonda (Ct)
Andhra Pradesh,Parvathipuram Manyam,Palakonda,Panukuvalasa
Andhra Pradesh,Parvathipuram Manyam,Palakonda,Parasurampuram
Andhra Pradesh,Parvathipuram Manyam,Palakonda,Pedakotipalle
Andhra Pradesh,Parvathipuram Manyam,Palakonda,Pendyalaramabhadrarajupeta
Andhra Pradesh,Parvathipuram Manyam,Palakonda,Potli
Andhra Pradesh,Parvathipuram Manyam,Palakonda,Singannavalasa
Andhra Pradesh,Parvathipuram Manyam,Palakonda,Singupuram
Andhra Pradesh,Parvathipuram Manyam,Palakonda,Sirikonda
Andhra Pradesh,Parvathipuram Manyam,Palakonda,Tampatapalle
Andhra Pradesh,Parvathipuram Manyam,Palakonda,T.D.Parapuram
Andhra Pradesh,Parvathipuram Manyam,Palakonda,T.K.Rajapuram
Andhra Pradesh,Parvathipuram Manyam,Palakonda,Tumarada
Andhra Pradesh,Parvathipuram Manyam,Palakonda,Vadama
Andhra Pradesh,Parvathipuram Manyam,Palakonda,Vatapagu
Andhra Pradesh,Parvathipuram Manyam,Palakonda,Velagavada
Andhra Pradesh,Parvathipuram Manyam,Palakonda,Voni
Andhra Pradesh,Parvathipuram Manyam,Palakonda,Yerakarayapuram
Andhra Pradesh,Parvathipuram Manyam,Parvathipuram,Adaru
Andhra Pradesh,Parvathipuram Manyam,Parvathipuram,Addapuseela
Andhra Pradesh,Parvathipuram Manyam,Parvathipuram,Adduruvalasa
Andhra Pradesh,Parvathipuram Manyam,Parvathipuram,Antivalasa
Andhra Pradesh,Parvathipuram Manyam,Parvathipuram,Appandoravalasa
Andhra Pradesh,Parvathipuram Manyam,Parvathipuram,Balagudaba
Andhra Pradesh,Parvathipuram Manyam,Parvathipuram,Bandaluppi
Andhra Pradesh,Parvathipuram Manyam,Parvathipuram,Belagam
Andhra Pradesh,Parvathipuram Manyam,Parvathipuram,Buduruvada
Andhra Pradesh,Parvathipuram Manyam,Parvathipuram,Chalamvalasa
Andhra Pradesh,Parvathipuram Manyam,Parvathipuram,Chandalangi
Andhra Pradesh,Parvathipuram Manyam,Parvathipuram,Chinabondapalle
Andhra Pradesh,Parvathipuram Manyam,Parvathipuram,Dhanunjayapuram
Andhra Pradesh,Parvathipuram Manyam,Parvathipuram,Doggavanimulaga
Andhra Pradesh,Parvathipuram Manyam,Parvathipuram,Dokiseela
Andhra Pradesh,Parvathipuram Manyam,Parvathipuram,Donkalakotha Patnam
Andhra Pradesh,Parvathipuram Manyam,Parvathipuram,Gangamambapuram
Andhra Pradesh,Parvathipuram Manyam,Parvathipuram,Gangapuram
Andhra Pradesh,Parvathipuram Manyam,Parvathipuram,Gangarajapuram
Andhra Pradesh,Parvathipuram Manyam,Parvathipuram,Gochekka
Andhra Pradesh,Parvathipuram Manyam,Parvathipuram,Gopalapuram
Andhra Pradesh,Parvathipuram Manyam,Parvathipuram,Haripuram Karadavalasa
Andhra Pradesh,Parvathipuram Manyam,Parvathipuram,Jagannadhapuram
Andhra Pradesh,Parvathipuram Manyam,Parvathipuram,Jagannadharaja Puram
Andhra Pradesh,Parvathipuram Manyam,Parvathipuram,Jamadala
Andhra Pradesh,Parvathipuram Manyam,Parvathipuram,Jammadivalasa
Andhra Pradesh,Parvathipuram Manyam,Parvathipuram,Kavitibhadra
Andhra Pradesh,Parvathipuram Manyam,Parvathipuram,Kore
Andhra Pradesh,Parvathipuram Manyam,Parvathipuram,Kothavalasa
Andhra Pradesh,Parvathipuram Manyam,Parvathipuram,Krishnapalle
Andhra Pradesh,Parvathipuram Manyam,Parvathipuram,Lakshminarayanapuram
Andhra Pradesh,Parvathipuram Manyam,Parvathipuram,Lakshmipuram
Andhra Pradesh,Parvathipuram Manyam,Parvathipuram,Latchirajupeta
Andhra Pradesh,Parvathipuram Manyam,Parvathipuram,Mulaga
Andhra Pradesh,Parvathipuram Manyam,Parvathipuram,Narsipuram
Andhra Pradesh,Parvathipuram Manyam,Parvathipuram,Nissankapuram
Andhra Pradesh,Parvathipuram Manyam,Parvathipuram,Parvathipuram Village
Andhra Pradesh,Parvathipuram Manyam,Parvathipuram,Pedabondapalle
Andhra Pradesh,Parvathipuram Manyam,Parvathipuram,Pedamariki
Andhra Pradesh,Parvathipuram Manyam,Parvathipuram,Puligummi
Andhra Pradesh,Parvathipuram Manyam,Parvathipuram,Putturu
Andhra Pradesh,Parvathipuram Manyam,Parvathipuram,Radhampeta
Andhra Pradesh,Parvathipuram Manyam,Parvathipuram,Ravikonabatti Valasa
Andhra Pradesh,Parvathipuram Manyam,Parvathipuram,Sangamvalasa
Andhra Pradesh,Parvathipuram Manyam,Parvathipuram,Srirangarajapuram
Andhra Pradesh,Parvathipuram Manyam,Parvathipuram,Sudigam
Andhra Pradesh,Parvathipuram Manyam,Parvathipuram,Sundaranarayanapuram
Andhra Pradesh,Parvathipuram Manyam,Parvathipuram,Tadangivalasa
Andhra Pradesh,Parvathipuram Manyam,Parvathipuram,Tallaburidi
Andhra Pradesh,Parvathipuram Manyam,Parvathipuram,Tonki
Andhra Pradesh,Parvathipuram Manyam,Parvathipuram,Venkampeta
Andhra Pradesh,Parvathipuram Manyam,Parvathipuram,Venkatanissankapuram
Andhra Pradesh,Parvathipuram Manyam,Parvathipuram,Venkataraidupeta
Andhra Pradesh,Parvathipuram Manyam,Parvathipuram,Viswambarapuram
Andhra Pradesh,Parvathipuram Manyam,Salur,Annamrajuvalasa
Andhra Pradesh,Parvathipuram Manyam,Salur,Antivalasa
Andhra Pradesh,Parvathipuram Manyam,Salur,Baguvalasa
Andhra Pradesh,Parvathipuram Manyam,Salur,Bandapai
Andhra Pradesh,Parvathipuram Manyam,Salur,Bangarammapeta
Andhra Pradesh,Parvathipuram Manyam,Salur,Barnaguda
Andhra Pradesh,Parvathipuram Manyam,Salur,Bhavanipuram
Andhra Pradesh,Parvathipuram Manyam,Salur,Borabanda
Andhra Pradesh,Parvathipuram Manyam,Salur,Butalakarrivalasa
Andhra Pradesh,Parvathipuram Manyam,Salur,Chandrappavalasa
Andhra Pradesh,Parvathipuram Manyam,Salur,Chemidipatipolam
Andhra Pradesh,Parvathipuram Manyam,Salur,Chinavootagedda
Andhra Pradesh,Parvathipuram Manyam,Salur,Chintamala
Andhra Pradesh,Parvathipuram Manyam,Salur,Chora
Andhra Pradesh,Parvathipuram Manyam,Salur,Dagaravalasa
Andhra Pradesh,Parvathipuram Manyam,Salur,Dattivalasa
Andhra Pradesh,Parvathipuram Manyam,Salur,Devubutchamma Peta
Andhra Pradesh,Parvathipuram Manyam,Salur,Diguvamendangi
Andhra Pradesh,Parvathipuram Manyam,Salur,Diguvasembi
Andhra Pradesh,Parvathipuram Manyam,Salur,Doliyamba
Andhra Pradesh,Parvathipuram Manyam,Salur,Donkalavelaga Valasa
Andhra Pradesh,Parvathipuram Manyam,Salur,Dugdasagaram
Andhra Pradesh,Parvathipuram Manyam,Salur,Dulibhadra
Andhra Pradesh,Parvathipuram Manyam,Salur,Eduladandigam
Andhra Pradesh,Parvathipuram Manyam,Salur,Gadilavalasa
Andhra Pradesh,Parvathipuram Manyam,Salur,Ganjaibhadra
Andhra Pradesh,Parvathipuram Manyam,Salur,Gumadam
Andhra Pradesh,Parvathipuram Manyam,Salur,Gunjari
Andhra Pradesh,Parvathipuram Manyam,Salur,Gurrapuvalasa
Andhra Pradesh,Parvathipuram Manyam,Salur,Guruvinayuni Pedavalasa
Andhra Pradesh,Parvathipuram Manyam,Salur,Jaggudoravalasa
Andhra Pradesh,Parvathipuram Manyam,Salur,Jeegiram
Andhra Pradesh,Parvathipuram Manyam,Salur,Jilleduvalasa
Andhra Pradesh,Parvathipuram Manyam,Salur,Kanapalabanda
Andhra Pradesh,Parvathipuram Manyam,Salur,Kandulapadam
Andhra Pradesh,Parvathipuram Manyam,Salur,Karadavalasa
Andhra Pradesh,Parvathipuram Manyam,Salur,Karasuvalasa
Andhra Pradesh,Parvathipuram Manyam,Salur,Keerapadu
Andhra Pradesh,Parvathipuram Manyam,Salur,Kodama
Andhra Pradesh,Parvathipuram Manyam,Salur,Kodukarakavalasa
Andhra Pradesh,Parvathipuram Manyam,Salur,Kondakaraka Valasa @ Janavarivalasa
Andhra Pradesh,Parvathipuram Manyam,Salur,Kothavalasa
Andhra Pradesh,Parvathipuram Manyam,Salur,Kotiya
Andhra Pradesh,Parvathipuram Manyam,Salur,Kottuparuvu
Andhra Pradesh,Parvathipuram Manyam,Salur,Kudakaru
Andhra Pradesh,Parvathipuram Manyam,Salur,Kuddadivalasa
Andhra Pradesh,Parvathipuram Manyam,Salur,Kurmarajupeta
Andhra Pradesh,Parvathipuram Manyam,Salur,Kurukutti
Andhra Pradesh,Parvathipuram Manyam,Salur,Laxmipuram
Andhra Pradesh,Parvathipuram Manyam,Salur,Lolingabhadra
Andhra Pradesh,Parvathipuram Manyam,Salur,Maipalle
Andhra Pradesh,Parvathipuram Manyam,Salur,Maripalle
Andhra Pradesh,Parvathipuram Manyam,Salur,Masikachintala Valasa
Andhra Pradesh,Parvathipuram Manyam,Salur,Mavudi
Andhra Pradesh,Parvathipuram Manyam,Salur,Mirtivalasa
Andhra Pradesh,Parvathipuram Manyam,Salur,Mokhasadandigam
Andhra Pradesh,Parvathipuram Manyam,Salur,Mokhasamamidi Palle
Andhra Pradesh,Parvathipuram Manyam,Salur,Mucherlavalasa
Andhra Pradesh,Parvathipuram Manyam,Salur,Mudakaru
Andhra Pradesh,Parvathipuram Manyam,Salur,Mudangi
Andhra Pradesh,Parvathipuram Manyam,Salur,Mugadavalasa
Andhra Pradesh,Parvathipuram Manyam,Salur,Mulakkayavalasa
Andhra Pradesh,Parvathipuram Manyam,Salur,Narlavalasa
Andhra Pradesh,Parvathipuram Manyam,Salur,Neliparti
Andhra Pradesh,Parvathipuram Manyam,Salur,Nimmalapadu
Andhra Pradesh,Parvathipuram Manyam,Salur,Pagulachennuru
Andhra Pradesh,Parvathipuram Manyam,Salur,Pakeerunayuni Boddavalasa
Andhra Pradesh,Parvathipuram Manyam,Salur,Panasalavalasa
Andhra Pradesh,Parvathipuram Manyam,Salur,Pandirimamidi Valasa
Andhra Pradesh,Parvathipuram Manyam,Salur,Parannavalasa
Andhra Pradesh,Parvathipuram Manyam,Salur,Pattuchennuru
Andhra Pradesh,Parvathipuram Manyam,Salur,Pedapadam
Andhra Pradesh,Parvathipuram Manyam,Salur,Pedapadammutta
Andhra Pradesh,Parvathipuram Manyam,Salur,Poyimala
Andhra Pradesh,Parvathipuram Manyam,Salur,Purohitunivalasa
Andhra Pradesh,Parvathipuram Manyam,Salur,Saluru Village
Andhra Pradesh,Parvathipuram Manyam,Salur,Sariki
Andhra Pradesh,Parvathipuram Manyam,Salur,Sikhaparuva
Andhra Pradesh,Parvathipuram Manyam,Salur,Sirivara
Andhra Pradesh,Parvathipuram Manyam,Salur,Sivarampuram
Andhra Pradesh,Parvathipuram Manyam,Salur,Solipiguda
Andhra Pradesh,Parvathipuram Manyam,Salur,Surapadu @ Kanjupaka
Andhra Pradesh,Parvathipuram Manyam,Salur,Teenusamantha Valasa
Andhra Pradesh,Parvathipuram Manyam,Salur,Tentuboddavalasa
Andhra Pradesh,Parvathipuram Manyam,Salur,Thonam
Andhra Pradesh,Parvathipuram Manyam,Salur,Thunda
Andhra Pradesh,Parvathipuram Manyam,Salur,Tupakivalasa
Andhra Pradesh,Parvathipuram Manyam,Salur,Vallapuram
Andhra Pradesh,Parvathipuram Manyam,Salur,Yeguvamendangi
Andhra Pradesh,Parvathipuram Manyam,Salur,Yeguvasembi
Andhra Pradesh,Parvathipuram Manyam,Seethampeta,Adali
Andhra Pradesh,Parvathipuram Manyam,Seethampeta,Addakulaguda
Andhra Pradesh,Parvathipuram Manyam,Seethampeta,Antikonda
Andhra Pradesh,Parvathipuram Manyam,Seethampeta,Atchaba
Andhra Pradesh,Parvathipuram Manyam,Seethampeta,Barna
Andhra Pradesh,Parvathipuram Manyam,Seethampeta,Benarai
Andhra Pradesh,Parvathipuram Manyam,Seethampeta,Bethupuram
Andhra Pradesh,Parvathipuram Manyam,Seethampeta,Bhuchendri
Andhra Pradesh,Parvathipuram Manyam,Seethampeta,Bhuthalaguda
Andhra Pradesh,Parvathipuram Manyam,Seethampeta,Billumada
Andhra Pradesh,Parvathipuram Manyam,Seethampeta,Budagarai
Andhra Pradesh,Parvathipuram Manyam,Seethampeta,Chekkapuram
Andhra Pradesh,Parvathipuram Manyam,Seethampeta,Chinakamba
Andhra Pradesh,Parvathipuram Manyam,Seethampeta,Chinapallanki
Andhra Pradesh,Parvathipuram Manyam,Seethampeta,Chinapolla
Andhra Pradesh,Parvathipuram Manyam,Seethampeta,Chinarama
Andhra Pradesh,Parvathipuram Manyam,Seethampeta,Chinatankidi
Andhra Pradesh,Parvathipuram Manyam,Seethampeta,Chinavangara
Andhra Pradesh,Parvathipuram Manyam,Seethampeta,Chintada
Andhra Pradesh,Parvathipuram Manyam,Seethampeta,Dabara
Andhra Pradesh,Parvathipuram Manyam,Seethampeta,Dabara @ Geddaguda
Andhra Pradesh,Parvathipuram Manyam,Seethampeta,Danjupai
Andhra Pradesh,Parvathipuram Manyam,Seethampeta,Daraba
Andhra Pradesh,Parvathipuram Manyam,Seethampeta,Darapadu
Andhra Pradesh,Parvathipuram Manyam,Seethampeta,Dasugumada
Andhra Pradesh,Parvathipuram Manyam,Seethampeta,Devagiri
Andhra Pradesh,Parvathipuram Manyam,Seethampeta,Devanapuram
Andhra Pradesh,Parvathipuram Manyam,Seethampeta,Donubai
Andhra Pradesh,Parvathipuram Manyam,Seethampeta,Duggi
Andhra Pradesh,Parvathipuram Manyam,Seethampeta,Egulada
Andhra Pradesh,Parvathipuram Manyam,Seethampeta,Gadidapai
Andhra Pradesh,Parvathipuram Manyam,Seethampeta,Gadiguddi
Andhra Pradesh,Parvathipuram Manyam,Seethampeta,Gadigujji
Andhra Pradesh,Parvathipuram Manyam,Seethampeta,Gadikaram
Andhra Pradesh,Parvathipuram Manyam,Seethampeta,Gajali
Andhra Pradesh,Parvathipuram Manyam,Seethampeta,Geddakola
Andhra Pradesh,Parvathipuram Manyam,Seethampeta,Golukuppa
Andhra Pradesh,Parvathipuram Manyam,Seethampeta,Gondi
Andhra Pradesh,Parvathipuram Manyam,Seethampeta,Gudangi
Andhra Pradesh,Parvathipuram Manyam,Seethampeta,Gujji
Andhra Pradesh,Parvathipuram Manyam,Seethampeta,Gulumuru
Andhra Pradesh,Parvathipuram Manyam,Seethampeta,Gumada
Andhra Pradesh,Parvathipuram Manyam,Seethampeta,Haddubhangi
Andhra Pradesh,Parvathipuram Manyam,Seethampeta,Jagathipalle
Andhra Pradesh,Parvathipuram Manyam,Seethampeta,Jajjuva
Andhra Pradesh,Parvathipuram Manyam,Seethampeta,Jallara
Andhra Pradesh,Parvathipuram Manyam,Seethampeta,Jayapuram
Andhra Pradesh,Parvathipuram Manyam,Seethampeta,Jilledupadu
Andhra Pradesh,Parvathipuram Manyam,Seethampeta,Jonaga
Andhra Pradesh,Parvathipuram Manyam,Seethampeta,Kadagandi
Andhra Pradesh,Parvathipuram Manyam,Seethampeta,Kandisa
Andhra Pradesh,Parvathipuram Manyam,Seethampeta,Karem
Andhra Pradesh,Parvathipuram Manyam,Seethampeta,Keesaraijodu
Andhra Pradesh,Parvathipuram Manyam,Seethampeta,Killada
Andhra Pradesh,Parvathipuram Manyam,Seethampeta,Kindangi
Andhra Pradesh,Parvathipuram Manyam,Seethampeta,Kirapa
Andhra Pradesh,Parvathipuram Manyam,Seethampeta,Kodisa
Andhra Pradesh,Parvathipuram Manyam,Seethampeta,Kodula Veeraghattam
Andhra Pradesh,Parvathipuram Manyam,Seethampeta,Kondachorlangi
Andhra Pradesh,Parvathipuram Manyam,Seethampeta,Kondapeta
Andhra Pradesh,Parvathipuram Manyam,Seethampeta,Kopuvalasa
Andhra Pradesh,Parvathipuram Manyam,Seethampeta,Kosangi
Andhra Pradesh,Parvathipuram Manyam,Seethampeta,Kothakota
Andhra Pradesh,Parvathipuram Manyam,Seethampeta,Kotham
Andhra Pradesh,Parvathipuram Manyam,Seethampeta,Kuddapalle
Andhra Pradesh,Parvathipuram Manyam,Seethampeta,Kumbhi
Andhra Pradesh,Parvathipuram Manyam,Seethampeta,Kurusingi
Andhra Pradesh,Parvathipuram Manyam,Seethampeta,Kusimi
Andhra Pradesh,Parvathipuram Manyam,Seethampeta,Kusumuru
Andhra Pradesh,Parvathipuram Manyam,Seethampeta,Lokothavalasa
Andhra Pradesh,Parvathipuram Manyam,Seethampeta,Manapuram
Andhra Pradesh,Parvathipuram Manyam,Seethampeta,Manda
Andhra Pradesh,Parvathipuram Manyam,Seethampeta,Marripadu
Andhra Pradesh,Parvathipuram Manyam,Seethampeta,Meenakota
Andhra Pradesh,Parvathipuram Manyam,Seethampeta,Mekava
Andhra Pradesh,Parvathipuram Manyam,Seethampeta,Mutyalu
Andhra Pradesh,Parvathipuram Manyam,Seethampeta,Narandasupeta
Andhra Pradesh,Parvathipuram Manyam,Seethampeta,Nowgada
Andhra Pradesh,Parvathipuram Manyam,Seethampeta,Panukuvalasa
Andhra Pradesh,Parvathipuram Manyam,Seethampeta,Pedakamba
Andhra Pradesh,Parvathipuram Manyam,Seethampeta,Pedapallanki
Andhra Pradesh,Parvathipuram Manyam,Seethampeta,Pedapolla
Andhra Pradesh,Parvathipuram Manyam,Seethampeta,Pedarama
Andhra Pradesh,Parvathipuram Manyam,Seethampeta,Pedatankidi
Andhra Pradesh,Parvathipuram Manyam,Seethampeta,Pedavangara
Andhra Pradesh,Parvathipuram Manyam,Seethampeta,Pedduru
Andhra Pradesh,Parvathipuram Manyam,Seethampeta,Ponjada
Andhra Pradesh,Parvathipuram Manyam,Seethampeta,Pubbada
Andhra Pradesh,Parvathipuram Manyam,Seethampeta,Puliputti
Andhra Pradesh,Parvathipuram Manyam,Seethampeta,Raikurudu
Andhra Pradesh,Parvathipuram Manyam,Seethampeta,Ramanagaram
Andhra Pradesh,Parvathipuram Manyam,Seethampeta,Rasoolpeta
Andhra Pradesh,Parvathipuram Manyam,Seethampeta,Rupai
Andhra Pradesh,Parvathipuram Manyam,Seethampeta,Samarelli
Andhra Pradesh,Parvathipuram Manyam,Seethampeta,Sambham
Andhra Pradesh,Parvathipuram Manyam,Seethampeta,Santhamalli @ Pedamalli
Andhra Pradesh,Parvathipuram Manyam,Seethampeta,Sara
Andhra Pradesh,Parvathipuram Manyam,Seethampeta,Sarangi
Andhra Pradesh,Parvathipuram Manyam,Seethampeta,Savaragondi
Andhra Pradesh,Parvathipuram Manyam,Seethampeta,Seedhi
Andhra Pradesh,Parvathipuram Manyam,Seethampeta,Seethampeta
Andhra Pradesh,Parvathipuram Manyam,Seethampeta,Silagam
Andhra Pradesh,Parvathipuram Manyam,Seethampeta,Somagandi
Andhra Pradesh,Parvathipuram Manyam,Seethampeta,Tadipai
Andhra Pradesh,Parvathipuram Manyam,Seethampeta,Talada
Andhra Pradesh,Parvathipuram Manyam,Seethampeta,Tanginibhadra
Andhra Pradesh,Parvathipuram Manyam,Seethampeta,Thottadi
Andhra Pradesh,Parvathipuram Manyam,Seethampeta,Titukupai
Andhra Pradesh,Parvathipuram Manyam,Seethampeta,Tumbakonda
Andhra Pradesh,Parvathipuram Manyam,Seethampeta,Tumbali
Andhra Pradesh,Parvathipuram Manyam,Seethampeta,Turaipuvalasa
Andhra Pradesh,Parvathipuram Manyam,Seethampeta,Vajjaiguda
Andhra Pradesh,Parvathipuram Manyam,Seethampeta,Valagedda
Andhra Pradesh,Parvathipuram Manyam,Seethampeta,Vambarilli
Andhra Pradesh,Parvathipuram Manyam,Seethampeta,Vandrajola
Andhra Pradesh,Parvathipuram Manyam,Seethampeta,Velagapuram
Andhra Pradesh,Parvathipuram Manyam,Seethampeta,Waba
Andhra Pradesh,Parvathipuram Manyam,Seethampeta,Yenugupeta
Andhra Pradesh,Parvathipuram Manyam,Seethanagaram,Antipeta
Andhra Pradesh,Parvathipuram Manyam,Seethanagaram,Baggamdhoravalasa
Andhra Pradesh,Parvathipuram Manyam,Seethanagaram,Bakkupeta
Andhra Pradesh,Parvathipuram Manyam,Seethanagaram,Ballakrishnapuram
Andhra Pradesh,Parvathipuram Manyam,Seethanagaram,Buddipeta
Andhra Pradesh,Parvathipuram Manyam,Seethanagaram,Burja
Andhra Pradesh,Parvathipuram Manyam,Seethanagaram,Chinabhogila
Andhra Pradesh,Parvathipuram Manyam,Seethanagaram,Chinankalam
Andhra Pradesh,Parvathipuram Manyam,Seethanagaram,Chinnarayudupeta
Andhra Pradesh,Parvathipuram Manyam,Seethanagaram,Dayanidhipuram
Andhra Pradesh,Parvathipuram Manyam,Seethanagaram,Gadelavalasa
Andhra Pradesh,Parvathipuram Manyam,Seethanagaram,Gangarajapuram
Andhra Pradesh,Parvathipuram Manyam,Seethanagaram,Geddaluppi
Andhra Pradesh,Parvathipuram Manyam,Seethanagaram,Gutchimi
Andhra Pradesh,Parvathipuram Manyam,Seethanagaram,Ippalavalasa
Andhra Pradesh,Parvathipuram Manyam,Seethanagaram,Jagannadhapuram
Andhra Pradesh,Parvathipuram Manyam,Seethanagaram,Janthirayapuram
Andhra Pradesh,Parvathipuram Manyam,Seethanagaram,Janumulluvalasa
Andhra Pradesh,Parvathipuram Manyam,Seethanagaram,Jogimpeta
Andhra Pradesh,Parvathipuram Manyam,Seethanagaram,Kasapeta
Andhra Pradesh,Parvathipuram Manyam,Seethanagaram,Kothavalasa
Andhra Pradesh,Parvathipuram Manyam,Seethanagaram,Krishnarayapuram
Andhra Pradesh,Parvathipuram Manyam,Seethanagaram,K.Seetharampuram
Andhra Pradesh,Parvathipuram Manyam,Seethanagaram,Lakshmipuram
Andhra Pradesh,Parvathipuram Manyam,Seethanagaram,Latchayyapeta
Andhra Pradesh,Parvathipuram Manyam,Seethanagaram,Maripivalasa
Andhra Pradesh,Parvathipuram Manyam,Seethanagaram,Neelakantapuram
Andhra Pradesh,Parvathipuram Manyam,Seethanagaram,Nidagallu
Andhra Pradesh,Parvathipuram Manyam,Seethanagaram,Panukupeta
Andhra Pradesh,Parvathipuram Manyam,Seethanagaram,Papammavalasa
Andhra Pradesh,Parvathipuram Manyam,Seethanagaram,Pedabhogila
Andhra Pradesh,Parvathipuram Manyam,Seethanagaram,Pedankalam
Andhra Pradesh,Parvathipuram Manyam,Seethanagaram,Punubutchampeta
Andhra Pradesh,Parvathipuram Manyam,Seethanagaram,Ramavaram
Andhra Pradesh,Parvathipuram Manyam,Seethanagaram,Rangampeta
Andhra Pradesh,Parvathipuram Manyam,Seethanagaram,Repativalasa
Andhra Pradesh,Parvathipuram Manyam,Seethanagaram,R.Venkampeta
Andhra Pradesh,Parvathipuram Manyam,Seethanagaram,Seetharampuram (Near) Subhadra
Andhra Pradesh,Parvathipuram Manyam,Seethanagaram,Sumitrapuram
Andhra Pradesh,Parvathipuram Manyam,Seethanagaram,Surammapeta
Andhra Pradesh,Parvathipuram Manyam,Seethanagaram,Thamarakhandi
Andhra Pradesh,Parvathipuram Manyam,Seethanagaram,Venkatapuram
Andhra Pradesh,Parvathipuram Manyam,Seethanagaram,Venkatapuram
Andhra Pradesh,Parvathipuram Manyam,Seethanagaram,Vennelabutchampeta
Andhra Pradesh,Parvathipuram Manyam,Veeraghattam,Adaru
Andhra Pradesh,Parvathipuram Manyam,Veeraghattam,Bitiwada
Andhra Pradesh,Parvathipuram Manyam,Veeraghattam,Bodlapadu
Andhra Pradesh,Parvathipuram Manyam,Veeraghattam,Buruga
Andhra Pradesh,Parvathipuram Manyam,Veeraghattam,Chalivendri
Andhra Pradesh,Parvathipuram Manyam,Veeraghattam,Chebiyyam Valasa
Andhra Pradesh,Parvathipuram Manyam,Veeraghattam,Chidimi
Andhra Pradesh,Parvathipuram Manyam,Veeraghattam,Chidimidari Seetharamarajupeta
Andhra Pradesh,Parvathipuram Manyam,Veeraghattam,Chinagora
Andhra Pradesh,Parvathipuram Manyam,Veeraghattam,Chittipudivalasa
Andhra Pradesh,Parvathipuram Manyam,Veeraghattam,Dasumantha Puram
Andhra Pradesh,Parvathipuram Manyam,Veeraghattam,Deppivalasa
Andhra Pradesh,Parvathipuram Manyam,Veeraghattam,Gadagamma
Andhra Pradesh,Parvathipuram Manyam,Veeraghattam,Hussain Puram
Andhra Pradesh,Parvathipuram Manyam,Veeraghattam,Jirayathi Gopalapuram
Andhra Pradesh,Parvathipuram Manyam,Veeraghattam,Kadakella
Andhra Pradesh,Parvathipuram Manyam,Veeraghattam,Kambara
Andhra Pradesh,Parvathipuram Manyam,Veeraghattam,Kattulakaviti
Andhra Pradesh,Parvathipuram Manyam,Veeraghattam,Kimmi
Andhra Pradesh,Parvathipuram Manyam,Veeraghattam,Koncha
Andhra Pradesh,Parvathipuram Manyam,Veeraghattam,Kottugumada
Andhra Pradesh,Parvathipuram Manyam,Veeraghattam,Kumbidi Ichapuram
Andhra Pradesh,Parvathipuram Manyam,Veeraghattam,Kummarigunta
Andhra Pradesh,Parvathipuram Manyam,Veeraghattam,Modatikella
Andhra Pradesh,Parvathipuram Manyam,Veeraghattam,Mokasharajapuram
Andhra Pradesh,Parvathipuram Manyam,Veeraghattam,Nadimikella
Andhra Pradesh,Parvathipuram Manyam,Veeraghattam,Nadukuru
Andhra Pradesh,Parvathipuram Manyam,Veeraghattam,Narsipuram
Andhra Pradesh,Parvathipuram Manyam,Veeraghattam,Neelanagaram
Andhra Pradesh,Parvathipuram Manyam,Veeraghattam,Palametta Viziaramapuram
Andhra Pradesh,Parvathipuram Manyam,Veeraghattam,Panasanandivada
Andhra Pradesh,Parvathipuram Manyam,Veeraghattam,Pedduru
Andhra Pradesh,Parvathipuram Manyam,Veeraghattam,Regulapadu
Andhra Pradesh,Parvathipuram Manyam,Veeraghattam,Srihari Puram
Andhra Pradesh,Parvathipuram Manyam,Veeraghattam,Talavaram
Andhra Pradesh,Parvathipuram Manyam,Veeraghattam,Tettangi
Andhra Pradesh,Parvathipuram Manyam,Veeraghattam,Tudi
Andhra Pradesh,Parvathipuram Manyam,Veeraghattam,Vanduva
Andhra Pradesh,Parvathipuram Manyam,Veeraghattam,Veeraghattam
Andhra Pradesh,Parvathipuram Manyam,Veeraghattam,Vikrampuram
Andhra Pradesh,Parvathipuram Manyam,Veeraghattam,V. Venkampeta
Andhra Pradesh,Prakasam,Ardhaveedu,Ardhaveedu
Andhra Pradesh,Prakasam,Ardhaveedu,Ayyavari Palle
Andhra Pradesh,Prakasam,Ardhaveedu,Bogolu
Andhra Pradesh,Prakasam,Ardhaveedu,Bollu Palle
Andhra Pradesh,Prakasam,Ardhaveedu,Donakonda
Andhra Pradesh,Prakasam,Ardhaveedu,Gannepalle
Andhra Pradesh,Prakasam,Ardhaveedu,Kakarla
Andhra Pradesh,Prakasam,Ardhaveedu,Magutur
Andhra Pradesh,Prakasam,Ardhaveedu,Papineni Palle
Andhra Pradesh,Prakasam,Ardhaveedu,Peda Kandukur
Andhra Pradesh,Prakasam,Ardhaveedu,Potti Basavai Palle
Andhra Pradesh,Prakasam,Ardhaveedu,Velagalapaya
Andhra Pradesh,Prakasam,Ardhaveedu,Yerraguntla
Andhra Pradesh,Prakasam,Bestavaripeta,Basine Palle
Andhra Pradesh,Prakasam,Bestavaripeta,Bestawaripeta
Andhra Pradesh,Prakasam,Bestavaripeta,China Obeneni Palle
Andhra Pradesh,Prakasam,Bestavaripeta,Chinthala Palem
Andhra Pradesh,Prakasam,Bestavaripeta,Dathara Krishnapuram
Andhra Pradesh,Prakasam,Bestavaripeta,Galijerugulla
Andhra Pradesh,Prakasam,Bestavaripeta,Jaggambotla Krishnapuram
Andhra Pradesh,Prakasam,Bestavaripeta,Kona Palle
Andhra Pradesh,Prakasam,Bestavaripeta,Madhana Pullala Cheruvu
Andhra Pradesh,Prakasam,Bestavaripeta,Moksha Gundum
Andhra Pradesh,Prakasam,Bestavaripeta,Nekunambad
Andhra Pradesh,Prakasam,Bestavaripeta,Ondutla
Andhra Pradesh,Prakasam,Bestavaripeta,Pachala Venkata Puram
Andhra Pradesh,Prakasam,Bestavaripeta,Papayapalle
Andhra Pradesh,Prakasam,Bestavaripeta,Peda Obeneni Palle
Andhra Pradesh,Prakasam,Bestavaripeta,Pitikayagulla
Andhra Pradesh,Prakasam,Bestavaripeta,Pothavaram
Andhra Pradesh,Prakasam,Bestavaripeta,Pusalapadu
Andhra Pradesh,Prakasam,Bestavaripeta,Retla Palle
Andhra Pradesh,Prakasam,Bestavaripeta,Salakalaveedu
Andhra Pradesh,Prakasam,Bestavaripeta,Somavarapeta
Andhra Pradesh,Prakasam,Chandra Sekhara Puram,Ambavaram
Andhra Pradesh,Prakasam,Chandra Sekhara Puram,Anikalla Palle
Andhra Pradesh,Prakasam,Chandra Sekhara Puram,Arivemula
Andhra Pradesh,Prakasam,Chandra Sekhara Puram,Bodavula Dinne
Andhra Pradesh,Prakasam,Chandra Sekhara Puram,Bontha Vari Palle
Andhra Pradesh,Prakasam,Chandra Sekhara Puram,Boyamadugula
Andhra Pradesh,Prakasam,Chandra Sekhara Puram,Chandra Sekhara Puram
Andhra Pradesh,Prakasam,Chandra Sekhara Puram,Chennapanayuni Palle
Andhra Pradesh,Prakasam,Chandra Sekhara Puram,Chintala Palem
Andhra Pradesh,Prakasam,Chandra Sekhara Puram,Chinthapudi
Andhra Pradesh,Prakasam,Chandra Sekhara Puram,Darsigunta Peta
Andhra Pradesh,Prakasam,Chandra Sekhara Puram,Darsi Thimmakka Palle
Andhra Pradesh,Prakasam,Chandra Sekhara Puram,Devaki Marri
Andhra Pradesh,Prakasam,Chandra Sekhara Puram,Guntachennam Palle
Andhra Pradesh,Prakasam,Chandra Sekhara Puram,Kambham Padu
Andhra Pradesh,Prakasam,Chandra Sekhara Puram,Komatigunta
Andhra Pradesh,Prakasam,Chandra Sekhara Puram,Kondabaina Palle
Andhra Pradesh,Prakasam,Chandra Sekhara Puram,Kotha Palle
Andhra Pradesh,Prakasam,Chandra Sekhara Puram,Kovilam Padu
Andhra Pradesh,Prakasam,Chandra Sekhara Puram,Malameedi Palle
Andhra Pradesh,Prakasam,Chandra Sekhara Puram,Medanulu Vengana Palle
Andhra Pradesh,Prakasam,Chandra Sekhara Puram,Mundlapadu
Andhra Pradesh,Prakasam,Chandra Sekhara Puram,Musunoor
Andhra Pradesh,Prakasam,Chandra Sekhara Puram,Nagulavaram
Andhra Pradesh,Prakasam,Chandra Sekhara Puram,Nalajanam Padu
Andhra Pradesh,Prakasam,Chandra Sekhara Puram,Nallamadugula
Andhra Pradesh,Prakasam,Chandra Sekhara Puram,Pedagogulapalle
Andhra Pradesh,Prakasam,Chandra Sekhara Puram,Pedaraju Palem
Andhra Pradesh,Prakasam,Chandra Sekhara Puram,Ranganayuni Palle
Andhra Pradesh,Prakasam,Chandra Sekhara Puram,Regula Chilaka
Andhra Pradesh,Prakasam,Chandra Sekhara Puram,Talaneelamala
Andhra Pradesh,Prakasam,Chandra Sekhara Puram,Thummagunta
Andhra Pradesh,Prakasam,Chandra Sekhara Puram,Thungodu
Andhra Pradesh,Prakasam,Chandra Sekhara Puram,Uppalapadu
Andhra Pradesh,Prakasam,Chandra Sekhara Puram,Vatla Bayulu
Andhra Pradesh,Prakasam,Chandra Sekhara Puram,Venkataya Cheruvu
Andhra Pradesh,Prakasam,Chandra Sekhara Puram,Viranchi Puram
Andhra Pradesh,Prakasam,Chandra Sekhara Puram,Yekunam Puram
Andhra Pradesh,Prakasam,Chimakurthy,Bandlamudi
Andhra Pradesh,Prakasam,Chimakurthy,Bhusura Palle
Andhra Pradesh,Prakasam,Chimakurthy,Budavada
Andhra Pradesh,Prakasam,Chimakurthy,Chandrapadu
Andhra Pradesh,Prakasam,Chimakurthy,Chimakurthi
Andhra Pradesh,Prakasam,Chimakurthy,China Ravipadu
Andhra Pradesh,Prakasam,Chimakurthy,Devarapalem
Andhra Pradesh,Prakasam,Chimakurthy,Gonugunta
Andhra Pradesh,Prakasam,Chimakurthy,Gunduvari Laxmipuram
Andhra Pradesh,Prakasam,Chimakurthy,Ilapavuluru
Andhra Pradesh,Prakasam,Chimakurthy,Kandurivari Agraharam
Andhra Pradesh,Prakasam,Chimakurthy,Manchikalapadu
Andhra Pradesh,Prakasam,Chimakurthy,Mylavaram
Andhra Pradesh,Prakasam,Chimakurthy,Nekunambadu
Andhra Pradesh,Prakasam,Chimakurthy,Nippatlapadu
Andhra Pradesh,Prakasam,Chimakurthy,Padamatinaidupalem
Andhra Pradesh,Prakasam,Chimakurthy,Palla Malli
Andhra Pradesh,Prakasam,Chimakurthy,Pidathalapudi
Andhra Pradesh,Prakasam,Chimakurthy,Pulikonda
Andhra Pradesh,Prakasam,Chimakurthy,Rajupalem - Laxmipuram
Andhra Pradesh,Prakasam,Chimakurthy,Ramachandra Puram
Andhra Pradesh,Prakasam,Chimakurthy,Rangasai Puram
Andhra Pradesh,Prakasam,Chimakurthy,Torragudi Padu
Andhra Pradesh,Prakasam,Chimakurthy,Yerragudipadu
Andhra Pradesh,Prakasam,Cumbum,Anantha Palle
Andhra Pradesh,Prakasam,Cumbum,Auranga Bad
Andhra Pradesh,Prakasam,Cumbum,China Cumbum
Andhra Pradesh,Prakasam,Cumbum,Cumbum (Ct)
Andhra Pradesh,Prakasam,Cumbum,Hazarat Gudem
Andhra Pradesh,Prakasam,Cumbum,Jangamguntla
Andhra Pradesh,Prakasam,Cumbum,Kagitalagudem
Andhra Pradesh,Prakasam,Cumbum,Kandula Puram
Andhra Pradesh,Prakasam,Cumbum,Lanja Kota
Andhra Pradesh,Prakasam,Cumbum,Linga Puram
Andhra Pradesh,Prakasam,Cumbum,Lingapuram Khandrika
Andhra Pradesh,Prakasam,Cumbum,Nadim Palle
Andhra Pradesh,Prakasam,Cumbum,Porumamilla Palle
Andhra Pradesh,Prakasam,Cumbum,Ravipadu
Andhra Pradesh,Prakasam,Cumbum,Thurimella
Andhra Pradesh,Prakasam,Cumbum,Yerrabalem
Andhra Pradesh,Prakasam,Darsi,Abbaya Palem
Andhra Pradesh,Prakasam,Darsi,Akkamamba Puram
Andhra Pradesh,Prakasam,Darsi,Anna Varam
Andhra Pradesh,Prakasam,Darsi,Bala Puram
Andhra Pradesh,Prakasam,Darsi,Bandellapaya
Andhra Pradesh,Prakasam,Darsi,Bandiveligandla
Andhra Pradesh,Prakasam,Darsi,Bukka Puram
Andhra Pradesh,Prakasam,Darsi,Chalivendra
Andhra Pradesh,Prakasam,Darsi,Chandaluru
Andhra Pradesh,Prakasam,Darsi,Cheruvu Komma Palem
Andhra Pradesh,Prakasam,Darsi,China Uyyalawada
Andhra Pradesh,Prakasam,Darsi,Darsi
Andhra Pradesh,Prakasam,Darsi,Devavaram
Andhra Pradesh,Prakasam,Darsi,East Choutapalem
Andhra Pradesh,Prakasam,Darsi,East Veeraya Palem
Andhra Pradesh,Prakasam,Darsi,East Venkata Puram
Andhra Pradesh,Prakasam,Darsi,Ganeswara Puram
Andhra Pradesh,Prakasam,Darsi,Jammigumpala @ K.S.Palem
Andhra Pradesh,Prakasam,Darsi,Jamukuladinne
Andhra Pradesh,Prakasam,Darsi,Korlamadugu
Andhra Pradesh,Prakasam,Darsi,Kothapalle
Andhra Pradesh,Prakasam,Darsi,Krishna Puram
Andhra Pradesh,Prakasam,Darsi,Lakshmi Narayana Puram
Andhra Pradesh,Prakasam,Darsi,Lankojana Palle
Andhra Pradesh,Prakasam,Darsi,Mohiddin Puram
Andhra Pradesh,Prakasam,Darsi,Pedauyyalawada
Andhra Pradesh,Prakasam,Darsi,Potha Kamuru
Andhra Pradesh,Prakasam,Darsi,Potha Varam
Andhra Pradesh,Prakasam,Darsi,Rajam Palle
Andhra Pradesh,Prakasam,Darsi,Ramachandra Puram
Andhra Pradesh,Prakasam,Darsi,Samanthapudi
Andhra Pradesh,Prakasam,Darsi,Seetha Sagaram
Andhra Pradesh,Prakasam,Darsi,Thanam Chinthala
Andhra Pradesh,Prakasam,Darsi,Thimmaya Palem
Andhra Pradesh,Prakasam,Darsi,Thripura Sundari Puram
Andhra Pradesh,Prakasam,Darsi,Thummedalapadu
Andhra Pradesh,Prakasam,Darsi,Venkatachalam Palle
Andhra Pradesh,Prakasam,Darsi,Yerrobana Palle
Andhra Pradesh,Prakasam,Donakonda,Ananthavaram
Andhra Pradesh,Prakasam,Donakonda,Aravallipadu
Andhra Pradesh,Prakasam,Donakonda,Bada Puram
Andhra Pradesh,Prakasam,Donakonda,Battepadu
Andhra Pradesh,Prakasam,Donakonda,Bhumanapalle
Andhra Pradesh,Prakasam,Donakonda,Chandavaram
Andhra Pradesh,Prakasam,Donakonda,Gudipadu
Andhra Pradesh,Prakasam,Donakonda,Indla Cheruvu
Andhra Pradesh,Prakasam,Donakonda,Kalavala Palle
Andhra Pradesh,Prakasam,Donakonda,Kotcherla Kota
Andhra Pradesh,Prakasam,Donakonda,Lakshmi Narayana Puram
Andhra Pradesh,Prakasam,Donakonda,Mallam Peta
Andhra Pradesh,Prakasam,Donakonda,Manginapudi
Andhra Pradesh,Prakasam,Donakonda,Narasimhanayuni Palem
Andhra Pradesh,Prakasam,Donakonda,Padamara Lakshmipuram
Andhra Pradesh,Prakasam,Donakonda,Padamati Venkata Puram
Andhra Pradesh,Prakasam,Donakonda,Peddanna Palem
Andhra Pradesh,Prakasam,Donakonda,Pochamakka Palle
Andhra Pradesh,Prakasam,Donakonda,Pole Palle
Andhra Pradesh,Prakasam,Donakonda,Ragamakka Palle
Andhra Pradesh,Prakasam,Donakonda,Ramapuram
Andhra Pradesh,Prakasam,Donakonda,Rudra Samudram
Andhra Pradesh,Prakasam,Donakonda,Sangapuram
Andhra Pradesh,Prakasam,Donakonda,Siddayapalem
Andhra Pradesh,Prakasam,Donakonda,Tella Padu
Andhra Pradesh,Prakasam,Donakonda,Vabbapuram
Andhra Pradesh,Prakasam,Donakonda,Vaddipadu
Andhra Pradesh,Prakasam,Donakonda,Veera Venkata Puram
Andhra Pradesh,Prakasam,Donakonda,West Kambhampadu
Andhra Pradesh,Prakasam,Donakonda,Yerrabalem
Andhra Pradesh,Prakasam,Dornala,Ayinamukkala
Andhra Pradesh,Prakasam,Dornala,Chilaka Cherla Gudem
Andhra Pradesh,Prakasam,Dornala,China Arutla
Andhra Pradesh,Prakasam,Dornala,China Dornala
Andhra Pradesh,Prakasam,Dornala,China Manthanala
Andhra Pradesh,Prakasam,Dornala,Chinthala
Andhra Pradesh,Prakasam,Dornala,Dornala
Andhra Pradesh,Prakasam,Dornala,Kata Kani Palle
Andhra Pradesh,Prakasam,Dornala,Marripalem
Andhra Pradesh,Prakasam,Dornala,Nallaguntla
Andhra Pradesh,Prakasam,Dornala,Nalla Guntla Gudem
Andhra Pradesh,Prakasam,Dornala,Peda Arutla
Andhra Pradesh,Prakasam,Dornala,Peda Bommala Puram
Andhra Pradesh,Prakasam,Dornala,Pedachama
Andhra Pradesh,Prakasam,Dornala,Pedamanthanala
Andhra Pradesh,Prakasam,Dornala,Rolla Penta
Andhra Pradesh,Prakasam,Dornala,Thummala Bayalu
Andhra Pradesh,Prakasam,Dornala,Yadavalli
Andhra Pradesh,Prakasam,Dornala,Yeguva Cherlo Palle
Andhra Pradesh,Prakasam,Giddalur,Ambavaram
Andhra Pradesh,Prakasam,Giddalur,Bogada
Andhra Pradesh,Prakasam,Giddalur,Chatti Reddy Palle
Andhra Pradesh,Prakasam,Giddalur,Gadikota
Andhra Pradesh,Prakasam,Giddalur,Giddaluru (Ct)
Andhra Pradesh,Prakasam,Giddalur,Isukagundam Gudem
Andhra Pradesh,Prakasam,Giddalur,Kanchi Palle
Andhra Pradesh,Prakasam,Giddalur,Kommunuru
Andhra Pradesh,Prakasam,Giddalur,Kongala Veedu
Andhra Pradesh,Prakasam,Giddalur,Kotha Kota
Andhra Pradesh,Prakasam,Giddalur,Kristam Setti Palle
Andhra Pradesh,Prakasam,Giddalur,Malakondapentagudem
Andhra Pradesh,Prakasam,Giddalur,Modam Palle
Andhra Pradesh,Prakasam,Giddalur,Mundla Padu
Andhra Pradesh,Prakasam,Giddalur,Narasimhuni Palle
Andhra Pradesh,Prakasam,Giddalur,Narava
Andhra Pradesh,Prakasam,Giddalur,Podili Konda Palle
Andhra Pradesh,Prakasam,Giddalur,Sanjeevarao Peta
Andhra Pradesh,Prakasam,Giddalur,Thamballa Palle
Andhra Pradesh,Prakasam,Giddalur,Thimma Puram
Andhra Pradesh,Prakasam,Giddalur,Tripura Puram
Andhra Pradesh,Prakasam,Giddalur,Uyyala Wada
Andhra Pradesh,Prakasam,Hanumanthuni Padu,Annada Puram
Andhra Pradesh,Prakasam,Hanumanthuni Padu,Chinagolla Palle
Andhra Pradesh,Prakasam,Hanumanthuni Padu,Dasalla Palle
Andhra Pradesh,Prakasam,Hanumanthuni Padu,Doddi Chintala
Andhra Pradesh,Prakasam,Hanumanthuni Padu,Hanumantha Puram
Andhra Pradesh,Prakasam,Hanumanthuni Padu,Hanumanthunipadu
Andhra Pradesh,Prakasam,Hanumanthuni Padu,Hazee Puram
Andhra Pradesh,Prakasam,Hanumanthuni Padu,Kondareddi Palle
Andhra Pradesh,Prakasam,Hanumanthuni Padu,Kotathippala
Andhra Pradesh,Prakasam,Hanumanthuni Padu,Kutagundla
Andhra Pradesh,Prakasam,Hanumanthuni Padu,Masaya Peta
Andhra Pradesh,Prakasam,Hanumanthuni Padu,Mohammada Puram
Andhra Pradesh,Prakasam,Hanumanthuni Padu,Muppala Padu
Andhra Pradesh,Prakasam,Hanumanthuni Padu,Nallagandla
Andhra Pradesh,Prakasam,Hanumanthuni Padu,Nandanavanam
Andhra Pradesh,Prakasam,Hanumanthuni Padu,Neelakanta Puram
Andhra Pradesh,Prakasam,Hanumanthuni Padu,Pedagola Palle
Andhra Pradesh,Prakasam,Hanumanthuni Padu,Peddivenkataya Palle
Andhra Pradesh,Prakasam,Hanumanthuni Padu,Ramaya Palle
Andhra Pradesh,Prakasam,Hanumanthuni Padu,Raseedu Puram
Andhra Pradesh,Prakasam,Hanumanthuni Padu,Thimmareddi Palle
Andhra Pradesh,Prakasam,Hanumanthuni Padu,Ummana Palle
Andhra Pradesh,Prakasam,Hanumanthuni Padu,Upendra Puram
Andhra Pradesh,Prakasam,Hanumanthuni Padu,Valicherla
Andhra Pradesh,Prakasam,Hanumanthuni Padu,Veeragareddi Palle
Andhra Pradesh,Prakasam,Hanumanthuni Padu,Veerarama Puram
Andhra Pradesh,Prakasam,Hanumanthuni Padu,Vemula Padu
Andhra Pradesh,Prakasam,Kanigiri,Ayyanapalem
Andhra Pradesh,Prakasam,Kanigiri,Baduguleru
Andhra Pradesh,Prakasam,Kanigiri,Balavenkata Puram
Andhra Pradesh,Prakasam,Kanigiri,Balli Palle
Andhra Pradesh,Prakasam,Kanigiri,Bommireddi Palle
Andhra Pradesh,Prakasam,Kanigiri,Chakirala
Andhra Pradesh,Prakasam,Kanigiri,Challagirigala
Andhra Pradesh,Prakasam,Kanigiri,Chennakesavapuram
Andhra Pradesh,Prakasam,Kanigiri,Chinaalavala Padu
Andhra Pradesh,Prakasam,Kanigiri,China Irlapadu
Andhra Pradesh,Prakasam,Kanigiri,Chirla Dinne
Andhra Pradesh,Prakasam,Kanigiri,Dirisavancha
Andhra Pradesh,Prakasam,Kanigiri,Ganuga Penta
Andhra Pradesh,Prakasam,Kanigiri,Gosulaveedu
Andhra Pradesh,Prakasam,Kanigiri,Gudipadu
Andhra Pradesh,Prakasam,Kanigiri,Guravajipeta
Andhra Pradesh,Prakasam,Kanigiri,Hazis Puram
Andhra Pradesh,Prakasam,Kanigiri,Jammalamadaka
Andhra Pradesh,Prakasam,Kanigiri,Kalagatla
Andhra Pradesh,Prakasam,Kanigiri,Kanchipuram
Andhra Pradesh,Prakasam,Kanigiri,Kanigiri (U) (Ct)
Andhra Pradesh,Prakasam,Kanigiri,Kodigudla Padu (West)
Andhra Pradesh,Prakasam,Kanigiri,Krishna Puram
Andhra Pradesh,Prakasam,Kanigiri,Lingojipuram
Andhra Pradesh,Prakasam,Kanigiri,Nimma Maheswarapuram
Andhra Pradesh,Prakasam,Kanigiri,Peramgudi Palle
Andhra Pradesh,Prakasam,Kanigiri,Polavaram
Andhra Pradesh,Prakasam,Kanigiri,Punugodu
Andhra Pradesh,Prakasam,Kanigiri,Punugodu Khandrika
Andhra Pradesh,Prakasam,Kanigiri,Rachagundlapadu
Andhra Pradesh,Prakasam,Kanigiri,Sankavaram
Andhra Pradesh,Prakasam,Kanigiri,Somanapalle
Andhra Pradesh,Prakasam,Kanigiri,Takkellapadu
Andhra Pradesh,Prakasam,Kanigiri,Tallur
Andhra Pradesh,Prakasam,Kanigiri,Thummagunta
Andhra Pradesh,Prakasam,Kanigiri,Umamaheswarapuram
Andhra Pradesh,Prakasam,Kanigiri,Vangapadu
Andhra Pradesh,Prakasam,Kanigiri,Vijaya Gopala Puram
Andhra Pradesh,Prakasam,Kanigiri,Viswanadha Puram
Andhra Pradesh,Prakasam,Kanigiri,Yadavalli
Andhra Pradesh,Prakasam,Komarolu,Allinagaram
Andhra Pradesh,Prakasam,Komarolu,Badineni Palle
Andhra Pradesh,Prakasam,Komarolu,Bedusu Palle
Andhra Pradesh,Prakasam,Komarolu,Brahmana Palle
Andhra Pradesh,Prakasam,Komarolu,Chinthala Palle
Andhra Pradesh,Prakasam,Komarolu,Daddawada
Andhra Pradesh,Prakasam,Komarolu,Edamakallu
Andhra Pradesh,Prakasam,Komarolu,Guduru Moravai Palle
Andhra Pradesh,Prakasam,Komarolu,Komarolu
Andhra Pradesh,Prakasam,Komarolu,Kristam Palle
Andhra Pradesh,Prakasam,Komarolu,Lingareddi Palle
Andhra Pradesh,Prakasam,Komarolu,Mottu Palle
Andhra Pradesh,Prakasam,Komarolu,Nagireddipalle
Andhra Pradesh,Prakasam,Komarolu,Nallaguntla
Andhra Pradesh,Prakasam,Komarolu,Pullareddi Palle
Andhra Pradesh,Prakasam,Komarolu,Rajupalem
Andhra Pradesh,Prakasam,Komarolu,Ramavari Palle
Andhra Pradesh,Prakasam,Komarolu,Reddicherla
Andhra Pradesh,Prakasam,Komarolu,Suravari Palle
Andhra Pradesh,Prakasam,Komarolu,Taticherla
Andhra Pradesh,Prakasam,Komarolu,Vennam Palle
Andhra Pradesh,Prakasam,Konakanamitla,Ambapuram
Andhra Pradesh,Prakasam,Konakanamitla,Aswarayuni Palem
Andhra Pradesh,Prakasam,Konakanamitla,Basava Puram
Andhra Pradesh,Prakasam,Konakanamitla,Batchalakurapadu
Andhra Pradesh,Prakasam,Konakanamitla,Boda Padu
Andhra Pradesh,Prakasam,Konakanamitla,Budamkayala Padu
Andhra Pradesh,Prakasam,Konakanamitla,Burada Palem
Andhra Pradesh,Prakasam,Konakanamitla,Chinamanagundam
Andhra Pradesh,Prakasam,Konakanamitla,Chinarikatla
Andhra Pradesh,Prakasam,Konakanamitla,Chinta Gunta
Andhra Pradesh,Prakasam,Konakanamitla,Ganivani Padu
Andhra Pradesh,Prakasam,Konakanamitla,Garimana Penta
Andhra Pradesh,Prakasam,Konakanamitla,Garladinne
Andhra Pradesh,Prakasam,Konakanamitla,Gotlagattu
Andhra Pradesh,Prakasam,Konakanamitla,Gurrala Madugu
Andhra Pradesh,Prakasam,Konakanamitla,Irasalagundam
Andhra Pradesh,Prakasam,Konakanamitla,Katragunta
Andhra Pradesh,Prakasam,Konakanamitla,Konakanamitla
Andhra Pradesh,Prakasam,Konakanamitla,Marri Palem
Andhra Pradesh,Prakasam,Konakanamitla,Mummayapalem
Andhra Pradesh,Prakasam,Konakanamitla,Munagapadu
Andhra Pradesh,Prakasam,Konakanamitla,Nagampalle
Andhra Pradesh,Prakasam,Konakanamitla,Nagaraju Gunta
Andhra Pradesh,Prakasam,Konakanamitla,Pedarikatla
Andhra Pradesh,Prakasam,Konakanamitla,Regumani Palle
Andhra Pradesh,Prakasam,Konakanamitla,Salanuthala
Andhra Pradesh,Prakasam,Konakanamitla,Siddavaram
Andhra Pradesh,Prakasam,Konakanamitla,Thuvva Padu
Andhra Pradesh,Prakasam,Konakanamitla,Vaddi Madugu
Andhra Pradesh,Prakasam,Konakanamitla,Vagemadugu
Andhra Pradesh,Prakasam,Konakanamitla,Vedurralla Padu
Andhra Pradesh,Prakasam,Konakanamitla,Veerabhadra Puram
Andhra Pradesh,Prakasam,Konakanamitla,Veligandla
Andhra Pradesh,Prakasam,Konakanamitla,Vinjavarthi Padu
Andhra Pradesh,Prakasam,Kondapi,Anakarlapudi
Andhra Pradesh,Prakasam,Kondapi,C G Anantha Bhotla Vari Khandrika
Andhra Pradesh,Prakasam,Kondapi,C G Chamarthivarikhandrika
Andhra Pradesh,Prakasam,Kondapi,C G Mamidalavarikhandrika
Andhra Pradesh,Prakasam,Kondapi,Chinakandla Gunta
Andhra Pradesh,Prakasam,Kondapi,China Venkana Palem
Andhra Pradesh,Prakasam,Kondapi,Chodavaram
Andhra Pradesh,Prakasam,Kondapi,G Dharbakulavarikhandrika
Andhra Pradesh,Prakasam,Kondapi,Gurrappadia
Andhra Pradesh,Prakasam,Kondapi,Ilavera
Andhra Pradesh,Prakasam,Kondapi,Kondapi
Andhra Pradesh,Prakasam,Kondapi,Kondapi Gadiyaram Vari Khandrika
Andhra Pradesh,Prakasam,Kondapi,K.Uppalapadu
Andhra Pradesh,Prakasam,Kondapi,Mugachintala
Andhra Pradesh,Prakasam,Kondapi,Muppavaram
Andhra Pradesh,Prakasam,Kondapi,Nennurupadu
Andhra Pradesh,Prakasam,Kondapi,Pedakandlagunta
Andhra Pradesh,Prakasam,Kondapi,Peridepi
Andhra Pradesh,Prakasam,Kondapi,Petluru
Andhra Pradesh,Prakasam,Kondapi,Petlurukurugantivarikhandrika
Andhra Pradesh,Prakasam,Kondapi,Petlurumocharlavari Khandrika
Andhra Pradesh,Prakasam,Kondapi,Vennuru
Andhra Pradesh,Prakasam,Kotha Patnam,Aaluru
Andhra Pradesh,Prakasam,Kotha Patnam,Allur
Andhra Pradesh,Prakasam,Kotha Patnam,Alluru Kotha Patnam
Andhra Pradesh,Prakasam,Kotha Patnam,Ethamukkala
Andhra Pradesh,Prakasam,Kotha Patnam,Madanur
Andhra Pradesh,Prakasam,Kotha Patnam,Padarthi
Andhra Pradesh,Prakasam,Kotha Patnam,Payakari Khandrika
Andhra Pradesh,Prakasam,Kotha Patnam,Raju Palem
Andhra Pradesh,Prakasam,Kurichedu,Alavalapadu
Andhra Pradesh,Prakasam,Kurichedu,Avulamanda
Andhra Pradesh,Prakasam,Kurichedu,Bayya Varam
Andhra Pradesh,Prakasam,Kurichedu,Bodanampadu
Andhra Pradesh,Prakasam,Kurichedu,Dekanakonda
Andhra Pradesh,Prakasam,Kurichedu,Gangadona Konda
Andhra Pradesh,Prakasam,Kurichedu,Jagannadhapuram
Andhra Pradesh,Prakasam,Kurichedu,Kallur
Andhra Pradesh,Prakasam,Kurichedu,Kurichedu
Andhra Pradesh,Prakasam,Kurichedu,Mallaya Palem
Andhra Pradesh,Prakasam,Kurichedu,Mustla Gangavaram
Andhra Pradesh,Prakasam,Kurichedu,Namassivaya Puram
Andhra Pradesh,Prakasam,Kurichedu,Peddavaram
Andhra Pradesh,Prakasam,Kurichedu,Perambotla Palem
Andhra Pradesh,Prakasam,Kurichedu,Potlapadu
Andhra Pradesh,Prakasam,Kurichedu,West Gangavaram
Andhra Pradesh,Prakasam,Kurichedu,West Kasipuram
Andhra Pradesh,Prakasam,Kurichedu,West Naidupalem
Andhra Pradesh,Prakasam,Kurichedu,West Veeraya Palem
Andhra Pradesh,Prakasam,Maddipadu,Annangi
Andhra Pradesh,Prakasam,Maddipadu,Doddavaram
Andhra Pradesh,Prakasam,Maddipadu,Doddavarappadu
Andhra Pradesh,Prakasam,Maddipadu,Edugundlapadu
Andhra Pradesh,Prakasam,Maddipadu,Gadiyapudi
Andhra Pradesh,Prakasam,Maddipadu,Garlapadu
Andhra Pradesh,Prakasam,Maddipadu,Gundla Palle
Andhra Pradesh,Prakasam,Maddipadu,Inamanamellur
Andhra Pradesh,Prakasam,Maddipadu,Keerthi Padu
Andhra Pradesh,Prakasam,Maddipadu,Kolachanakota
Andhra Pradesh,Prakasam,Maddipadu,Lingamgunta
Andhra Pradesh,Prakasam,Maddipadu,Maddipadu
Andhra Pradesh,Prakasam,Maddipadu,Mallavaram
Andhra Pradesh,Prakasam,Maddipadu,Nandipadu
Andhra Pradesh,Prakasam,Maddipadu,Nelatur
Andhra Pradesh,Prakasam,Maddipadu,Peda Kotha Palle
Andhra Pradesh,Prakasam,Maddipadu,Rachavari Palem
Andhra Pradesh,Prakasam,Maddipadu,Seetharampuram
Andhra Pradesh,Prakasam,Maddipadu,Vellam Palle
Andhra Pradesh,Prakasam,Maddipadu,Venkateswarapuram
Andhra Pradesh,Prakasam,Markapuram,Akkacheruvu
Andhra Pradesh,Prakasam,Markapuram,Badekhanpeta
Andhra Pradesh,Prakasam,Markapuram,Bhupathi Palle
Andhra Pradesh,Prakasam,Markapuram,Bondala Padu
Andhra Pradesh,Prakasam,Markapuram,Chintakunta
Andhra Pradesh,Prakasam,Markapuram,Gajjala Konda
Andhra Pradesh,Prakasam,Markapuram,Goguladinne
Andhra Pradesh,Prakasam,Markapuram,Gottipadia
Andhra Pradesh,Prakasam,Markapuram,Idupur
Andhra Pradesh,Prakasam,Markapuram,Jammana Palle
Andhra Pradesh,Prakasam,Markapuram,Kolabhimunipadu
Andhra Pradesh,Prakasam,Markapuram,Krishnapuram
Andhra Pradesh,Prakasam,Markapuram,Malyavanthuni Padu
Andhra Pradesh,Prakasam,Markapuram,Markapur (R)
Andhra Pradesh,Prakasam,Markapuram,Narasimha Puram
Andhra Pradesh,Prakasam,Markapuram,Nikaram Palle
Andhra Pradesh,Prakasam,Markapuram,Peda Nagulavaram
Andhra Pradesh,Prakasam,Markapuram,Peda Yachavaram
Andhra Pradesh,Prakasam,Markapuram,Rayavaram
Andhra Pradesh,Prakasam,Markapuram,Sivaram Puram
Andhra Pradesh,Prakasam,Markapuram,Thippaya Palem
Andhra Pradesh,Prakasam,Markapuram,Vemula Kota
Andhra Pradesh,Prakasam,Markapuram,Yella Puram
Andhra Pradesh,Prakasam,Marripudi,Ankepalle
Andhra Pradesh,Prakasam,Marripudi,Ayyaparaju Palem
Andhra Pradesh,Prakasam,Marripudi,Chilamkuru
Andhra Pradesh,Prakasam,Marripudi,Chimata
Andhra Pradesh,Prakasam,Marripudi,Dharamavaram
Andhra Pradesh,Prakasam,Marripudi,Ganjipalem
Andhra Pradesh,Prakasam,Marripudi,Garla Peta
Andhra Pradesh,Prakasam,Marripudi,Gosukonda Agraharam
Andhra Pradesh,Prakasam,Marripudi,Gundla Samudram
Andhra Pradesh,Prakasam,Marripudi,Juvvi Gunta
Andhra Pradesh,Prakasam,Marripudi,Kakarla
Andhra Pradesh,Prakasam,Marripudi,Kellam Palle
Andhra Pradesh,Prakasam,Marripudi,Kuchipudi
Andhra Pradesh,Prakasam,Marripudi,Marripudi
Andhra Pradesh,Prakasam,Marripudi,Nirmanapuram
Andhra Pradesh,Prakasam,Marripudi,Pannuru
Andhra Pradesh,Prakasam,Marripudi,Raju Palem
Andhra Pradesh,Prakasam,Marripudi,Ramachandrapuram
Andhra Pradesh,Prakasam,Marripudi,Ramayapalem
Andhra Pradesh,Prakasam,Marripudi,Sannamur
Andhra Pradesh,Prakasam,Marripudi,Thangella
Andhra Pradesh,Prakasam,Marripudi,Thippala Devi Palle
Andhra Pradesh,Prakasam,Marripudi,Vallaya Palem
Andhra Pradesh,Prakasam,Marripudi,Vankamarri Palem
Andhra Pradesh,Prakasam,Marripudi,Vema Varam
Andhra Pradesh,Prakasam,Marripudi,Venkata Krishna Puram
Andhra Pradesh,Prakasam,Mundlamuru,Avisanavaripalem
Andhra Pradesh,Prakasam,Mundlamuru,Basava Puram
Andhra Pradesh,Prakasam,Mundlamuru,Bhatla Palle
Andhra Pradesh,Prakasam,Mundlamuru,Bheemavaram
Andhra Pradesh,Prakasam,Mundlamuru,Brundavanam
Andhra Pradesh,Prakasam,Mundlamuru,Chinnavullagallu
Andhra Pradesh,Prakasam,Mundlamuru,Chintalapudi
Andhra Pradesh,Prakasam,Mundlamuru,Edara
Andhra Pradesh,Prakasam,Mundlamuru,Jammalamadaka
Andhra Pradesh,Prakasam,Mundlamuru,Kellam Palle
Andhra Pradesh,Prakasam,Mundlamuru,Khambham Padu (East)
Andhra Pradesh,Prakasam,Mundlamuru,Kommavaram
Andhra Pradesh,Prakasam,Mundlamuru,Marella
Andhra Pradesh,Prakasam,Mundlamuru,Mundlamuru
Andhra Pradesh,Prakasam,Mundlamuru,Nadimpallivari Khandrika
Andhra Pradesh,Prakasam,Mundlamuru,Nuzella Palle
Andhra Pradesh,Prakasam,Mundlamuru,Pasupugallu
Andhra Pradesh,Prakasam,Mundlamuru,Pedavullagallu
Andhra Pradesh,Prakasam,Mundlamuru,Peddaravipadu
Andhra Pradesh,Prakasam,Mundlamuru,Polavaram
Andhra Pradesh,Prakasam,Mundlamuru,Pulipadu
Andhra Pradesh,Prakasam,Mundlamuru,Purimetla
Andhra Pradesh,Prakasam,Mundlamuru,Sankarapuram
Andhra Pradesh,Prakasam,Mundlamuru,Singana Palem
Andhra Pradesh,Prakasam,Mundlamuru,Thammaluru
Andhra Pradesh,Prakasam,Mundlamuru,Umamaheswarapuram
Andhra Pradesh,Prakasam,Mundlamuru,Vempadu
Andhra Pradesh,Prakasam,Mundlamuru,Vemula
Andhra Pradesh,Prakasam,Mundlamuru,Vemulabanda
Andhra Pradesh,Prakasam,Naguluppala Padu,Ammana Brolu
Andhra Pradesh,Prakasam,Naguluppala Padu,Chadalawada
Andhra Pradesh,Prakasam,Naguluppala Padu,Cheervanuppala Padu
Andhra Pradesh,Prakasam,Naguluppala Padu,Chekura Padu
Andhra Pradesh,Prakasam,Naguluppala Padu,Edumudi
Andhra Pradesh,Prakasam,Naguluppala Padu,Kandlagunta
Andhra Pradesh,Prakasam,Naguluppala Padu,Kanuparthi
Andhra Pradesh,Prakasam,Naguluppala Padu,Kothakota
Andhra Pradesh,Prakasam,Naguluppala Padu,Machavaram
Andhra Pradesh,Prakasam,Naguluppala Padu,Maddirala Muppalla
Andhra Pradesh,Prakasam,Naguluppala Padu,Maddirala Padu
Andhra Pradesh,Prakasam,Naguluppala Padu,Mattigunta
Andhra Pradesh,Prakasam,Naguluppala Padu,Naguluppala Padu
Andhra Pradesh,Prakasam,Naguluppala Padu,Nidamanur
Andhra Pradesh,Prakasam,Naguluppala Padu,Pothavaram
Andhra Pradesh,Prakasam,Naguluppala Padu,Raparla
Andhra Pradesh,Prakasam,Naguluppala Padu,Thimmasamudram
Andhra Pradesh,Prakasam,Naguluppala Padu,Uppugundur
Andhra Pradesh,Prakasam,Ongole Rural,Chejerla
Andhra Pradesh,Prakasam,Ongole Rural,Devaram Padu
Andhra Pradesh,Prakasam,Ongole Rural,Karavadi
Andhra Pradesh,Prakasam,Ongole Rural,Mangaladri Puram
Andhra Pradesh,Prakasam,Ongole Rural,Sarvereddy Palem
Andhra Pradesh,Prakasam,Ongole Rural,Ulichi
Andhra Pradesh,Prakasam,Ongole Rural,Yerajerla
Andhra Pradesh,Prakasam,Ongole Urban,Annavarappadu
Andhra Pradesh,Prakasam,Ongole Urban,Cheruvu Kommu Palem
Andhra Pradesh,Prakasam,Ongole Urban,Gudimella Padu
Andhra Pradesh,Prakasam,Ongole Urban,Koppolu (R)
Andhra Pradesh,Prakasam,Ongole Urban,Kothamamidipalem (R)
Andhra Pradesh,Prakasam,Ongole Urban,Malleshwarapuram
Andhra Pradesh,Prakasam,Ongole Urban,Mukthinutala Padu (R)
Andhra Pradesh,Prakasam,Ongole Urban,Narasa Puram
Andhra Pradesh,Prakasam,Ongole Urban,Ongole
Andhra Pradesh,Prakasam,Ongole Urban,Pelluru (R)
Andhra Pradesh,Prakasam,Ongole Urban,Throvagunta
Andhra Pradesh,Prakasam,Ongole Urban,Vengamukka Palem
Andhra Pradesh,Prakasam,Pamur,Anumalakonda
Andhra Pradesh,Prakasam,Pamur,Ayyannakota
Andhra Pradesh,Prakasam,Pamur,Ayyavaripalle
Andhra Pradesh,Prakasam,Pamur,Balijapalem
Andhra Pradesh,Prakasam,Pamur,Bodavada
Andhra Pradesh,Prakasam,Pamur,Botla Gudur
Andhra Pradesh,Prakasam,Pamur,Bukkapuram
Andhra Pradesh,Prakasam,Pamur,Chilakapadu
Andhra Pradesh,Prakasam,Pamur,Chilamkur
Andhra Pradesh,Prakasam,Pamur,Chinthalapalem
Andhra Pradesh,Prakasam,Pamur,Dadireddi Pallle
Andhra Pradesh,Prakasam,Pamur,Dubagunta
Andhra Pradesh,Prakasam,Pamur,East Kodigudlapadu
Andhra Pradesh,Prakasam,Pamur,Gummalampadu
Andhra Pradesh,Prakasam,Pamur,Inimerla
Andhra Pradesh,Prakasam,Pamur,Kambaladinne
Andhra Pradesh,Prakasam,Pamur,Karrollapadu
Andhra Pradesh,Prakasam,Pamur,Kattakinda Palli
Andhra Pradesh,Prakasam,Pamur,Malakondapuram
Andhra Pradesh,Prakasam,Pamur,Mopadu
Andhra Pradesh,Prakasam,Pamur,Motravulapadu
Andhra Pradesh,Prakasam,Pamur,Nasikatrayambakam
Andhra Pradesh,Prakasam,Pamur,Pamur (Ct)
Andhra Pradesh,Prakasam,Pamur,Puttamnaidu Palle
Andhra Pradesh,Prakasam,Pamur,Raviguntapalle
Andhra Pradesh,Prakasam,Pamur,Renimadugu
Andhra Pradesh,Prakasam,Pamur,Siddavaram
Andhra Pradesh,Prakasam,Pamur,Tiragandla Dinne
Andhra Pradesh,Prakasam,Pamur,Vaggampalle
Andhra Pradesh,Prakasam,Pamur,West Kattakinda Palle
Andhra Pradesh,Prakasam,Pedacherlo Palle,Battupalle
Andhra Pradesh,Prakasam,Pedacherlo Palle,Chinavari Madugu
Andhra Pradesh,Prakasam,Pedacherlo Palle,Chinthagum Palle
Andhra Pradesh,Prakasam,Pedacherlo Palle,Chowta Gogula Palle
Andhra Pradesh,Prakasam,Pedacherlo Palle,Gosigundala
Andhra Pradesh,Prakasam,Pedacherlo Palle,Guntu Palle
Andhra Pradesh,Prakasam,Pedacherlo Palle,Lakshmakka Palle
Andhra Pradesh,Prakasam,Pedacherlo Palle,Marella
Andhra Pradesh,Prakasam,Pedacherlo Palle,Muddapadu
Andhra Pradesh,Prakasam,Pedacherlo Palle,Murugammi
Andhra Pradesh,Prakasam,Pedacherlo Palle,Neredu Palle
Andhra Pradesh,Prakasam,Pedacherlo Palle,Peda Alavala Padu
Andhra Pradesh,Prakasam,Pedacherlo Palle,Pedacherlo Palle
Andhra Pradesh,Prakasam,Pedacherlo Palle,Peda Irla Padu
Andhra Pradesh,Prakasam,Pedacherlo Palle,Pedavari Madugu
Andhra Pradesh,Prakasam,Pedacherlo Palle,Pitchi Gunta Palle
Andhra Pradesh,Prakasam,Pedacherlo Palle,Pothavaram
Andhra Pradesh,Prakasam,Pedacherlo Palle,Rama Govinda Puram
Andhra Pradesh,Prakasam,Pedacherlo Palle,Sankara Puram
Andhra Pradesh,Prakasam,Pedacherlo Palle,Talakondapadu
Andhra Pradesh,Prakasam,Pedacherlo Palle,Vepagum Palle
Andhra Pradesh,Prakasam,Pedacherlo Palle,Vittala Puram
Andhra Pradesh,Prakasam,Peddaaraveedu,Ambapuram
Andhra Pradesh,Prakasam,Peddaaraveedu,Badveedu
Andhra Pradesh,Prakasam,Peddaaraveedu,Boyada Gumpula
Andhra Pradesh,Prakasam,Peddaaraveedu,Chatla Mitta
Andhra Pradesh,Prakasam,Peddaaraveedu,Cumbampadu
Andhra Pradesh,Prakasam,Peddaaraveedu,Devarajugattu
Andhra Pradesh,Prakasam,Peddaaraveedu,Gobburu
Andhra Pradesh,Prakasam,Peddaaraveedu,Kalanuthala
Andhra Pradesh,Prakasam,Peddaaraveedu,Obulakkapalle
Andhra Pradesh,Prakasam,Peddaaraveedu,Peda Araveedu
Andhra Pradesh,Prakasam,Peddaaraveedu,Pragallapadu
Andhra Pradesh,Prakasam,Peddaaraveedu,Sanikavaram
Andhra Pradesh,Prakasam,Peddaaraveedu,S.Kotha Palle
Andhra Pradesh,Prakasam,Peddaaraveedu,Sunkesula
Andhra Pradesh,Prakasam,Peddaaraveedu,Thangirala Palle
Andhra Pradesh,Prakasam,Peddaaraveedu,Thoka Palle
Andhra Pradesh,Prakasam,Podili,Akka Cheruvu
Andhra Pradesh,Prakasam,Podili,Amudala Palle
Andhra Pradesh,Prakasam,Podili,Anna Varam
Andhra Pradesh,Prakasam,Podili,Chintagum Palle
Andhra Pradesh,Prakasam,Podili,Dasalla Palle
Andhra Pradesh,Prakasam,Podili,Dondleru
Andhra Pradesh,Prakasam,Podili,Egalapadu
Andhra Pradesh,Prakasam,Podili,Jafala Puram
Andhra Pradesh,Prakasam,Podili,Kambhalapadu
Andhra Pradesh,Prakasam,Podili,Kesavabhotla Palem
Andhra Pradesh,Prakasam,Podili,Kondaya Palem
Andhra Pradesh,Prakasam,Podili,Kunchepalle
Andhra Pradesh,Prakasam,Podili,Lakshmi Puram
Andhra Pradesh,Prakasam,Podili,Madalavari Palem
Andhra Pradesh,Prakasam,Podili,Mallavaram
Andhra Pradesh,Prakasam,Podili,Muga Chinthala
Andhra Pradesh,Prakasam,Podili,Nandi Palem
Andhra Pradesh,Prakasam,Podili,Nimmavaram
Andhra Pradesh,Prakasam,Podili,Obulakka Palle
Andhra Pradesh,Prakasam,Podili,Pamulapadu
Andhra Pradesh,Prakasam,Podili,Podili (Ct)
Andhra Pradesh,Prakasam,Podili,Ramayana Kandrika
Andhra Pradesh,Prakasam,Podili,Ramulaveedu
Andhra Pradesh,Prakasam,Podili,Salakanuthala
Andhra Pradesh,Prakasam,Podili,Sudanagunta
Andhra Pradesh,Prakasam,Podili,Teegadurthipadu
Andhra Pradesh,Prakasam,Podili,Thalamalla
Andhra Pradesh,Prakasam,Podili,Thummagunta
Andhra Pradesh,Prakasam,Podili,T.Salluru
Andhra Pradesh,Prakasam,Podili,Uppala Padu
Andhra Pradesh,Prakasam,Podili,Yeluru
Andhra Pradesh,Prakasam,Podili,Zuvvaleru
Andhra Pradesh,Prakasam,Ponnaluru,Boganampadu
Andhra Pradesh,Prakasam,Ponnaluru,Chennipadu
Andhra Pradesh,Prakasam,Ponnaluru,Cherukuru
Andhra Pradesh,Prakasam,Ponnaluru,Chouta Palem
Andhra Pradesh,Prakasam,Ponnaluru,Ippagunta
Andhra Pradesh,Prakasam,Ponnaluru,Kotapadu
Andhra Pradesh,Prakasam,Ponnaluru,Lingam Gunta
Andhra Pradesh,Prakasam,Ponnaluru,Malepadu
Andhra Pradesh,Prakasam,Ponnaluru,Manginapadu
Andhra Pradesh,Prakasam,Ponnaluru,Mekapadu (Z)
Andhra Pradesh,Prakasam,Ponnaluru,Muppalla
Andhra Pradesh,Prakasam,Ponnaluru,Pachavabala Gopalapuram
Andhra Pradesh,Prakasam,Ponnaluru,Pedavenkanna Palem
Andhra Pradesh,Prakasam,Ponnaluru,Ponnaluru
Andhra Pradesh,Prakasam,Ponnaluru,Ponnaluru Gudavari Khandrika
Andhra Pradesh,Prakasam,Ponnaluru,Rajolupadu
Andhra Pradesh,Prakasam,Ponnaluru,Ravula Kollu
Andhra Pradesh,Prakasam,Ponnaluru,Singara Botla Palem
Andhra Pradesh,Prakasam,Ponnaluru,Uppala Dinne
Andhra Pradesh,Prakasam,Ponnaluru,Vellaturikalidasuvarikhandrika
Andhra Pradesh,Prakasam,Ponnaluru,Vellaturu
Andhra Pradesh,Prakasam,Ponnaluru,Vempadu
Andhra Pradesh,Prakasam,Pullalacheruvu,Ayyagari Palle
Andhra Pradesh,Prakasam,Pullalacheruvu,Chapala Madugu
Andhra Pradesh,Prakasam,Pullalacheruvu,Chennapalem
Andhra Pradesh,Prakasam,Pullalacheruvu,Chowtapa Charla
Andhra Pradesh,Prakasam,Pullalacheruvu,Chowtapalle
Andhra Pradesh,Prakasam,Pullalacheruvu,Garapenta
Andhra Pradesh,Prakasam,Pullalacheruvu,Isukatripuravaram
Andhra Pradesh,Prakasam,Pullalacheruvu,Kavala Kuntla
Andhra Pradesh,Prakasam,Pullalacheruvu,Komarolu
Andhra Pradesh,Prakasam,Pullalacheruvu,Mane Palle
Andhra Pradesh,Prakasam,Pullalacheruvu,Marrivemula
Andhra Pradesh,Prakasam,Pullalacheruvu,Murikimallapenta
Andhra Pradesh,Prakasam,Pullalacheruvu,Mutukula
Andhra Pradesh,Prakasam,Pullalacheruvu,Narasa Puram
Andhra Pradesh,Prakasam,Pullalacheruvu,Pullalacheruvu
Andhra Pradesh,Prakasam,Pullalacheruvu,Racha Konda
Andhra Pradesh,Prakasam,Pullalacheruvu,Satha Kodu
Andhra Pradesh,Prakasam,Pullalacheruvu,Uppaladinne Penta
Andhra Pradesh,Prakasam,Pullalacheruvu,Yendra Palle
Andhra Pradesh,Prakasam,Racherla,Akaveedu
Andhra Pradesh,Prakasam,Racherla,Anumula Palle
Andhra Pradesh,Prakasam,Racherla,Bhupana Guntla
Andhra Pradesh,Prakasam,Racherla,Chinnagani Palle
Andhra Pradesh,Prakasam,Racherla,Chollaveedu
Andhra Pradesh,Prakasam,Racherla,Dadanaguruvai Palle
Andhra Pradesh,Prakasam,Racherla,Edavalli
Andhra Pradesh,Prakasam,Racherla,Gudimetla
Andhra Pradesh,Prakasam,Racherla,Jallivani Pullala Cheruvu
Andhra Pradesh,Prakasam,Racherla,Madhava Puram
Andhra Pradesh,Prakasam,Racherla,Palakaveedu
Andhra Pradesh,Prakasam,Racherla,Racherla
Andhra Pradesh,Prakasam,Racherla,Somidevi Palle
Andhra Pradesh,Prakasam,Racherla,Venthurla Padu
Andhra Pradesh,Prakasam,Santhanuthala Padu,Bhatla Machavaram
Andhra Pradesh,Prakasam,Santhanuthala Padu,Chilakapadu
Andhra Pradesh,Prakasam,Santhanuthala Padu,Endluru
Andhra Pradesh,Prakasam,Santhanuthala Padu,Gangavaram
Andhra Pradesh,Prakasam,Santhanuthala Padu,Gummalam Padu
Andhra Pradesh,Prakasam,Santhanuthala Padu,Guruvareddy Palem
Andhra Pradesh,Prakasam,Santhanuthala Padu,Konagani Vari Palem
Andhra Pradesh,Prakasam,Santhanuthala Padu,Lakshmi Puram
Andhra Pradesh,Prakasam,Santhanuthala Padu,Mangamuru
Andhra Pradesh,Prakasam,Santhanuthala Padu,Matti Padu
Andhra Pradesh,Prakasam,Santhanuthala Padu,Mynampadu
Andhra Pradesh,Prakasam,Santhanuthala Padu,Padamati Thakkella Padu
Andhra Pradesh,Prakasam,Santhanuthala Padu,Pernametta (Part)
Andhra Pradesh,Prakasam,Santhanuthala Padu,Pidathalagudi Padu
Andhra Pradesh,Prakasam,Santhanuthala Padu,Rudravaram
Andhra Pradesh,Prakasam,Santhanuthala Padu,Yenikapadu
Andhra Pradesh,Prakasam,Singarayakonda,Bingini Palle
Andhra Pradesh,Prakasam,Singarayakonda,Kalikivaya
Andhra Pradesh,Prakasam,Singarayakonda,Kanumalla
Andhra Pradesh,Prakasam,Singarayakonda,Mulaguntapadu (Ct)
Andhra Pradesh,Prakasam,Singarayakonda,Pakala
Andhra Pradesh,Prakasam,Singarayakonda,Sanampudi
Andhra Pradesh,Prakasam,Singarayakonda,Singarayakonda
Andhra Pradesh,Prakasam,Singarayakonda,Singarayakonda (Rs) (Ct)
Andhra Pradesh,Prakasam,Singarayakonda,Somarajupalle
Andhra Pradesh,Prakasam,Tangutur,Ananthavaram
Andhra Pradesh,Prakasam,Tangutur,Gosuvandla Kattubadi
Andhra Pradesh,Prakasam,Tangutur,Jayavaram
Andhra Pradesh,Prakasam,Tangutur,Kandukur
Andhra Pradesh,Prakasam,Tangutur,Karumanchi
Andhra Pradesh,Prakasam,Tangutur,Konijedu
Andhra Pradesh,Prakasam,Tangutur,Mallavar Padu
Andhra Pradesh,Prakasam,Tangutur,Marlapadu
Andhra Pradesh,Prakasam,Tangutur,M.Nidamalur
Andhra Pradesh,Prakasam,Tangutur,Ponduru
Andhra Pradesh,Prakasam,Tangutur,Somavarappadu
Andhra Pradesh,Prakasam,Tangutur,Tangutur
Andhra Pradesh,Prakasam,Tangutur,Turupunaidupalem
Andhra Pradesh,Prakasam,Tangutur,Valluru
Andhra Pradesh,Prakasam,Tangutur,Valluru Kavalimanyam
Andhra Pradesh,Prakasam,Tangutur,Vasepallepadu
Andhra Pradesh,Prakasam,Tangutur,Velagapudi
Andhra Pradesh,Prakasam,Tarlupadu,Chenna Reddi Palle
Andhra Pradesh,Prakasam,Tarlupadu,Ganugapenta
Andhra Pradesh,Prakasam,Tarlupadu,Golla Palle
Andhra Pradesh,Prakasam,Tarlupadu,Gorugunthala Padu
Andhra Pradesh,Prakasam,Tarlupadu,Jagannadha Puram
Andhra Pradesh,Prakasam,Tarlupadu,Jangamreddi Palle
Andhra Pradesh,Prakasam,Tarlupadu,Kaluzuwwalapadu
Andhra Pradesh,Prakasam,Tarlupadu,Kandalla Palle
Andhra Pradesh,Prakasam,Tarlupadu,Karumani Palle
Andhra Pradesh,Prakasam,Tarlupadu,Kethagudipi
Andhra Pradesh,Prakasam,Tarlupadu,Konda Reddi Palle
Andhra Pradesh,Prakasam,Tarlupadu,Lakshmakka Palle
Andhra Pradesh,Prakasam,Tarlupadu,Mangala Kunta
Andhra Pradesh,Prakasam,Tarlupadu,Meerja Peta
Andhra Pradesh,Prakasam,Tarlupadu,Nagendla Mudupu
Andhra Pradesh,Prakasam,Tarlupadu,Obaya Palle
Andhra Pradesh,Prakasam,Tarlupadu,Pathe Puram
Andhra Pradesh,Prakasam,Tarlupadu,Pothalapadu
Andhra Pradesh,Prakasam,Tarlupadu,Ragasamudram
Andhra Pradesh,Prakasam,Tarlupadu,Rolagam Padu
Andhra Pradesh,Prakasam,Tarlupadu,Seetanagulavaram
Andhra Pradesh,Prakasam,Tarlupadu,Surepalle
Andhra Pradesh,Prakasam,Tarlupadu,Tadivari Palle
Andhra Pradesh,Prakasam,Tarlupadu,Tarlupadu
Andhra Pradesh,Prakasam,Tarlupadu,Tellapadu
Andhra Pradesh,Prakasam,Tarlupadu,Thummala Cheruvu
Andhra Pradesh,Prakasam,Thallur,Bellamkondavari Palem
Andhra Pradesh,Prakasam,Thallur,Boddikura Padu
Andhra Pradesh,Prakasam,Thallur,Dosakayalapadu
Andhra Pradesh,Prakasam,Thallur,Lakkavaram
Andhra Pradesh,Prakasam,Thallur,Madhavaram
Andhra Pradesh,Prakasam,Thallur,Malkapuram
Andhra Pradesh,Prakasam,Thallur,Mannepalle
Andhra Pradesh,Prakasam,Thallur,Nagambhotla Palem
Andhra Pradesh,Prakasam,Thallur,Ramabhadrapuram
Andhra Pradesh,Prakasam,Thallur,Sankaranarayanapuram
Andhra Pradesh,Prakasam,Thallur,Sarvamitta
Andhra Pradesh,Prakasam,Thallur,Sivarampuram
Andhra Pradesh,Prakasam,Thallur,Somavrappadu
Andhra Pradesh,Prakasam,Thallur,Suraya Palem
Andhra Pradesh,Prakasam,Thallur,Tallur
Andhra Pradesh,Prakasam,Thallur,Vithalapuram
Andhra Pradesh,Prakasam,Tripuranthakam,Annasamudram
Andhra Pradesh,Prakasam,Tripuranthakam,Dupadu
Andhra Pradesh,Prakasam,Tripuranthakam,Duvvali
Andhra Pradesh,Prakasam,Tripuranthakam,Ganapavaram
Andhra Pradesh,Prakasam,Tripuranthakam,Golla Palle
Andhra Pradesh,Prakasam,Tripuranthakam,Kankanala Palle
Andhra Pradesh,Prakasam,Tripuranthakam,Lella Palle
Andhra Pradesh,Prakasam,Tripuranthakam,Madhavani Palle
Andhra Pradesh,Prakasam,Tripuranthakam,Medapi
Andhra Pradesh,Prakasam,Tripuranthakam,Miriam Palle
Andhra Pradesh,Prakasam,Tripuranthakam,Mittapalem
Andhra Pradesh,Prakasam,Tripuranthakam,Muktumpuram
Andhra Pradesh,Prakasam,Tripuranthakam,Narasingapuram
Andhra Pradesh,Prakasam,Tripuranthakam,Raju Palem
Andhra Pradesh,Prakasam,Tripuranthakam,Ramasamudram
Andhra Pradesh,Prakasam,Tripuranthakam,Thimmana Palem
Andhra Pradesh,Prakasam,Tripuranthakam,Tripuranthakam
Andhra Pradesh,Prakasam,Tripuranthakam,Viswanadhapuram
Andhra Pradesh,Prakasam,Veligandla,Ballavaram
Andhra Pradesh,Prakasam,Veligandla,Bonthagunta Palle
Andhra Pradesh,Prakasam,Veligandla,Chodavaram
Andhra Pradesh,Prakasam,Veligandla,Gandla Seetharam Puram
Andhra Pradesh,Prakasam,Veligandla,Ganesuni Palle
Andhra Pradesh,Prakasam,Veligandla,Ganna Varam
Andhra Pradesh,Prakasam,Veligandla,Gurugupadu
Andhra Pradesh,Prakasam,Veligandla,Hussain Puram
Andhra Pradesh,Prakasam,Veligandla,Immadi Cheruvu
Andhra Pradesh,Prakasam,Veligandla,Jangam Narasaya Palle
Andhra Pradesh,Prakasam,Veligandla,Kankanam Padu
Andhra Pradesh,Prakasam,Veligandla,Kankanam Padu Agraharam
Andhra Pradesh,Prakasam,Veligandla,K.Kesavabotlavari Khandrika
Andhra Pradesh,Prakasam,Veligandla,Kotala Palle
Andhra Pradesh,Prakasam,Veligandla,Manamadugu
Andhra Pradesh,Prakasam,Veligandla,Marapagunta
Andhra Pradesh,Prakasam,Veligandla,Mogallur
Andhra Pradesh,Prakasam,Veligandla,Nagireddy Palle
Andhra Pradesh,Prakasam,Veligandla,Panduva
Andhra Pradesh,Prakasam,Veligandla,Panduva Nagula Varam
Andhra Pradesh,Prakasam,Veligandla,Perugupalle
Andhra Pradesh,Prakasam,Veligandla,Pulikuntla Ralla Palle
Andhra Pradesh,Prakasam,Veligandla,Ramagopalapuram
Andhra Pradesh,Prakasam,Veligandla,Ramalinga Puram
Andhra Pradesh,Prakasam,Veligandla,Vedulla Cheruvu
Andhra Pradesh,Prakasam,Veligandla,Veligandla
Andhra Pradesh,Prakasam,Yerragondapalem,Allatam
Andhra Pradesh,Prakasam,Yerragondapalem,Alli Palem
Andhra Pradesh,Prakasam,Yerragondapalem,Ammani Gudi Padu
Andhra Pradesh,Prakasam,Yerragondapalem,Bai Penta
Andhra Pradesh,Prakasam,Yerragondapalem,Billagondi Penta
Andhra Pradesh,Prakasam,Yerragondapalem,Boyala Palle
Andhra Pradesh,Prakasam,Yerragondapalem,Boyala Palle (S.H.O)
Andhra Pradesh,Prakasam,Yerragondapalem,Buru Gundala
Andhra Pradesh,Prakasam,Yerragondapalem,Daddanala
Andhra Pradesh,Prakasam,Yerragondapalem,Dara Bayalu
Andhra Pradesh,Prakasam,Yerragondapalem,Ganga Palem
Andhra Pradesh,Prakasam,Yerragondapalem,Garini Penta
Andhra Pradesh,Prakasam,Yerragondapalem,Gollavidipi
Andhra Pradesh,Prakasam,Yerragondapalem,Gurije Palle
Andhra Pradesh,Prakasam,Yerragondapalem,Gurrapusala
Andhra Pradesh,Prakasam,Yerragondapalem,Guttalacheruvu
Andhra Pradesh,Prakasam,Yerragondapalem,Kataruvani Palle
Andhra Pradesh,Prakasam,Yerragondapalem,Kolukula
Andhra Pradesh,Prakasam,Yerragondapalem,Lalapuram
Andhra Pradesh,Prakasam,Yerragondapalem,Lingamvani Palle
Andhra Pradesh,Prakasam,Yerragondapalem,Madam Chalama
Andhra Pradesh,Prakasam,Yerragondapalem,Millampalle
Andhra Pradesh,Prakasam,Yerragondapalem,Naidakka Cherla
Andhra Pradesh,Prakasam,Yerragondapalem,Naruthadikala
Andhra Pradesh,Prakasam,Yerragondapalem,Nekkanti
Andhra Pradesh,Prakasam,Yerragondapalem,Palutla
Andhra Pradesh,Prakasam,Yerragondapalem,Ponnala Bayalu
Andhra Pradesh,Prakasam,Yerragondapalem,Ramachandra Puram
Andhra Pradesh,Prakasam,Yerragondapalem,Rayavaram
Andhra Pradesh,Prakasam,Yerragondapalem,Suddakunta Penta
Andhra Pradesh,Prakasam,Yerragondapalem,Telugurayani Cheruvu
Andhra Pradesh,Prakasam,Yerragondapalem,Venkatadri Palem
Andhra Pradesh,Prakasam,Yerragondapalem,Yerragonda Palem
Andhra Pradesh,Prakasam,Zarugumalli,Chatukupadu
Andhra Pradesh,Prakasam,Zarugumalli,Chirrikura Padu
Andhra Pradesh,Prakasam,Zarugumalli,Davagudur
Andhra Pradesh,Prakasam,Zarugumalli,Ilavaram Mamidala Vari Khandrika
Andhra Pradesh,Prakasam,Zarugumalli,J.G.Khandrika
Andhra Pradesh,Prakasam,Zarugumalli,Kame Palle
Andhra Pradesh,Prakasam,Zarugumalli,Kamepalle Agraharam
Andhra Pradesh,Prakasam,Zarugumalli,K.Bitragunta
Andhra Pradesh,Prakasam,Zarugumalli,Nandanavanam
Andhra Pradesh,Prakasam,Zarugumalli,Narasimhanayani Khandrika
Andhra Pradesh,Prakasam,Zarugumalli,Narasingolu
Andhra Pradesh,Prakasam,Zarugumalli,N.M.V. Khandrika
Andhra Pradesh,Prakasam,Zarugumalli,N V V Khandrika
Andhra Pradesh,Prakasam,Zarugumalli,Paidi Padu
Andhra Pradesh,Prakasam,Zarugumalli,Paleti Padu
Andhra Pradesh,Prakasam,Zarugumalli,Paleti Padumacharlavari Khandrika
Andhra Pradesh,Prakasam,Zarugumalli,Patcheva
Andhra Pradesh,Prakasam,Zarugumalli,P.G. Khandrika
Andhra Pradesh,Prakasam,Zarugumalli,P.Mamidalavari Khandrika
Andhra Pradesh,Prakasam,Zarugumalli,Ramachandrapuram
Andhra Pradesh,Prakasam,Zarugumalli,Thumadu
Andhra Pradesh,Prakasam,Zarugumalli,Vardhineni Palem
Andhra Pradesh,Prakasam,Zarugumalli,Vavileti Padu
Andhra Pradesh,Prakasam,Zarugumalli,Yeduluru Padu
Andhra Pradesh,Prakasam,Zarugumalli,Zarugumilli
Andhra Pradesh,Srikakulam,Amadalavalasa,Akkivalasa
Andhra Pradesh,Srikakulam,Amadalavalasa,Akkivaram
Andhra Pradesh,Srikakulam,Amadalavalasa,Akkulapeta
Andhra Pradesh,Srikakulam,Amadalavalasa,Amadalavalasa
Andhra Pradesh,Srikakulam,Amadalavalasa,Amadalavalasapeta
Andhra Pradesh,Srikakulam,Amadalavalasa,Anandapuram
Andhra Pradesh,Srikakulam,Amadalavalasa,Atchannapeta
Andhra Pradesh,Srikakulam,Amadalavalasa,Belamam
Andhra Pradesh,Srikakulam,Amadalavalasa,Bharisasthrulapeta
Andhra Pradesh,Srikakulam,Amadalavalasa,Bobbilipeta
Andhra Pradesh,Srikakulam,Amadalavalasa,Chinnajonnavalasa
Andhra Pradesh,Srikakulam,Amadalavalasa,Chintalapeta
Andhra Pradesh,Srikakulam,Amadalavalasa,Chittivalasa
Andhra Pradesh,Srikakulam,Amadalavalasa,Dandemvalasa
Andhra Pradesh,Srikakulam,Amadalavalasa,Dusi
Andhra Pradesh,Srikakulam,Amadalavalasa,Garimellakotha Valasa
Andhra Pradesh,Srikakulam,Amadalavalasa,Hanumanthapuram
Andhra Pradesh,Srikakulam,Amadalavalasa,Jaggusastrulapeta
Andhra Pradesh,Srikakulam,Amadalavalasa,Kalivaram
Andhra Pradesh,Srikakulam,Amadalavalasa,Kanugulavalasa
Andhra Pradesh,Srikakulam,Amadalavalasa,Kasimvalasapeta
Andhra Pradesh,Srikakulam,Amadalavalasa,Katyacharyulapeta
Andhra Pradesh,Srikakulam,Amadalavalasa,Korapam
Andhra Pradesh,Srikakulam,Amadalavalasa,Korlakota
Andhra Pradesh,Srikakulam,Amadalavalasa,Kothavalasa
Andhra Pradesh,Srikakulam,Amadalavalasa,Krishnapuram
Andhra Pradesh,Srikakulam,Amadalavalasa,Kuddiram
Andhra Pradesh,Srikakulam,Amadalavalasa,Mallusastrula Peta
Andhra Pradesh,Srikakulam,Amadalavalasa,Mandadi
Andhra Pradesh,Srikakulam,Amadalavalasa,Marrikothavalasa
Andhra Pradesh,Srikakulam,Amadalavalasa,Munagavalasa
Andhra Pradesh,Srikakulam,Amadalavalasa,Nelliparthi
Andhra Pradesh,Srikakulam,Amadalavalasa,Nimmathorlavada
Andhra Pradesh,Srikakulam,Amadalavalasa,Parvatheeswarunipeta
Andhra Pradesh,Srikakulam,Amadalavalasa,Peddajonnavalasa
Andhra Pradesh,Srikakulam,Amadalavalasa,Ponnampeta
Andhra Pradesh,Srikakulam,Amadalavalasa,Ramachandrapuram
Andhra Pradesh,Srikakulam,Amadalavalasa,Ravikanthipeta
Andhra Pradesh,Srikakulam,Amadalavalasa,Santha Kothavalasa
Andhra Pradesh,Srikakulam,Amadalavalasa,Srinivasacharyulu Peta
Andhra Pradesh,Srikakulam,Amadalavalasa,Sriramvalasa
Andhra Pradesh,Srikakulam,Amadalavalasa,Sylada
Andhra Pradesh,Srikakulam,Amadalavalasa,Thallavalasa
Andhra Pradesh,Srikakulam,Amadalavalasa,Thimmapuram
Andhra Pradesh,Srikakulam,Amadalavalasa,Thogaragam
Andhra Pradesh,Srikakulam,Amadalavalasa,Thotada
Andhra Pradesh,Srikakulam,Amadalavalasa,Turakapeta
Andhra Pradesh,Srikakulam,Amadalavalasa,Vanjangi
Andhra Pradesh,Srikakulam,Amadalavalasa,Vanjangipeta
Andhra Pradesh,Srikakulam,Amadalavalasa,Vedullavalasa
Andhra Pradesh,Srikakulam,Amadalavalasa,Venkayyapeta
Andhra Pradesh,Srikakulam,Burja,Adduripeta
Andhra Pradesh,Srikakulam,Burja,Ahobalacharyula Peta
Andhra Pradesh,Srikakulam,Burja,Allena
Andhra Pradesh,Srikakulam,Burja,Annampeta
Andhra Pradesh,Srikakulam,Burja,Appalapatnayakuni Peta
Andhra Pradesh,Srikakulam,Burja,Boddapadu
Andhra Pradesh,Srikakulam,Burja,Bodlapadu
Andhra Pradesh,Srikakulam,Burja,Boragavalasa
Andhra Pradesh,Srikakulam,Burja,Burja
Andhra Pradesh,Srikakulam,Burja,Chalikam
Andhra Pradesh,Srikakulam,Burja,Cheedivalasa
Andhra Pradesh,Srikakulam,Burja,Devanapuram
Andhra Pradesh,Srikakulam,Burja,Donkalapartha
Andhra Pradesh,Srikakulam,Burja,Gangabhagiradhi Puram
Andhra Pradesh,Srikakulam,Burja,Gangampeta
Andhra Pradesh,Srikakulam,Burja,Gopalakrishnarangarayapuram
Andhra Pradesh,Srikakulam,Burja,Gopidevipeta
Andhra Pradesh,Srikakulam,Burja,Gudigeddavenkata Puram
Andhra Pradesh,Srikakulam,Burja,Guttavalli
Andhra Pradesh,Srikakulam,Burja,Haripurampallapuram
Andhra Pradesh,Srikakulam,Burja,Issadivalasa
Andhra Pradesh,Srikakulam,Burja,Jagannadhapuram
Andhra Pradesh,Srikakulam,Burja,Jangalapadu
Andhra Pradesh,Srikakulam,Burja,Jogipaduvenkata Puram
Andhra Pradesh,Srikakulam,Burja,Kakandyam
Andhra Pradesh,Srikakulam,Burja,Kalaparthi
Andhra Pradesh,Srikakulam,Burja,Kantlam
Andhra Pradesh,Srikakulam,Burja,Katakamayyapeta
Andhra Pradesh,Srikakulam,Burja,Kilantra
Andhra Pradesh,Srikakulam,Burja,Kollivalasa
Andhra Pradesh,Srikakulam,Burja,Kondapeta
Andhra Pradesh,Srikakulam,Burja,Koragam
Andhra Pradesh,Srikakulam,Burja,Korikanakurmiraja Puram
Andhra Pradesh,Srikakulam,Burja,Kothavalasa
Andhra Pradesh,Srikakulam,Burja,Labham
Andhra Pradesh,Srikakulam,Burja,Lakkupuram
Andhra Pradesh,Srikakulam,Burja,Lankam
Andhra Pradesh,Srikakulam,Burja,Latchayyapeta
Andhra Pradesh,Srikakulam,Burja,Mahajanamvaripeta
Andhra Pradesh,Srikakulam,Burja,Mamidivalasa
Andhra Pradesh,Srikakulam,Burja,Marripadu
Andhra Pradesh,Srikakulam,Burja,Masenaputhi
Andhra Pradesh,Srikakulam,Burja,Narendrapuram
Andhra Pradesh,Srikakulam,Burja,Neeladevipuram
Andhra Pradesh,Srikakulam,Burja,Neelakantapuram
Andhra Pradesh,Srikakulam,Burja,Neelapuram
Andhra Pradesh,Srikakulam,Burja,Palavalasa
Andhra Pradesh,Srikakulam,Burja,Paravasturamanna Peta
Andhra Pradesh,Srikakulam,Burja,Peddapeta
Andhra Pradesh,Srikakulam,Burja,Pendyalalakshimidevipeta
Andhra Pradesh,Srikakulam,Burja,Sankurada
Andhra Pradesh,Srikakulam,Burja,Singannapalem
Andhra Pradesh,Srikakulam,Burja,Somidavalasa
Andhra Pradesh,Srikakulam,Burja,Sundarayyapeta
Andhra Pradesh,Srikakulam,Burja,Thamminaidupeta
Andhra Pradesh,Srikakulam,Burja,Thimadam
Andhra Pradesh,Srikakulam,Burja,Thotavada
Andhra Pradesh,Srikakulam,Burja,Thuddali
Andhra Pradesh,Srikakulam,Burja,Turupuramabhadrarajupeta
Andhra Pradesh,Srikakulam,Burja,T.V. Ramabhadra Raju Peta
Andhra Pradesh,Srikakulam,Burja,Uppinivalasa
Andhra Pradesh,Srikakulam,Burja,Vandra
Andhra Pradesh,Srikakulam,Burja,Vavam
Andhra Pradesh,Srikakulam,Burja,Vopivadavenkam Peta
Andhra Pradesh,Srikakulam,Burja,Vykuntapuram
Andhra Pradesh,Srikakulam,Burja,Yetivoddupartha
Andhra Pradesh,Srikakulam,Etcherla,Ajjaram
Andhra Pradesh,Srikakulam,Etcherla,Arinam Akkivalasa
Andhra Pradesh,Srikakulam,Etcherla,Bhagiradhipuram
Andhra Pradesh,Srikakulam,Etcherla,Bontalakoduru
Andhra Pradesh,Srikakulam,Etcherla,Chilakalapalem
Andhra Pradesh,Srikakulam,Etcherla,Chinaraopalle
Andhra Pradesh,Srikakulam,Etcherla,Dharmavaram
Andhra Pradesh,Srikakulam,Etcherla,Domam
Andhra Pradesh,Srikakulam,Etcherla,Duppalavalasa
Andhra Pradesh,Srikakulam,Etcherla,Etcherla
Andhra Pradesh,Srikakulam,Etcherla,Ibrahimbad
Andhra Pradesh,Srikakulam,Etcherla,Jarajam
Andhra Pradesh,Srikakulam,Etcherla,Jarapinaidupeta
Andhra Pradesh,Srikakulam,Etcherla,Kaluri Acharyula Agraharam
Andhra Pradesh,Srikakulam,Etcherla,Kongaram
Andhra Pradesh,Srikakulam,Etcherla,Koyyam
Andhra Pradesh,Srikakulam,Etcherla,Kuppili
Andhra Pradesh,Srikakulam,Etcherla,Kusalapuram (Part)
Andhra Pradesh,Srikakulam,Etcherla,Maseedagraharam
Andhra Pradesh,Srikakulam,Etcherla,Muddada
Andhra Pradesh,Srikakulam,Etcherla,Nandigam
Andhra Pradesh,Srikakulam,Etcherla,Narayanapuram
Andhra Pradesh,Srikakulam,Etcherla,Polagraharam
Andhra Pradesh,Srikakulam,Etcherla,Ponnada
Andhra Pradesh,Srikakulam,Etcherla,Pudivalasa
Andhra Pradesh,Srikakulam,Etcherla,Santhaseetharampuram
Andhra Pradesh,Srikakulam,Etcherla,Shermahammadpuram
Andhra Pradesh,Srikakulam,Etcherla,Shermahammadpurampeta
Andhra Pradesh,Srikakulam,Etcherla,Thammunaidupeta
Andhra Pradesh,Srikakulam,Etcherla,Thotapalem (Part)
Andhra Pradesh,Srikakulam,Etcherla,Voleti Atchanna Agraharam
Andhra Pradesh,Srikakulam,Ganguvarisigadam,Abothulapeta
Andhra Pradesh,Srikakulam,Ganguvarisigadam,Anandapuram
Andhra Pradesh,Srikakulam,Ganguvarisigadam,Bathuva
Andhra Pradesh,Srikakulam,Ganguvarisigadam,Chandrayyapeta
Andhra Pradesh,Srikakulam,Ganguvarisigadam,Chettupodilam
Andhra Pradesh,Srikakulam,Ganguvarisigadam,Dalemrajuvalasa
Andhra Pradesh,Srikakulam,Ganguvarisigadam,Devaravalasa
Andhra Pradesh,Srikakulam,Ganguvarisigadam,Gangannadora Palem
Andhra Pradesh,Srikakulam,Ganguvarisigadam,Ganguvarisigadam
Andhra Pradesh,Srikakulam,Ganguvarisigadam,Geddakancharam
Andhra Pradesh,Srikakulam,Ganguvarisigadam,Gedelapeta
Andhra Pradesh,Srikakulam,Ganguvarisigadam,Gobburu
Andhra Pradesh,Srikakulam,Ganguvarisigadam,Jada
Andhra Pradesh,Srikakulam,Ganguvarisigadam,Jagannadhapuram
Andhra Pradesh,Srikakulam,Ganguvarisigadam,Jagannadhavalasa
Andhra Pradesh,Srikakulam,Ganguvarisigadam,Kapparam
Andhra Pradesh,Srikakulam,Ganguvarisigadam,Madhupam
Andhra Pradesh,Srikakulam,Ganguvarisigadam,Marrivalasa
Andhra Pradesh,Srikakulam,Ganguvarisigadam,Mettavalasa
Andhra Pradesh,Srikakulam,Ganguvarisigadam,Mushinivalasa
Andhra Pradesh,Srikakulam,Ganguvarisigadam,Nadimivalasa
Andhra Pradesh,Srikakulam,Ganguvarisigadam,Nagulavalasa
Andhra Pradesh,Srikakulam,Ganguvarisigadam,Naiduvalasa
Andhra Pradesh,Srikakulam,Ganguvarisigadam,Nakkapeta
Andhra Pradesh,Srikakulam,Ganguvarisigadam,Narasimhapuram
Andhra Pradesh,Srikakulam,Ganguvarisigadam,Narayanagajapathirajupuram
Andhra Pradesh,Srikakulam,Ganguvarisigadam,Niddam
Andhra Pradesh,Srikakulam,Ganguvarisigadam,Palakhandyam
Andhra Pradesh,Srikakulam,Ganguvarisigadam,Penasam
Andhra Pradesh,Srikakulam,Ganguvarisigadam,Penta
Andhra Pradesh,Srikakulam,Ganguvarisigadam,Punnam
Andhra Pradesh,Srikakulam,Ganguvarisigadam,Santhavurity
Andhra Pradesh,Srikakulam,Ganguvarisigadam,Sarveswarapuram
Andhra Pradesh,Srikakulam,Ganguvarisigadam,Seetharampuram
Andhra Pradesh,Srikakulam,Ganguvarisigadam,Seethubhimavaram
Andhra Pradesh,Srikakulam,Ganguvarisigadam,S.P. Ramachandra Puram
Andhra Pradesh,Srikakulam,Ganguvarisigadam,Tankaladuggivalasa
Andhra Pradesh,Srikakulam,Ganguvarisigadam,Ullivalasa
Andhra Pradesh,Srikakulam,Ganguvarisigadam,Vandrangi
Andhra Pradesh,Srikakulam,Ganguvarisigadam,Velagada
Andhra Pradesh,Srikakulam,Ganguvarisigadam,Venkayyapeta
Andhra Pradesh,Srikakulam,Ganguvarisigadam,Yenduva
Andhra Pradesh,Srikakulam,Ganguvarisigadam,Yenduvapeta
Andhra Pradesh,Srikakulam,Gara,Ambalavalasa
Andhra Pradesh,Srikakulam,Gara,Ampolu
Andhra Pradesh,Srikakulam,Gara,Buravalli
Andhra Pradesh,Srikakulam,Gara,Calingapatnam
Andhra Pradesh,Srikakulam,Gara,Deepavali
Andhra Pradesh,Srikakulam,Gara,Fakeertakya
Andhra Pradesh,Srikakulam,Gara,Gara
Andhra Pradesh,Srikakulam,Gara,Gonti
Andhra Pradesh,Srikakulam,Gara,Jafrabad
Andhra Pradesh,Srikakulam,Gara,Jalluvalasa
Andhra Pradesh,Srikakulam,Gara,Korlam
Andhra Pradesh,Srikakulam,Gara,Korni
Andhra Pradesh,Srikakulam,Gara,Kothurusyrigam
Andhra Pradesh,Srikakulam,Gara,Nizamabad
Andhra Pradesh,Srikakulam,Gara,Raghavapuram
Andhra Pradesh,Srikakulam,Gara,Ramachandra Puram
Andhra Pradesh,Srikakulam,Gara,Salihundam
Andhra Pradesh,Srikakulam,Gara,Sativada
Andhra Pradesh,Srikakulam,Gara,Seetharamapuram
Andhra Pradesh,Srikakulam,Gara,Srikurmam
Andhra Pradesh,Srikakulam,Gara,Thonangi
Andhra Pradesh,Srikakulam,Gara,Thulugu
Andhra Pradesh,Srikakulam,Gara,Vadada
Andhra Pradesh,Srikakulam,Gara,Vatsavalasa
Andhra Pradesh,Srikakulam,Gara,Vomaravalli
Andhra Pradesh,Srikakulam,Hiramandalam,Ambavalli
Andhra Pradesh,Srikakulam,Hiramandalam,Anthakapalle
Andhra Pradesh,Srikakulam,Hiramandalam,Anthili
Andhra Pradesh,Srikakulam,Hiramandalam,Bhagiradhipuram
Andhra Pradesh,Srikakulam,Hiramandalam,Bommika
Andhra Pradesh,Srikakulam,Hiramandalam,Chinnakollivalasa
Andhra Pradesh,Srikakulam,Hiramandalam,Chorlangi
Andhra Pradesh,Srikakulam,Hiramandalam,Dugarajapuram
Andhra Pradesh,Srikakulam,Hiramandalam,Duggupuram
Andhra Pradesh,Srikakulam,Hiramandalam,Durbalapuram
Andhra Pradesh,Srikakulam,Hiramandalam,Garlapadu
Andhra Pradesh,Srikakulam,Hiramandalam,Godiapadu
Andhra Pradesh,Srikakulam,Hiramandalam,Gotta
Andhra Pradesh,Srikakulam,Hiramandalam,Gulumuru
Andhra Pradesh,Srikakulam,Hiramandalam,Hiramandalam (Ct)
Andhra Pradesh,Srikakulam,Hiramandalam,Jagannadhapuram
Andhra Pradesh,Srikakulam,Hiramandalam,Kallata
Andhra Pradesh,Srikakulam,Hiramandalam,Kittalapadu
Andhra Pradesh,Srikakulam,Hiramandalam,Komanapalle
Andhra Pradesh,Srikakulam,Hiramandalam,Kondakorada
Andhra Pradesh,Srikakulam,Hiramandalam,Kondaragolu
Andhra Pradesh,Srikakulam,Hiramandalam,Korada
Andhra Pradesh,Srikakulam,Hiramandalam,Koradamanyam
Andhra Pradesh,Srikakulam,Hiramandalam,Lingupuram
Andhra Pradesh,Srikakulam,Hiramandalam,Lokonda
Andhra Pradesh,Srikakulam,Hiramandalam,Mahalakshimipuram
Andhra Pradesh,Srikakulam,Hiramandalam,Majjigudem
Andhra Pradesh,Srikakulam,Hiramandalam,Mamidijola
Andhra Pradesh,Srikakulam,Hiramandalam,Mokhasa Avalangi
Andhra Pradesh,Srikakulam,Hiramandalam,Neeladevipuram
Andhra Pradesh,Srikakulam,Hiramandalam,Padali
Andhra Pradesh,Srikakulam,Hiramandalam,Peddasankili
Andhra Pradesh,Srikakulam,Hiramandalam,Pindruvada
Andhra Pradesh,Srikakulam,Hiramandalam,Rellivalasa
Andhra Pradesh,Srikakulam,Hiramandalam,Satyajagannadha Puram
Andhra Pradesh,Srikakulam,Hiramandalam,Seedhi
Andhra Pradesh,Srikakulam,Hiramandalam,Tallapadu
Andhra Pradesh,Srikakulam,Hiramandalam,Tampa
Andhra Pradesh,Srikakulam,Hiramandalam,Tulagam
Andhra Pradesh,Srikakulam,Hiramandalam,Tungatampara
Andhra Pradesh,Srikakulam,Ichchapuram,Aminsahebpeta
Andhra Pradesh,Srikakulam,Ichchapuram,Arakabhadra
Andhra Pradesh,Srikakulam,Ichchapuram,Balakrishnapuram
Andhra Pradesh,Srikakulam,Ichchapuram,Bellupada
Andhra Pradesh,Srikakulam,Ichchapuram,Birlangi
Andhra Pradesh,Srikakulam,Ichchapuram,Boddabada
Andhra Pradesh,Srikakulam,Ichchapuram,Boddakali
Andhra Pradesh,Srikakulam,Ichchapuram,Burjapadu
Andhra Pradesh,Srikakulam,Ichchapuram,Dharmapuram
Andhra Pradesh,Srikakulam,Ichchapuram,Edupuram
Andhra Pradesh,Srikakulam,Ichchapuram,Haripuram
Andhra Pradesh,Srikakulam,Ichchapuram,Kedaripuram
Andhra Pradesh,Srikakulam,Ichchapuram,Kesapuram
Andhra Pradesh,Srikakulam,Ichchapuram,Koligam
Andhra Pradesh,Srikakulam,Ichchapuram,Kotari
Andhra Pradesh,Srikakulam,Ichchapuram,Loddaputti
Andhra Pradesh,Srikakulam,Ichchapuram,Mandapalle
Andhra Pradesh,Srikakulam,Ichchapuram,Masakapuram
Andhra Pradesh,Srikakulam,Ichchapuram,Muchindra
Andhra Pradesh,Srikakulam,Ichchapuram,Munibhadra
Andhra Pradesh,Srikakulam,Ichchapuram,Paitharikeerthipuram
Andhra Pradesh,Srikakulam,Ichchapuram,Purnatakam
Andhra Pradesh,Srikakulam,Ichchapuram,Purushothapuram
Andhra Pradesh,Srikakulam,Ichchapuram,Rattakanna
Andhra Pradesh,Srikakulam,Ichchapuram,Sasanam
Andhra Pradesh,Srikakulam,Ichchapuram,Takatlabarampuram
Andhra Pradesh,Srikakulam,Ichchapuram,Telukunchi
Andhra Pradesh,Srikakulam,Ichchapuram,Tulasigam
Andhra Pradesh,Srikakulam,Jalumuru,Akkurada
Andhra Pradesh,Srikakulam,Jalumuru,Allada
Andhra Pradesh,Srikakulam,Jalumuru,Alladapeta
Andhra Pradesh,Srikakulam,Jalumuru,Andhavaram
Andhra Pradesh,Srikakulam,Jalumuru,Annupuram
Andhra Pradesh,Srikakulam,Jalumuru,Atchutapuram
Andhra Pradesh,Srikakulam,Jalumuru,Basivada
Andhra Pradesh,Srikakulam,Jalumuru,Boddapadu
Andhra Pradesh,Srikakulam,Jalumuru,Chennayavalasa
Andhra Pradesh,Srikakulam,Jalumuru,Chinadugam
Andhra Pradesh,Srikakulam,Jalumuru,Darivada
Andhra Pradesh,Srikakulam,Jalumuru,Domalapalle
Andhra Pradesh,Srikakulam,Jalumuru,Dompaka
Andhra Pradesh,Srikakulam,Jalumuru,Edulavalasa
Andhra Pradesh,Srikakulam,Jalumuru,Garinivalasa
Andhra Pradesh,Srikakulam,Jalumuru,Goliyaputti
Andhra Pradesh,Srikakulam,Jalumuru,Gotivada
Andhra Pradesh,Srikakulam,Jalumuru,Guggili
Andhra Pradesh,Srikakulam,Jalumuru,Gunduvalasa
Andhra Pradesh,Srikakulam,Jalumuru,Jalumuru
Andhra Pradesh,Srikakulam,Jalumuru,Jaminivalasa
Andhra Pradesh,Srikakulam,Jalumuru,Jonanki
Andhra Pradesh,Srikakulam,Jalumuru,Karakavalasa
Andhra Pradesh,Srikakulam,Jalumuru,Karavanja
Andhra Pradesh,Srikakulam,Jalumuru,Komanapalle
Andhra Pradesh,Srikakulam,Jalumuru,Kondapolavalasa
Andhra Pradesh,Srikakulam,Jalumuru,Kotturu
Andhra Pradesh,Srikakulam,Jalumuru,Kurmanadhapuram
Andhra Pradesh,Srikakulam,Jalumuru,Lingalavalasa
Andhra Pradesh,Srikakulam,Jalumuru,Mahammadpuram
Andhra Pradesh,Srikakulam,Jalumuru,Makivalasa
Andhra Pradesh,Srikakulam,Jalumuru,Makivalasa
Andhra Pradesh,Srikakulam,Jalumuru,Marrivalasa
Andhra Pradesh,Srikakulam,Jalumuru,Mohiddinpuram
Andhra Pradesh,Srikakulam,Jalumuru,Mukhalingam
Andhra Pradesh,Srikakulam,Jalumuru,Nagarikatakam
Andhra Pradesh,Srikakulam,Jalumuru,Pagodu
Andhra Pradesh,Srikakulam,Jalumuru,Parlam
Andhra Pradesh,Srikakulam,Jalumuru,Peddadugam
Andhra Pradesh,Srikakulam,Jalumuru,Ramayyavalasa
Andhra Pradesh,Srikakulam,Jalumuru,Rana
Andhra Pradesh,Srikakulam,Jalumuru,Ravipadu
Andhra Pradesh,Srikakulam,Jalumuru,Srimannarayana Puram
Andhra Pradesh,Srikakulam,Jalumuru,Subrahamanya Puram
Andhra Pradesh,Srikakulam,Jalumuru,Suravaram
Andhra Pradesh,Srikakulam,Jalumuru,Syrigam
Andhra Pradesh,Srikakulam,Jalumuru,Talatariya
Andhra Pradesh,Srikakulam,Jalumuru,Tallavalasa
Andhra Pradesh,Srikakulam,Jalumuru,Tekkalipadu
Andhra Pradesh,Srikakulam,Jalumuru,Timadam
Andhra Pradesh,Srikakulam,Jalumuru,Velusoda
Andhra Pradesh,Srikakulam,Jalumuru,Venkatapuram
Andhra Pradesh,Srikakulam,Jalumuru,Yelamanchili
Andhra Pradesh,Srikakulam,Jalumuru,Yenetikothuru
Andhra Pradesh,Srikakulam,Kanchili,Amaravati
Andhra Pradesh,Srikakulam,Kanchili,Ammavariputtuga
Andhra Pradesh,Srikakulam,Kanchili,Ampuram
Andhra Pradesh,Srikakulam,Kanchili,Aravasariapalle
Andhra Pradesh,Srikakulam,Kanchili,Baliyaputtuga
Andhra Pradesh,Srikakulam,Kanchili,Bellupada
Andhra Pradesh,Srikakulam,Kanchili,Bhinnala
Andhra Pradesh,Srikakulam,Kanchili,Bhinnala Kothuru
Andhra Pradesh,Srikakulam,Kanchili,Bhogabeni
Andhra Pradesh,Srikakulam,Kanchili,Bhyripuram
Andhra Pradesh,Srikakulam,Kanchili,Bonamali
Andhra Pradesh,Srikakulam,Kanchili,Buragam
Andhra Pradesh,Srikakulam,Kanchili,Chinnakhojiria
Andhra Pradesh,Srikakulam,Kanchili,Daleswaram
Andhra Pradesh,Srikakulam,Kanchili,Deppipada
Andhra Pradesh,Srikakulam,Kanchili,Dolagovindapuram
Andhra Pradesh,Srikakulam,Kanchili,Ghatimukundapuram
Andhra Pradesh,Srikakulam,Kanchili,Gokarnapuram
Andhra Pradesh,Srikakulam,Kanchili,Gopakeli
Andhra Pradesh,Srikakulam,Kanchili,Gundam
Andhra Pradesh,Srikakulam,Kanchili,Jadupudi
Andhra Pradesh,Srikakulam,Kanchili,Jalantrakota
Andhra Pradesh,Srikakulam,Kanchili,Janardhanapuram
Andhra Pradesh,Srikakulam,Kanchili,Jennaghai
Andhra Pradesh,Srikakulam,Kanchili,Jillunda
Andhra Pradesh,Srikakulam,Kanchili,Kanchili
Andhra Pradesh,Srikakulam,Kanchili,Karthali
Andhra Pradesh,Srikakulam,Kanchili,Kattivaram
Andhra Pradesh,Srikakulam,Kanchili,Kesaripada
Andhra Pradesh,Srikakulam,Kanchili,Kokkiliputtuga
Andhra Pradesh,Srikakulam,Kanchili,Kolluru
Andhra Pradesh,Srikakulam,Kanchili,Kumbarinowgam
Andhra Pradesh,Srikakulam,Kanchili,Kuttuma
Andhra Pradesh,Srikakulam,Kanchili,Laxmipuram
Andhra Pradesh,Srikakulam,Kanchili,Mahalpada
Andhra Pradesh,Srikakulam,Kanchili,Makarampuram
Andhra Pradesh,Srikakulam,Kanchili,Mandapalle
Andhra Pradesh,Srikakulam,Kanchili,Mathamsariapalle
Andhra Pradesh,Srikakulam,Kanchili,Mundala
Andhra Pradesh,Srikakulam,Kanchili,Narasannamukundapuram
Andhra Pradesh,Srikakulam,Kanchili,Nuvagada
Andhra Pradesh,Srikakulam,Kanchili,Padmatula
Andhra Pradesh,Srikakulam,Kanchili,Pathrapada
Andhra Pradesh,Srikakulam,Kanchili,Peddakhojiria
Andhra Pradesh,Srikakulam,Kanchili,Poleru
Andhra Pradesh,Srikakulam,Kanchili,Pudabhadra
Andhra Pradesh,Srikakulam,Kanchili,Purushothapuram
Andhra Pradesh,Srikakulam,Kanchili,Ragapuram
Andhra Pradesh,Srikakulam,Kanchili,Rangumatia
Andhra Pradesh,Srikakulam,Kanchili,Rekhadevipuram
Andhra Pradesh,Srikakulam,Kanchili,Samantha Ramachandrapuram
Andhra Pradesh,Srikakulam,Kanchili,Sasanam
Andhra Pradesh,Srikakulam,Kanchili,Sirthali
Andhra Pradesh,Srikakulam,Kanchili,Talatampara
Andhra Pradesh,Srikakulam,Kanchili,Timmalanji
Andhra Pradesh,Srikakulam,Kanchili,Veeranarayana Puram
Andhra Pradesh,Srikakulam,Kanchili,Veera Ramachan Dra Puram
Andhra Pradesh,Srikakulam,Kanchili,Yekkala
Andhra Pradesh,Srikakulam,Kaviti,Balliputtuga
Andhra Pradesh,Srikakulam,Kaviti,Bejjiputtuga
Andhra Pradesh,Srikakulam,Kaviti,Belagam
Andhra Pradesh,Srikakulam,Kaviti,Bhyripuram
Andhra Pradesh,Srikakulam,Kaviti,Borivanka
Andhra Pradesh,Srikakulam,Kaviti,Chandiputtuga
Andhra Pradesh,Srikakulam,Kaviti,Deppili Gonapaputtuga
Andhra Pradesh,Srikakulam,Kaviti,Jagathi
Andhra Pradesh,Srikakulam,Kaviti,Kapasakuddi
Andhra Pradesh,Srikakulam,Kaviti,Karapadu
Andhra Pradesh,Srikakulam,Kaviti,Kaviti
Andhra Pradesh,Srikakulam,Kaviti,Kojjiria
Andhra Pradesh,Srikakulam,Kaviti,Kusumpuram
Andhra Pradesh,Srikakulam,Kaviti,Manikyapuram
Andhra Pradesh,Srikakulam,Kaviti,Nelavanka
Andhra Pradesh,Srikakulam,Kaviti,Putiyadala
Andhra Pradesh,Srikakulam,Kaviti,Raghunadhapuram
Andhra Pradesh,Srikakulam,Kaviti,Rajapuram
Andhra Pradesh,Srikakulam,Kaviti,Silagam
Andhra Pradesh,Srikakulam,Kaviti,Varakha
Andhra Pradesh,Srikakulam,Kaviti,Vinjagiri
Andhra Pradesh,Srikakulam,Kotabommali,Akkayyavalasa
Andhra Pradesh,Srikakulam,Kotabommali,Anandapuram
Andhra Pradesh,Srikakulam,Kotabommali,Cheepurlapadu
Andhra Pradesh,Srikakulam,Kotabommali,Chinasana
Andhra Pradesh,Srikakulam,Kotabommali,Chinavenkatapuram
Andhra Pradesh,Srikakulam,Kotabommali,Chinnabammidi
Andhra Pradesh,Srikakulam,Kotabommali,Chittivalasa
Andhra Pradesh,Srikakulam,Kotabommali,Dantha
Andhra Pradesh,Srikakulam,Kotabommali,Duppalapadu
Andhra Pradesh,Srikakulam,Kotabommali,Gangaram
Andhra Pradesh,Srikakulam,Kotabommali,Gudivada
Andhra Pradesh,Srikakulam,Kotabommali,Gunjilova
Andhra Pradesh,Srikakulam,Kotabommali,Harichandrapuram
Andhra Pradesh,Srikakulam,Kotabommali,Jarjangi
Andhra Pradesh,Srikakulam,Kotabommali,Jiyyannapeta
Andhra Pradesh,Srikakulam,Kotabommali,Kannevalasa
Andhra Pradesh,Srikakulam,Kotabommali,Kasturipadu
Andhra Pradesh,Srikakulam,Kotabommali,Kistupuram
Andhra Pradesh,Srikakulam,Kotabommali,Kotabommali
Andhra Pradesh,Srikakulam,Kotabommali,Kothapalle
Andhra Pradesh,Srikakulam,Kotabommali,Kothapeta
Andhra Pradesh,Srikakulam,Kotabommali,Kurudu
Andhra Pradesh,Srikakulam,Kotabommali,Lakkamdiddi
Andhra Pradesh,Srikakulam,Kotabommali,Masahebpeta
Andhra Pradesh,Srikakulam,Kotabommali,Narasingupalle
Andhra Pradesh,Srikakulam,Kotabommali,Narayanavalasa
Andhra Pradesh,Srikakulam,Kotabommali,Nimmada
Andhra Pradesh,Srikakulam,Kotabommali,Pakivalasa
Andhra Pradesh,Srikakulam,Kotabommali,Pattupuram
Andhra Pradesh,Srikakulam,Kotabommali,Peddabammidi
Andhra Pradesh,Srikakulam,Kotabommali,Regulapadu
Andhra Pradesh,Srikakulam,Kotabommali,Sariaboddapadu
Andhra Pradesh,Srikakulam,Kotabommali,Sariapalle
Andhra Pradesh,Srikakulam,Kotabommali,Simhadripuram
Andhra Pradesh,Srikakulam,Kotabommali,Sowdam
Andhra Pradesh,Srikakulam,Kotabommali,Srijagannadha Puram
Andhra Pradesh,Srikakulam,Kotabommali,Tatiparthi
Andhra Pradesh,Srikakulam,Kotabommali,Tharlipeta
Andhra Pradesh,Srikakulam,Kotabommali,Tilaru
Andhra Pradesh,Srikakulam,Kotabommali,Vandrada
Andhra Pradesh,Srikakulam,Kotabommali,Viswanadhapuram
Andhra Pradesh,Srikakulam,Kotabommali,Yelamanchili
Andhra Pradesh,Srikakulam,Kotabommali,Yetturallapadu
Andhra Pradesh,Srikakulam,Kothuru,Addangi
Andhra Pradesh,Srikakulam,Kothuru,Akulatampara
Andhra Pradesh,Srikakulam,Kothuru,Althi
Andhra Pradesh,Srikakulam,Kothuru,Anguru
Andhra Pradesh,Srikakulam,Kothuru,Balada
Andhra Pradesh,Srikakulam,Kothuru,Bammidi
Andhra Pradesh,Srikakulam,Kothuru,Boddaguda
Andhra Pradesh,Srikakulam,Kothuru,Chompa
Andhra Pradesh,Srikakulam,Kothuru,Dimili
Andhra Pradesh,Srikakulam,Kothuru,Gurandi
Andhra Pradesh,Srikakulam,Kothuru,Irapadu
Andhra Pradesh,Srikakulam,Kothuru,Kadumu
Andhra Pradesh,Srikakulam,Kothuru,Kakaraguda
Andhra Pradesh,Srikakulam,Kothuru,Kaligam
Andhra Pradesh,Srikakulam,Kothuru,Karlemma
Andhra Pradesh,Srikakulam,Kothuru,Kothuru
Andhra Pradesh,Srikakulam,Kothuru,Kousalyapuram
Andhra Pradesh,Srikakulam,Kothuru,Kuddigam
Andhra Pradesh,Srikakulam,Kothuru,Kurigam
Andhra Pradesh,Srikakulam,Kothuru,Labba
Andhra Pradesh,Srikakulam,Kothuru,Maharthapuram
Andhra Pradesh,Srikakulam,Kothuru,Mathala
Andhra Pradesh,Srikakulam,Kothuru,Neradi
Andhra Pradesh,Srikakulam,Kothuru,Nivagam
Andhra Pradesh,Srikakulam,Kothuru,Parapuram
Andhra Pradesh,Srikakulam,Kothuru,Pathapadu
Andhra Pradesh,Srikakulam,Kothuru,Peddamadi
Andhra Pradesh,Srikakulam,Kothuru,Ponnuturu
Andhra Pradesh,Srikakulam,Kothuru,Rayala
Andhra Pradesh,Srikakulam,Kothuru,Sandipolam
Andhra Pradesh,Srikakulam,Kothuru,Shobhanapuram
Andhra Pradesh,Srikakulam,Kothuru,Sirusuvada
Andhra Pradesh,Srikakulam,Kothuru,Vasapa
Andhra Pradesh,Srikakulam,Kothuru,Veeranarayanapuram
Andhra Pradesh,Srikakulam,Kothuru,Venkatapuram
Andhra Pradesh,Srikakulam,Kothuru,Vondrujola
Andhra Pradesh,Srikakulam,Laveru,Adapaka
Andhra Pradesh,Srikakulam,Laveru,Appapuram
Andhra Pradesh,Srikakulam,Laveru,Bejjipuram
Andhra Pradesh,Srikakulam,Laveru,Bharanikam
Andhra Pradesh,Srikakulam,Laveru,Budathavalasa
Andhra Pradesh,Srikakulam,Laveru,Budumuru
Andhra Pradesh,Srikakulam,Laveru,Chellayamma Agraharam
Andhra Pradesh,Srikakulam,Laveru,Govindapuram
Andhra Pradesh,Srikakulam,Laveru,Gudemgolugula Valasa
Andhra Pradesh,Srikakulam,Laveru,Gumadam
Andhra Pradesh,Srikakulam,Laveru,Gurugubilli
Andhra Pradesh,Srikakulam,Laveru,Hanumanthapuram
Andhra Pradesh,Srikakulam,Laveru,Kesavarayapuram
Andhra Pradesh,Srikakulam,Laveru,Kesavarayuni Palem
Andhra Pradesh,Srikakulam,Laveru,Kondakunkam
Andhra Pradesh,Srikakulam,Laveru,Kothakota
Andhra Pradesh,Srikakulam,Laveru,Kothakunkam
Andhra Pradesh,Srikakulam,Laveru,Lakshmipuram
Andhra Pradesh,Srikakulam,Laveru,Laveru
Andhra Pradesh,Srikakulam,Laveru,Lopenta
Andhra Pradesh,Srikakulam,Laveru,Murapaka
Andhra Pradesh,Srikakulam,Laveru,Nagampalem
Andhra Pradesh,Srikakulam,Laveru,Neelapuram
Andhra Pradesh,Srikakulam,Laveru,Netheru
Andhra Pradesh,Srikakulam,Laveru,Patha Kunkam
Andhra Pradesh,Srikakulam,Laveru,Pedda Kothapalle
Andhra Pradesh,Srikakulam,Laveru,Peddalingala Valasa
Andhra Pradesh,Srikakulam,Laveru,Peddaraopalle
Andhra Pradesh,Srikakulam,Laveru,Pothayyavalasa
Andhra Pradesh,Srikakulam,Laveru,Pydayyavalasa
Andhra Pradesh,Srikakulam,Laveru,Ravivalasa
Andhra Pradesh,Srikakulam,Laveru,Regapalem
Andhra Pradesh,Srikakulam,Laveru,Sahapuram
Andhra Pradesh,Srikakulam,Laveru,Sigiri Kothapalle
Andhra Pradesh,Srikakulam,Laveru,Sirlapalem
Andhra Pradesh,Srikakulam,Laveru,Subhadrapuram
Andhra Pradesh,Srikakulam,Laveru,Thallavalasa
Andhra Pradesh,Srikakulam,Laveru,Thamvada
Andhra Pradesh,Srikakulam,Laveru,Venkatapuram
Andhra Pradesh,Srikakulam,Laveru,Venkataraopeta
Andhra Pradesh,Srikakulam,Laveru,Venugopalapuram
Andhra Pradesh,Srikakulam,Laveru,Vijayaramapuram
Andhra Pradesh,Srikakulam,Laxminarasupeta,Baratam
Andhra Pradesh,Srikakulam,Laxminarasupeta,Boddavalasa
Andhra Pradesh,Srikakulam,Laxminarasupeta,Borramambapuram
Andhra Pradesh,Srikakulam,Laxminarasupeta,Borrampeta
Andhra Pradesh,Srikakulam,Laxminarasupeta,Bottadasingi
Andhra Pradesh,Srikakulam,Laxminarasupeta,Chinthalabadavanja
Andhra Pradesh,Srikakulam,Laxminarasupeta,Chittimandalam
Andhra Pradesh,Srikakulam,Laxminarasupeta,Chorlangi
Andhra Pradesh,Srikakulam,Laxminarasupeta,Dabbapadu
Andhra Pradesh,Srikakulam,Laxminarasupeta,Dhanukuvada
Andhra Pradesh,Srikakulam,Laxminarasupeta,Donkalabadavanja
Andhra Pradesh,Srikakulam,Laxminarasupeta,Foxdorapeta
Andhra Pradesh,Srikakulam,Laxminarasupeta,Garlapadu
Andhra Pradesh,Srikakulam,Laxminarasupeta,Gottipalle
Andhra Pradesh,Srikakulam,Laxminarasupeta,Jadapeta
Andhra Pradesh,Srikakulam,Laxminarasupeta,Jagannadhapuram
Andhra Pradesh,Srikakulam,Laxminarasupeta,Jambada
Andhra Pradesh,Srikakulam,Laxminarasupeta,Jangalavalasa
Andhra Pradesh,Srikakulam,Laxminarasupeta,Karkavalasa
Andhra Pradesh,Srikakulam,Laxminarasupeta,Kaviti
Andhra Pradesh,Srikakulam,Laxminarasupeta,Kommuvalasa
Andhra Pradesh,Srikakulam,Laxminarasupeta,Kothapeta
Andhra Pradesh,Srikakulam,Laxminarasupeta,Kovilam
Andhra Pradesh,Srikakulam,Laxminarasupeta,Krishnapuram
Andhra Pradesh,Srikakulam,Laxminarasupeta,Mallikarjunapuram
Andhra Pradesh,Srikakulam,Laxminarasupeta,Mariapalle
Andhra Pradesh,Srikakulam,Laxminarasupeta,Moduguvalasa
Andhra Pradesh,Srikakulam,Laxminarasupeta,Munganna Agraharam
Andhra Pradesh,Srikakulam,Laxminarasupeta,Narendrapuram
Andhra Pradesh,Srikakulam,Laxminarasupeta,Palavalasa
Andhra Pradesh,Srikakulam,Laxminarasupeta,Pedakota
Andhra Pradesh,Srikakulam,Laxminarasupeta,Peddakollivalasa
Andhra Pradesh,Srikakulam,Laxminarasupeta,Pusam
Andhra Pradesh,Srikakulam,Laxminarasupeta,Ravichandri
Andhra Pradesh,Srikakulam,Laxminarasupeta,Saradam
Andhra Pradesh,Srikakulam,Laxminarasupeta,Scotpeta
Andhra Pradesh,Srikakulam,Laxminarasupeta,Seetharampuram
Andhra Pradesh,Srikakulam,Laxminarasupeta,Sidhantham
Andhra Pradesh,Srikakulam,Laxminarasupeta,Somanadhapuram
Andhra Pradesh,Srikakulam,Laxminarasupeta,Sumanthapuram @ Podugu Padu
Andhra Pradesh,Srikakulam,Laxminarasupeta,Syamalambapuram
Andhra Pradesh,Srikakulam,Laxminarasupeta,Thaimambapuram
Andhra Pradesh,Srikakulam,Laxminarasupeta,Turakapeta
Andhra Pradesh,Srikakulam,Laxminarasupeta,Vadavalasa
Andhra Pradesh,Srikakulam,Laxminarasupeta,Valasapadu
Andhra Pradesh,Srikakulam,Laxminarasupeta,Venkampeta
Andhra Pradesh,Srikakulam,Laxminarasupeta,Yembaram
Andhra Pradesh,Srikakulam,Mandasa,Allimeraka
Andhra Pradesh,Srikakulam,Mandasa,Ambugam
Andhra Pradesh,Srikakulam,Mandasa,Ambugambit
Andhra Pradesh,Srikakulam,Mandasa,Atchutapuram
Andhra Pradesh,Srikakulam,Mandasa,Bahadapalle
Andhra Pradesh,Srikakulam,Mandasa,Bairisarangapuram
Andhra Pradesh,Srikakulam,Mandasa,Balajipuram
Andhra Pradesh,Srikakulam,Mandasa,Baligam
Andhra Pradesh,Srikakulam,Mandasa,Banjarukesupuram
Andhra Pradesh,Srikakulam,Mandasa,Banjaruyuvaraja Puram
Andhra Pradesh,Srikakulam,Mandasa,Bellupatia
Andhra Pradesh,Srikakulam,Mandasa,Bethalapuram
Andhra Pradesh,Srikakulam,Mandasa,Bhinnala
Andhra Pradesh,Srikakulam,Mandasa,Bidimi
Andhra Pradesh,Srikakulam,Mandasa,Bogabanda
Andhra Pradesh,Srikakulam,Mandasa,Budarasingi
Andhra Pradesh,Srikakulam,Mandasa,Chatrapuram
Andhra Pradesh,Srikakulam,Mandasa,Cheepi
Andhra Pradesh,Srikakulam,Mandasa,Dabaru
Andhra Pradesh,Srikakulam,Mandasa,Dabarusingi
Andhra Pradesh,Srikakulam,Mandasa,Devupuram
Andhra Pradesh,Srikakulam,Mandasa,Dimiria
Andhra Pradesh,Srikakulam,Mandasa,Dunnavuru
Andhra Pradesh,Srikakulam,Mandasa,Gollapalem
Andhra Pradesh,Srikakulam,Mandasa,Govindapuram
Andhra Pradesh,Srikakulam,Mandasa,Gowduguranti
Andhra Pradesh,Srikakulam,Mandasa,Hamsarali
Andhra Pradesh,Srikakulam,Mandasa,Haripuram
Andhra Pradesh,Srikakulam,Mandasa,Honnali
Andhra Pradesh,Srikakulam,Mandasa,Ichapuram
Andhra Pradesh,Srikakulam,Mandasa,Jullunda
Andhra Pradesh,Srikakulam,Mandasa,Karapalle
Andhra Pradesh,Srikakulam,Mandasa,Killoyi
Andhra Pradesh,Srikakulam,Mandasa,Kondalogam
Andhra Pradesh,Srikakulam,Mandasa,Konkadaputti
Andhra Pradesh,Srikakulam,Mandasa,Kontabono
Andhra Pradesh,Srikakulam,Mandasa,Kothakamalapuram
Andhra Pradesh,Srikakulam,Mandasa,Kothapalle
Andhra Pradesh,Srikakulam,Mandasa,Kuntikota
Andhra Pradesh,Srikakulam,Mandasa,Kusumala
Andhra Pradesh,Srikakulam,Mandasa,Lakshminarayana Puram
Andhra Pradesh,Srikakulam,Mandasa,Laxmipuram
Andhra Pradesh,Srikakulam,Mandasa,Limbugam
Andhra Pradesh,Srikakulam,Mandasa,Loharibanda
Andhra Pradesh,Srikakulam,Mandasa,Madhya
Andhra Pradesh,Srikakulam,Mandasa,Makarajola
Andhra Pradesh,Srikakulam,Mandasa,Malagovinda Puram
Andhra Pradesh,Srikakulam,Mandasa,Mandasa
Andhra Pradesh,Srikakulam,Mandasa,Mandavuru
Andhra Pradesh,Srikakulam,Mandasa,Marripadu
Andhra Pradesh,Srikakulam,Mandasa,Mogalaipeta
Andhra Pradesh,Srikakulam,Mandasa,Mukundapuram
Andhra Pradesh,Srikakulam,Mandasa,Mulipadu
Andhra Pradesh,Srikakulam,Mandasa,Narasingapuram
Andhra Pradesh,Srikakulam,Mandasa,Narayanapuram
Andhra Pradesh,Srikakulam,Mandasa,Nuvagam
Andhra Pradesh,Srikakulam,Mandasa,Onasya
Andhra Pradesh,Srikakulam,Mandasa,Pathakamala Puram
Andhra Pradesh,Srikakulam,Mandasa,Pidimandsa
Andhra Pradesh,Srikakulam,Mandasa,Pithali
Andhra Pradesh,Srikakulam,Mandasa,Pithatholi
Andhra Pradesh,Srikakulam,Mandasa,Pothangi
Andhra Pradesh,Srikakulam,Mandasa,Pothangibiswali
Andhra Pradesh,Srikakulam,Mandasa,Puchapadu
Andhra Pradesh,Srikakulam,Mandasa,Radhakrishnapuram
Andhra Pradesh,Srikakulam,Mandasa,Raghunadhapuram
Andhra Pradesh,Srikakulam,Mandasa,Ranganadhapuram
Andhra Pradesh,Srikakulam,Mandasa,Ratti
Andhra Pradesh,Srikakulam,Mandasa,Sandhigam
Andhra Pradesh,Srikakulam,Mandasa,Sariapalle
Andhra Pradesh,Srikakulam,Mandasa,Savaramadhya
Andhra Pradesh,Srikakulam,Mandasa,Siddigam
Andhra Pradesh,Srikakulam,Mandasa,Singupuram
Andhra Pradesh,Srikakulam,Mandasa,Siripuram
Andhra Pradesh,Srikakulam,Mandasa,Sondipudi
Andhra Pradesh,Srikakulam,Mandasa,Srirampuram
Andhra Pradesh,Srikakulam,Mandasa,Suvarnapuram
Andhra Pradesh,Srikakulam,Mandasa,Tubburu
Andhra Pradesh,Srikakulam,Mandasa,Ummagiri
Andhra Pradesh,Srikakulam,Mandasa,Vasudevupuram
Andhra Pradesh,Srikakulam,Mandasa,Veerabhadra
Andhra Pradesh,Srikakulam,Mandasa,Veeragunnamapuram
Andhra Pradesh,Srikakulam,Mandasa,Venkatavarada -Rajapuram
Andhra Pradesh,Srikakulam,Meliaputti,Ampuram
Andhra Pradesh,Srikakulam,Meliaputti,Anjaneyapuram
Andhra Pradesh,Srikakulam,Meliaputti,Archanapuram
Andhra Pradesh,Srikakulam,Meliaputti,Bagada
Andhra Pradesh,Srikakulam,Meliaputti,Bandapalle
Andhra Pradesh,Srikakulam,Meliaputti,Bellupadu
Andhra Pradesh,Srikakulam,Meliaputti,Bourasingi
Andhra Pradesh,Srikakulam,Meliaputti,Burada Ramachandrapuram
Andhra Pradesh,Srikakulam,Meliaputti,Chandragiri
Andhra Pradesh,Srikakulam,Meliaputti,Cheepurapalle
Andhra Pradesh,Srikakulam,Meliaputti,Chinna Pedda Kothuru
Andhra Pradesh,Srikakulam,Meliaputti,Chinnasunnapuram
Andhra Pradesh,Srikakulam,Meliaputti,Chintapalle
Andhra Pradesh,Srikakulam,Meliaputti,Chompapuram
Andhra Pradesh,Srikakulam,Meliaputti,Cuddaba
Andhra Pradesh,Srikakulam,Meliaputti,Dabaru
Andhra Pradesh,Srikakulam,Meliaputti,Dabbaguda
Andhra Pradesh,Srikakulam,Meliaputti,Deenabandhupuram
Andhra Pradesh,Srikakulam,Meliaputti,Durbalapuram
Andhra Pradesh,Srikakulam,Meliaputti,Gangarajapuram
Andhra Pradesh,Srikakulam,Meliaputti,Gedalapoluru
Andhra Pradesh,Srikakulam,Meliaputti,Godda
Andhra Pradesh,Srikakulam,Meliaputti,Gokarnapuram
Andhra Pradesh,Srikakulam,Meliaputti,Goppili
Andhra Pradesh,Srikakulam,Meliaputti,Gottipalle
Andhra Pradesh,Srikakulam,Meliaputti,Haddivada
Andhra Pradesh,Srikakulam,Meliaputti,Jadupalle
Andhra Pradesh,Srikakulam,Meliaputti,Jagannadhapuram
Andhra Pradesh,Srikakulam,Meliaputti,Jarribadra
Andhra Pradesh,Srikakulam,Meliaputti,Joduru
Andhra Pradesh,Srikakulam,Meliaputti,Karajada
Andhra Pradesh,Srikakulam,Meliaputti,Kerasingi
Andhra Pradesh,Srikakulam,Meliaputti,Kodukoligam
Andhra Pradesh,Srikakulam,Meliaputti,Kommuru
Andhra Pradesh,Srikakulam,Meliaputti,Kosamala
Andhra Pradesh,Srikakulam,Meliaputti,Kothuru
Andhra Pradesh,Srikakulam,Meliaputti,Makannapalle
Andhra Pradesh,Srikakulam,Meliaputti,Mara
Andhra Pradesh,Srikakulam,Meliaputti,Maridikota
Andhra Pradesh,Srikakulam,Meliaputti,Marripadu (C)
Andhra Pradesh,Srikakulam,Meliaputti,Marripadu (K)
Andhra Pradesh,Srikakulam,Meliaputti,Meliaputti
Andhra Pradesh,Srikakulam,Meliaputti,Muktapuram
Andhra Pradesh,Srikakulam,Meliaputti,Murukuntibadra
Andhra Pradesh,Srikakulam,Meliaputti,Mutyanibonthu
Andhra Pradesh,Srikakulam,Meliaputti,Naidupoluru
Andhra Pradesh,Srikakulam,Meliaputti,Nandava
Andhra Pradesh,Srikakulam,Meliaputti,Nelabonthu
Andhra Pradesh,Srikakulam,Meliaputti,Padda
Andhra Pradesh,Srikakulam,Meliaputti,Parasurampuram
Andhra Pradesh,Srikakulam,Meliaputti,Peddakedari
Andhra Pradesh,Srikakulam,Meliaputti,Peddamadi
Andhra Pradesh,Srikakulam,Meliaputti,Peddapadmapuram
Andhra Pradesh,Srikakulam,Meliaputti,Pulasara
Andhra Pradesh,Srikakulam,Meliaputti,Pullanginerudulova
Andhra Pradesh,Srikakulam,Meliaputti,Raikola
Andhra Pradesh,Srikakulam,Meliaputti,Ramachandrapuram
Andhra Pradesh,Srikakulam,Meliaputti,Rangadughati
Andhra Pradesh,Srikakulam,Meliaputti,Rompi
Andhra Pradesh,Srikakulam,Meliaputti,Sajjanapuram
Andhra Pradesh,Srikakulam,Meliaputti,Santhoshapuram
Andhra Pradesh,Srikakulam,Meliaputti,Savarajadupalle
Andhra Pradesh,Srikakulam,Meliaputti,Singupuram
Andhra Pradesh,Srikakulam,Meliaputti,Siriakandi
Andhra Pradesh,Srikakulam,Meliaputti,Sundarada
Andhra Pradesh,Srikakulam,Meliaputti,Surjini
Andhra Pradesh,Srikakulam,Meliaputti,Thumukinda Banjaru
Andhra Pradesh,Srikakulam,Meliaputti,Tumukonda Rama Chandrapuram
Andhra Pradesh,Srikakulam,Meliaputti,Vasandhara
Andhra Pradesh,Srikakulam,Meliaputti,Venkatapuram
Andhra Pradesh,Srikakulam,Nandigam,Agarlagokarla Palle
Andhra Pradesh,Srikakulam,Nandigam,Akularaghunadha Puram
Andhra Pradesh,Srikakulam,Nandigam,Anandapuram
Andhra Pradesh,Srikakulam,Nandigam,Annapuram
Andhra Pradesh,Srikakulam,Nandigam,Badabanda
Andhra Pradesh,Srikakulam,Nandigam,Badagam
Andhra Pradesh,Srikakulam,Nandigam,Banjeerupeta
Andhra Pradesh,Srikakulam,Nandigam,Bejjipalle
Andhra Pradesh,Srikakulam,Nandigam,Bellukola
Andhra Pradesh,Srikakulam,Nandigam,Beniavooru
Andhra Pradesh,Srikakulam,Nandigam,Bharanigam
Andhra Pradesh,Srikakulam,Nandigam,Bharthupuram
Andhra Pradesh,Srikakulam,Nandigam,Bhiriboddapadu
Andhra Pradesh,Srikakulam,Nandigam,Borubhadra
Andhra Pradesh,Srikakulam,Nandigam,Cherukupalle
Andhra Pradesh,Srikakulam,Nandigam,Chinnaguruvuru
Andhra Pradesh,Srikakulam,Nandigam,Chinnalavunipalle
Andhra Pradesh,Srikakulam,Nandigam,Chinnalaxmipuram
Andhra Pradesh,Srikakulam,Nandigam,Chinnarigokarla Palle
Andhra Pradesh,Srikakulam,Nandigam,Chinnatamarapalle
Andhra Pradesh,Srikakulam,Nandigam,Deenabandupuram
Andhra Pradesh,Srikakulam,Nandigam,Devada
Andhra Pradesh,Srikakulam,Nandigam,Devalabhadra
Andhra Pradesh,Srikakulam,Nandigam,Devupuram
Andhra Pradesh,Srikakulam,Nandigam,Dimilada
Andhra Pradesh,Srikakulam,Nandigam,Dimmidijola
Andhra Pradesh,Srikakulam,Nandigam,Dodlarama Chandrapuram
Andhra Pradesh,Srikakulam,Nandigam,Hanumanthulova
Andhra Pradesh,Srikakulam,Nandigam,Haridasupuram
Andhra Pradesh,Srikakulam,Nandigam,Harshabada
Andhra Pradesh,Srikakulam,Nandigam,Hukumpeta
Andhra Pradesh,Srikakulam,Nandigam,Jadyada
Andhra Pradesh,Srikakulam,Nandigam,Jammipeta
Andhra Pradesh,Srikakulam,Nandigam,Jayapuram
Andhra Pradesh,Srikakulam,Nandigam,Kaijola
Andhra Pradesh,Srikakulam,Nandigam,Kaliavooru
Andhra Pradesh,Srikakulam,Nandigam,Kamadhenuvu
Andhra Pradesh,Srikakulam,Nandigam,Kanchivooru
Andhra Pradesh,Srikakulam,Nandigam,Kandulagudem
Andhra Pradesh,Srikakulam,Nandigam,Kanithivooru
Andhra Pradesh,Srikakulam,Nandigam,Karajada
Andhra Pradesh,Srikakulam,Nandigam,Karlapudi
Andhra Pradesh,Srikakulam,Nandigam,Kasirajukasipuram
Andhra Pradesh,Srikakulam,Nandigam,Kaviti
Andhra Pradesh,Srikakulam,Nandigam,Khallada
Andhra Pradesh,Srikakulam,Nandigam,Komatooru
Andhra Pradesh,Srikakulam,Nandigam,Kondatemburu
Andhra Pradesh,Srikakulam,Nandigam,Kothagraharam
Andhra Pradesh,Srikakulam,Nandigam,Kotipalle
Andhra Pradesh,Srikakulam,Nandigam,Krishnarayapuram
Andhra Pradesh,Srikakulam,Nandigam,Lakkidasupuram
Andhra Pradesh,Srikakulam,Nandigam,Lattigam
Andhra Pradesh,Srikakulam,Nandigam,Madanapuram
Andhra Pradesh,Srikakulam,Nandigam,Madigapuram
Andhra Pradesh,Srikakulam,Nandigam,Majjigopalapuram
Andhra Pradesh,Srikakulam,Nandigam,Malliveedu
Andhra Pradesh,Srikakulam,Nandigam,Mamidipalle
Andhra Pradesh,Srikakulam,Nandigam,Manigam
Andhra Pradesh,Srikakulam,Nandigam,Marlapadu
Andhra Pradesh,Srikakulam,Nandigam,Mogilipadu
Andhra Pradesh,Srikakulam,Nandigam,Mojjuvada
Andhra Pradesh,Srikakulam,Nandigam,Mondrayavalasa
Andhra Pradesh,Srikakulam,Nandigam,Mukundapuram
Andhra Pradesh,Srikakulam,Nandigam,Nadupuram
Andhra Pradesh,Srikakulam,Nandigam,Nandigam
Andhra Pradesh,Srikakulam,Nandigam,Narendrapuram
Andhra Pradesh,Srikakulam,Nandigam,Narsipuram
Andhra Pradesh,Srikakulam,Nandigam,Nelluru
Andhra Pradesh,Srikakulam,Nandigam,Nowgam
Andhra Pradesh,Srikakulam,Nandigam,Padmapuram
Andhra Pradesh,Srikakulam,Nandigam,Palavalasa
Andhra Pradesh,Srikakulam,Nandigam,Panasalapadu
Andhra Pradesh,Srikakulam,Nandigam,Panukuru
Andhra Pradesh,Srikakulam,Nandigam,Pathrunivalasa
Andhra Pradesh,Srikakulam,Nandigam,Peddabanapuram
Andhra Pradesh,Srikakulam,Nandigam,Peddaguruvooru
Andhra Pradesh,Srikakulam,Nandigam,Peddalavunipalle
Andhra Pradesh,Srikakulam,Nandigam,Peddalaxmipuram
Andhra Pradesh,Srikakulam,Nandigam,Peddatamarapalle
Andhra Pradesh,Srikakulam,Nandigam,Peddinaidupeta
Andhra Pradesh,Srikakulam,Nandigam,Pentavooru
Andhra Pradesh,Srikakulam,Nandigam,Polavaram
Andhra Pradesh,Srikakulam,Nandigam,Pothuluru
Andhra Pradesh,Srikakulam,Nandigam,Prathapaviswana Dhapuram
Andhra Pradesh,Srikakulam,Nandigam,Radhajanabodda Padu
Andhra Pradesh,Srikakulam,Nandigam,Rampuram
Andhra Pradesh,Srikakulam,Nandigam,Routhupuram
Andhra Pradesh,Srikakulam,Nandigam,Sagarampeta
Andhra Pradesh,Srikakulam,Nandigam,Santhosha Puram
Andhra Pradesh,Srikakulam,Nandigam,Saradapuram
Andhra Pradesh,Srikakulam,Nandigam,Savarabanapuram
Andhra Pradesh,Srikakulam,Nandigam,Savarakothuru
Andhra Pradesh,Srikakulam,Nandigam,Savaralingupuram
Andhra Pradesh,Srikakulam,Nandigam,Savaraneelapuram
Andhra Pradesh,Srikakulam,Nandigam,Savararama Krishnapuram
Andhra Pradesh,Srikakulam,Nandigam,Savararampuram
Andhra Pradesh,Srikakulam,Nandigam,Savarasomanadha Puram
Andhra Pradesh,Srikakulam,Nandigam,Singupuram
Andhra Pradesh,Srikakulam,Nandigam,Sivarampuram
Andhra Pradesh,Srikakulam,Nandigam,Sontinooru
Andhra Pradesh,Srikakulam,Nandigam,Subhadrapuram
Andhra Pradesh,Srikakulam,Nandigam,Tamalapuram
Andhra Pradesh,Srikakulam,Nandigam,Temburu
Andhra Pradesh,Srikakulam,Nandigam,Thotaneela Puram
Andhra Pradesh,Srikakulam,Nandigam,Totada
Andhra Pradesh,Srikakulam,Nandigam,Turakalakota
Andhra Pradesh,Srikakulam,Nandigam,Uddandabartupuram
Andhra Pradesh,Srikakulam,Nandigam,Uyyalapeta
Andhra Pradesh,Srikakulam,Nandigam,Vallabharayapadu
Andhra Pradesh,Srikakulam,Nandigam,Venkatapuram
Andhra Pradesh,Srikakulam,Nandigam,Venugopalapuram
Andhra Pradesh,Srikakulam,Nandigam,Vissampalle
Andhra Pradesh,Srikakulam,Narasannapeta,Ampalam
Andhra Pradesh,Srikakulam,Narasannapeta,Badam
Andhra Pradesh,Srikakulam,Narasannapeta,Balaseema
Andhra Pradesh,Srikakulam,Narasannapeta,Basivalasa
Andhra Pradesh,Srikakulam,Narasannapeta,Boddavalasa
Andhra Pradesh,Srikakulam,Narasannapeta,Borigivalasa
Andhra Pradesh,Srikakulam,Narasannapeta,Chenulavalasa
Andhra Pradesh,Srikakulam,Narasannapeta,Chikkalavalasa
Andhra Pradesh,Srikakulam,Narasannapeta,Chittivalasa
Andhra Pradesh,Srikakulam,Narasannapeta,Chodavaram
Andhra Pradesh,Srikakulam,Narasannapeta,Dasumanthapuram
Andhra Pradesh,Srikakulam,Narasannapeta,Devadi
Andhra Pradesh,Srikakulam,Narasannapeta,Gokayyavalasa
Andhra Pradesh,Srikakulam,Narasannapeta,Gopalapenta
Andhra Pradesh,Srikakulam,Narasannapeta,Gottipalle
Andhra Pradesh,Srikakulam,Narasannapeta,Jammu
Andhra Pradesh,Srikakulam,Narasannapeta,Kambakaya
Andhra Pradesh,Srikakulam,Narasannapeta,Karagam
Andhra Pradesh,Srikakulam,Narasannapeta,Killam
Andhra Pradesh,Srikakulam,Narasannapeta,Kobagam
Andhra Pradesh,Srikakulam,Narasannapeta,Komarthi
Andhra Pradesh,Srikakulam,Narasannapeta,Kothapolavalasa
Andhra Pradesh,Srikakulam,Narasannapeta,Kuddam
Andhra Pradesh,Srikakulam,Narasannapeta,Lukalam
Andhra Pradesh,Srikakulam,Narasannapeta,Madapam
Andhra Pradesh,Srikakulam,Narasannapeta,Makivalasa
Andhra Pradesh,Srikakulam,Narasannapeta,Mamidivalasa
Andhra Pradesh,Srikakulam,Narasannapeta,Nadagam
Andhra Pradesh,Srikakulam,Narasannapeta,Narasannapeta (Ct)
Andhra Pradesh,Srikakulam,Narasannapeta,Narasinguraidupeta
Andhra Pradesh,Srikakulam,Narasannapeta,Narayanavalasa
Andhra Pradesh,Srikakulam,Narasannapeta,Narisingapalle
Andhra Pradesh,Srikakulam,Narasannapeta,Paraselli
Andhra Pradesh,Srikakulam,Narasannapeta,Pothayyavalasa
Andhra Pradesh,Srikakulam,Narasannapeta,Ravulavalasa
Andhra Pradesh,Srikakulam,Narasannapeta,Rellivalasa
Andhra Pradesh,Srikakulam,Narasannapeta,Satyavaram
Andhra Pradesh,Srikakulam,Narasannapeta,Srirampuram
Andhra Pradesh,Srikakulam,Narasannapeta,Sundarapuram
Andhra Pradesh,Srikakulam,Narasannapeta,Tamarapalli
Andhra Pradesh,Srikakulam,Narasannapeta,Telagavalasa
Andhra Pradesh,Srikakulam,Narasannapeta,Thotada
Andhra Pradesh,Srikakulam,Narasannapeta,Urlam
Andhra Pradesh,Srikakulam,Narasannapeta,Varahanarasihma Puram
Andhra Pradesh,Srikakulam,Narasannapeta,Venkatapuram
Andhra Pradesh,Srikakulam,Narasannapeta,Yarabadu
Andhra Pradesh,Srikakulam,Palasa,Adanikothuru
Andhra Pradesh,Srikakulam,Palasa,Allukhola
Andhra Pradesh,Srikakulam,Palasa,Amalakudia
Andhra Pradesh,Srikakulam,Palasa,Ambusoli
Andhra Pradesh,Srikakulam,Palasa,Anathapuram
Andhra Pradesh,Srikakulam,Palasa,Antharakudda
Andhra Pradesh,Srikakulam,Palasa,Bantukotturu
Andhra Pradesh,Srikakulam,Palasa,Boddapadu
Andhra Pradesh,Srikakulam,Palasa,Brahmanatarla
Andhra Pradesh,Srikakulam,Palasa,Chinanchala
Andhra Pradesh,Srikakulam,Palasa,Chinnabadam
Andhra Pradesh,Srikakulam,Palasa,Edurapalle
Andhra Pradesh,Srikakulam,Palasa,Ganguvada
Andhra Pradesh,Srikakulam,Palasa,Garudakhandi
Andhra Pradesh,Srikakulam,Palasa,Godavaripuram
Andhra Pradesh,Srikakulam,Palasa,Gopalapuram
Andhra Pradesh,Srikakulam,Palasa,Gopivallabhapuram
Andhra Pradesh,Srikakulam,Palasa,Govindapuram
Andhra Pradesh,Srikakulam,Palasa,Gudari
Andhra Pradesh,Srikakulam,Palasa,Gurudasupuram
Andhra Pradesh,Srikakulam,Palasa,Ingiligam
Andhra Pradesh,Srikakulam,Palasa,Ittapadu
Andhra Pradesh,Srikakulam,Palasa,Jagannadhapuram
Andhra Pradesh,Srikakulam,Palasa,Jayaramachandrapuram
Andhra Pradesh,Srikakulam,Palasa,Kaijola
Andhra Pradesh,Srikakulam,Palasa,Kambrigam
Andhra Pradesh,Srikakulam,Palasa,Kantragada
Andhra Pradesh,Srikakulam,Palasa,Kasibugga
Andhra Pradesh,Srikakulam,Palasa,Kedaripuram
Andhra Pradesh,Srikakulam,Palasa,Kesipuram
Andhra Pradesh,Srikakulam,Palasa,Kistupuram
Andhra Pradesh,Srikakulam,Palasa,Koita
Andhra Pradesh,Srikakulam,Palasa,Kosangipuram
Andhra Pradesh,Srikakulam,Palasa,Kothajagadevapuram
Andhra Pradesh,Srikakulam,Palasa,Laxmipuram
Andhra Pradesh,Srikakulam,Palasa,Loddabhadra
Andhra Pradesh,Srikakulam,Palasa,Lothuru
Andhra Pradesh,Srikakulam,Palasa,Mahadevipuram
Andhra Pradesh,Srikakulam,Palasa,Mamidimettu
Andhra Pradesh,Srikakulam,Palasa,Maradarajapuram
Andhra Pradesh,Srikakulam,Palasa,Meelagrampadu
Andhra Pradesh,Srikakulam,Palasa,Modugulaputti
Andhra Pradesh,Srikakulam,Palasa,Mogilipadu
Andhra Pradesh,Srikakulam,Palasa,Narsipuram
Andhra Pradesh,Srikakulam,Palasa,Neelavathi
Andhra Pradesh,Srikakulam,Palasa,Neelibhadra
Andhra Pradesh,Srikakulam,Palasa,Nemali
Andhra Pradesh,Srikakulam,Palasa,Padmanabhapuram
Andhra Pradesh,Srikakulam,Palasa,Palasa
Andhra Pradesh,Srikakulam,Palasa,Pandasasanam
Andhra Pradesh,Srikakulam,Palasa,Parasamba
Andhra Pradesh,Srikakulam,Palasa,Pathajagadevapuram
Andhra Pradesh,Srikakulam,Palasa,Payakarampuram
Andhra Pradesh,Srikakulam,Palasa,Pedanchala
Andhra Pradesh,Srikakulam,Palasa,Peddanarayanapuram
Andhra Pradesh,Srikakulam,Palasa,Pentibhadra
Andhra Pradesh,Srikakulam,Palasa,Pesarapadu
Andhra Pradesh,Srikakulam,Palasa,Potriya
Andhra Pradesh,Srikakulam,Palasa,Purnabhadra
Andhra Pradesh,Srikakulam,Palasa,Purushothapuram
Andhra Pradesh,Srikakulam,Palasa,Raghunadhapuram
Andhra Pradesh,Srikakulam,Palasa,Rajagopalapuram
Andhra Pradesh,Srikakulam,Palasa,Rajapuram
Andhra Pradesh,Srikakulam,Palasa,Ramakrishnapuram
Andhra Pradesh,Srikakulam,Palasa,Ramakrishna Puram
Andhra Pradesh,Srikakulam,Palasa,Rangoi
Andhra Pradesh,Srikakulam,Palasa,Rentikota
Andhra Pradesh,Srikakulam,Palasa,Sariyapalle
Andhra Pradesh,Srikakulam,Palasa,Sasanam
Andhra Pradesh,Srikakulam,Palasa,Sogodiya
Andhra Pradesh,Srikakulam,Palasa,Sunnada
Andhra Pradesh,Srikakulam,Palasa,Sunnadevi
Andhra Pradesh,Srikakulam,Palasa,Tarlakota
Andhra Pradesh,Srikakulam,Palasa,Tekkalipatnam
Andhra Pradesh,Srikakulam,Palasa,Thallabhadra
Andhra Pradesh,Srikakulam,Palasa,Totavooru
Andhra Pradesh,Srikakulam,Palasa,Udayapuram
Andhra Pradesh,Srikakulam,Palasa,Veerabhadrapuram
Andhra Pradesh,Srikakulam,Palasa,Veera Ramachan Drapuram
Andhra Pradesh,Srikakulam,Pathapatnam,Adinarayanapeta
Andhra Pradesh,Srikakulam,Pathapatnam,Angarasingi
Andhra Pradesh,Srikakulam,Pathapatnam,Antharaba
Andhra Pradesh,Srikakulam,Pathapatnam,Atisurikaviti
Andhra Pradesh,Srikakulam,Pathapatnam,Baidalapuram
Andhra Pradesh,Srikakulam,Pathapatnam,Bonni
Andhra Pradesh,Srikakulam,Pathapatnam,Borubhadra
Andhra Pradesh,Srikakulam,Pathapatnam,Buragam
Andhra Pradesh,Srikakulam,Pathapatnam,Changudi
Andhra Pradesh,Srikakulam,Pathapatnam,Chinakinga
Andhra Pradesh,Srikakulam,Pathapatnam,Chinnamallipuram
Andhra Pradesh,Srikakulam,Pathapatnam,Chinnapadmapuram
Andhra Pradesh,Srikakulam,Pathapatnam,Dasaradhipuram
Andhra Pradesh,Srikakulam,Pathapatnam,Dasupuram
Andhra Pradesh,Srikakulam,Pathapatnam,Gandhamsariya
Andhra Pradesh,Srikakulam,Pathapatnam,Ganguvada
Andhra Pradesh,Srikakulam,Pathapatnam,Gittangi
Andhra Pradesh,Srikakulam,Pathapatnam,Gopalapuram
Andhra Pradesh,Srikakulam,Pathapatnam,Gurandi
Andhra Pradesh,Srikakulam,Pathapatnam,Haridwaram
Andhra Pradesh,Srikakulam,Pathapatnam,Ippalapadu
Andhra Pradesh,Srikakulam,Pathapatnam,Jaggilibonthu
Andhra Pradesh,Srikakulam,Pathapatnam,Kodandapuram
Andhra Pradesh,Srikakulam,Pathapatnam,Konangi
Andhra Pradesh,Srikakulam,Pathapatnam,Korasavada
Andhra Pradesh,Srikakulam,Pathapatnam,Kotturu
Andhra Pradesh,Srikakulam,Pathapatnam,Labara
Andhra Pradesh,Srikakulam,Pathapatnam,Makivalasa
Andhra Pradesh,Srikakulam,Pathapatnam,Nallabonthu
Andhra Pradesh,Srikakulam,Pathapatnam,Nallakotturu
Andhra Pradesh,Srikakulam,Pathapatnam,Padimanyam
Andhra Pradesh,Srikakulam,Pathapatnam,Pathapatnam
Andhra Pradesh,Srikakulam,Pathapatnam,Peddamallipuram
Andhra Pradesh,Srikakulam,Pathapatnam,Peddasunnapuram
Andhra Pradesh,Srikakulam,Pathapatnam,Phasigangupeta
Andhra Pradesh,Srikakulam,Pathapatnam,Pittalasaria
Andhra Pradesh,Srikakulam,Pathapatnam,Praharajapalem
Andhra Pradesh,Srikakulam,Pathapatnam,Rompivalasa
Andhra Pradesh,Srikakulam,Pathapatnam,Routhupuram
Andhra Pradesh,Srikakulam,Pathapatnam,Sarali
Andhra Pradesh,Srikakulam,Pathapatnam,Savarasiddamadugu
Andhra Pradesh,Srikakulam,Pathapatnam,Seedi
Andhra Pradesh,Srikakulam,Pathapatnam,Sobha
Andhra Pradesh,Srikakulam,Pathapatnam,Soda
Andhra Pradesh,Srikakulam,Pathapatnam,Sorlanda
Andhra Pradesh,Srikakulam,Pathapatnam,Stuvartupeta
Andhra Pradesh,Srikakulam,Pathapatnam,Thamara
Andhra Pradesh,Srikakulam,Pathapatnam,Themburu
Andhra Pradesh,Srikakulam,Pathapatnam,Tiddimi
Andhra Pradesh,Srikakulam,Polaki,Ambeerupeta
Andhra Pradesh,Srikakulam,Polaki,Ampalam
Andhra Pradesh,Srikakulam,Polaki,Belamara Polavalasa
Andhra Pradesh,Srikakulam,Polaki,Boddam
Andhra Pradesh,Srikakulam,Polaki,Challayyavalasa
Andhra Pradesh,Srikakulam,Polaki,Cheedivalasa
Andhra Pradesh,Srikakulam,Polaki,Dandulakshmipuram
Andhra Pradesh,Srikakulam,Polaki,Deerghasi
Andhra Pradesh,Srikakulam,Polaki,Dola
Andhra Pradesh,Srikakulam,Polaki,Edulavalasa
Andhra Pradesh,Srikakulam,Polaki,Gajapathinagaram
Andhra Pradesh,Srikakulam,Polaki,Gangivalasa
Andhra Pradesh,Srikakulam,Polaki,Gathalavalasa
Andhra Pradesh,Srikakulam,Polaki,Gollalavalasa
Andhra Pradesh,Srikakulam,Polaki,Jaduru
Andhra Pradesh,Srikakulam,Polaki,Jilleduvalasa
Andhra Pradesh,Srikakulam,Polaki,Jonnam
Andhra Pradesh,Srikakulam,Polaki,Koduru
Andhra Pradesh,Srikakulam,Polaki,Kollivalasa
Andhra Pradesh,Srikakulam,Polaki,Kondakothapeta
Andhra Pradesh,Srikakulam,Polaki,Kondalakkivalasa
Andhra Pradesh,Srikakulam,Polaki,Kusumpolavalasa
Andhra Pradesh,Srikakulam,Polaki,Mabagam
Andhra Pradesh,Srikakulam,Polaki,Makivalasa
Andhra Pradesh,Srikakulam,Polaki,Nandigam
Andhra Pradesh,Srikakulam,Polaki,Piruvada
Andhra Pradesh,Srikakulam,Polaki,Polaki
Andhra Pradesh,Srikakulam,Polaki,Priyagraharam
Andhra Pradesh,Srikakulam,Polaki,Rahimanpuram
Andhra Pradesh,Srikakulam,Polaki,Rajapuram
Andhra Pradesh,Srikakulam,Polaki,Rallagodayyavalasa
Andhra Pradesh,Srikakulam,Polaki,Rallapadu
Andhra Pradesh,Srikakulam,Polaki,Ramaiahvalasa
Andhra Pradesh,Srikakulam,Polaki,Santhalakshmi Puram
Andhra Pradesh,Srikakulam,Polaki,Susaram
Andhra Pradesh,Srikakulam,Polaki,Talasamudram
Andhra Pradesh,Srikakulam,Polaki,Thotada
Andhra Pradesh,Srikakulam,Polaki,Urjam
Andhra Pradesh,Srikakulam,Polaki,Vanavishnupuram
Andhra Pradesh,Srikakulam,Polaki,Vanithamandalam
Andhra Pradesh,Srikakulam,Polaki,Vodhipadu
Andhra Pradesh,Srikakulam,Polaki,Yetlabasivalasa
Andhra Pradesh,Srikakulam,Ponduru,Alamajipeta
Andhra Pradesh,Srikakulam,Ponduru,Atchipolavalasa
Andhra Pradesh,Srikakulam,Ponduru,Banam
Andhra Pradesh,Srikakulam,Ponduru,Bhagavandasupeta
Andhra Pradesh,Srikakulam,Ponduru,Boddepalle
Andhra Pradesh,Srikakulam,Ponduru,Buridikancharam
Andhra Pradesh,Srikakulam,Ponduru,Dallavalasa
Andhra Pradesh,Srikakulam,Ponduru,Dallipeta @ Donka Palle
Andhra Pradesh,Srikakulam,Ponduru,Dharmapuram
Andhra Pradesh,Srikakulam,Ponduru,Gandredu
Andhra Pradesh,Srikakulam,Ponduru,Gokarnapalle
Andhra Pradesh,Srikakulam,Ponduru,Gorinta
Andhra Pradesh,Srikakulam,Ponduru,Kalyanipeta
Andhra Pradesh,Srikakulam,Ponduru,Kanimetta
Andhra Pradesh,Srikakulam,Ponduru,Kesavadasupuram
Andhra Pradesh,Srikakulam,Ponduru,Kinthali
Andhra Pradesh,Srikakulam,Ponduru,Kollipeta
Andhra Pradesh,Srikakulam,Ponduru,Konchada
Andhra Pradesh,Srikakulam,Ponduru,Kotipalle
Andhra Pradesh,Srikakulam,Ponduru,Krishnapuram
Andhra Pradesh,Srikakulam,Ponduru,Laidam
Andhra Pradesh,Srikakulam,Ponduru,Lolugu
Andhra Pradesh,Srikakulam,Ponduru,Malakam
Andhra Pradesh,Srikakulam,Ponduru,Modallavalasa
Andhra Pradesh,Srikakulam,Ponduru,Nandivada
Andhra Pradesh,Srikakulam,Ponduru,Narasapuram
Andhra Pradesh,Srikakulam,Ponduru,Penubarthi
Andhra Pradesh,Srikakulam,Ponduru,Pillalavalasa
Andhra Pradesh,Srikakulam,Ponduru,Ponduru (Ct)
Andhra Pradesh,Srikakulam,Ponduru,Pullajipeta
Andhra Pradesh,Srikakulam,Ponduru,Ramadasupuram
Andhra Pradesh,Srikakulam,Ponduru,Rapaka
Andhra Pradesh,Srikakulam,Ponduru,Singuru
Andhra Pradesh,Srikakulam,Ponduru,Tadivalasa
Andhra Pradesh,Srikakulam,Ponduru,Thandyam
Andhra Pradesh,Srikakulam,Ponduru,Thanem
Andhra Pradesh,Srikakulam,Ponduru,Tholapi
Andhra Pradesh,Srikakulam,Ponduru,Venkatarayuni Gudem
Andhra Pradesh,Srikakulam,Ranastalam,Akkayapalem
Andhra Pradesh,Srikakulam,Ranastalam,Arjunavalasa
Andhra Pradesh,Srikakulam,Ranastalam,Bantupalle
Andhra Pradesh,Srikakulam,Ranastalam,Boyapalem
Andhra Pradesh,Srikakulam,Ranastalam,Chillapetarajam
Andhra Pradesh,Srikakulam,Ranastalam,Chittivalasa
Andhra Pradesh,Srikakulam,Ranastalam,Derasam
Andhra Pradesh,Srikakulam,Ranastalam,Devarapalle
Andhra Pradesh,Srikakulam,Ranastalam,Devunipalavalasa
Andhra Pradesh,Srikakulam,Ranastalam,Garikipalem
Andhra Pradesh,Srikakulam,Ranastalam,Girivanipalem
Andhra Pradesh,Srikakulam,Ranastalam,Gosam
Andhra Pradesh,Srikakulam,Ranastalam,Gudem
Andhra Pradesh,Srikakulam,Ranastalam,Jagannadharaja Puram
Andhra Pradesh,Srikakulam,Ranastalam,Jeerukovvada
Andhra Pradesh,Srikakulam,Ranastalam,Jeerupalem
Andhra Pradesh,Srikakulam,Ranastalam,Kammasigadam
Andhra Pradesh,Srikakulam,Ranastalam,Kollibhimavaram
Andhra Pradesh,Srikakulam,Ranastalam,Kondamulagam
Andhra Pradesh,Srikakulam,Ranastalam,Kosta
Andhra Pradesh,Srikakulam,Ranastalam,Kotapalem
Andhra Pradesh,Srikakulam,Ranastalam,Kotcherla
Andhra Pradesh,Srikakulam,Ranastalam,Krishnapuram
Andhra Pradesh,Srikakulam,Ranastalam,Mahanthipalem
Andhra Pradesh,Srikakulam,Ranastalam,Maruvada
Andhra Pradesh,Srikakulam,Ranastalam,Mentada
Andhra Pradesh,Srikakulam,Ranastalam,Mukthampuram
Andhra Pradesh,Srikakulam,Ranastalam,Narasimha Gopalapuram
Andhra Pradesh,Srikakulam,Ranastalam,Narayanagajapathirajapuram
Andhra Pradesh,Srikakulam,Ranastalam,Narayanapatnam
Andhra Pradesh,Srikakulam,Ranastalam,Naruva
Andhra Pradesh,Srikakulam,Ranastalam,Nelivada
Andhra Pradesh,Srikakulam,Ranastalam,Paparaopeta
Andhra Pradesh,Srikakulam,Ranastalam,Patharlapalle
Andhra Pradesh,Srikakulam,Ranastalam,Pathasundra Palem
Andhra Pradesh,Srikakulam,Ranastalam,Pishini
Andhra Pradesh,Srikakulam,Ranastalam,Pydibhimavaram
Andhra Pradesh,Srikakulam,Ranastalam,Ramachandrapuram
Andhra Pradesh,Srikakulam,Ranastalam,Ranastalam
Andhra Pradesh,Srikakulam,Ranastalam,Ravada
Andhra Pradesh,Srikakulam,Ranastalam,Sancham
Andhra Pradesh,Srikakulam,Ranastalam,Seethamvalasa
Andhra Pradesh,Srikakulam,Ranastalam,Seetharampuram
Andhra Pradesh,Srikakulam,Ranastalam,Surampeta
Andhra Pradesh,Srikakulam,Ranastalam,Surapuram
Andhra Pradesh,Srikakulam,Ranastalam,Tekkali
Andhra Pradesh,Srikakulam,Ranastalam,Teppalavalasa
Andhra Pradesh,Srikakulam,Ranastalam,Tirupati Palem
Andhra Pradesh,Srikakulam,Ranastalam,Uppivalasa
Andhra Pradesh,Srikakulam,Ranastalam,Vallabharaopeta
Andhra Pradesh,Srikakulam,Ranastalam,Varahanarsihmapuram
Andhra Pradesh,Srikakulam,Ranastalam,Varisam
Andhra Pradesh,Srikakulam,Ranastalam,Velpurai
Andhra Pradesh,Srikakulam,Ranastalam,Venkataraopeta
Andhra Pradesh,Srikakulam,Ranastalam,Yerravaram
Andhra Pradesh,Srikakulam,Santhabommali,Akasalakkavaram
Andhra Pradesh,Srikakulam,Santhabommali,Antlavaram
Andhra Pradesh,Srikakulam,Santhabommali,Arikivalasa
Andhra Pradesh,Srikakulam,Santhabommali,Bhavanapadu @ Madyapeta
Andhra Pradesh,Srikakulam,Santhabommali,Borubhadra
Andhra Pradesh,Srikakulam,Santhabommali,Brundavanam
Andhra Pradesh,Srikakulam,Santhabommali,Chinnatungam
Andhra Pradesh,Srikakulam,Santhabommali,Dandugopalapuram
Andhra Pradesh,Srikakulam,Santhabommali,Godalam
Andhra Pradesh,Srikakulam,Santhabommali,Govindapuram
Andhra Pradesh,Srikakulam,Santhabommali,Ijjuvaram
Andhra Pradesh,Srikakulam,Santhabommali,Jonnalapadu
Andhra Pradesh,Srikakulam,Santhabommali,Kakarapalle
Andhra Pradesh,Srikakulam,Santhabommali,Kapugodeyavalasa
Andhra Pradesh,Srikakulam,Santhabommali,Kaseepuram
Andhra Pradesh,Srikakulam,Santhabommali,Khaspanaupada
Andhra Pradesh,Srikakulam,Santhabommali,Kollipadu
Andhra Pradesh,Srikakulam,Santhabommali,Kotapadu
Andhra Pradesh,Srikakulam,Santhabommali,Kurmanadhapuram
Andhra Pradesh,Srikakulam,Santhabommali,Lakkivalasa
Andhra Pradesh,Srikakulam,Santhabommali,Malagam
Andhra Pradesh,Srikakulam,Santhabommali,Marripadu
Andhra Pradesh,Srikakulam,Santhabommali,Maruvada
Andhra Pradesh,Srikakulam,Santhabommali,Meghavaram
Andhra Pradesh,Srikakulam,Santhabommali,Narasapuram
Andhra Pradesh,Srikakulam,Santhabommali,Palathalagam
Andhra Pradesh,Srikakulam,Santhabommali,Pedatungam
Andhra Pradesh,Srikakulam,Santhabommali,Pothunaidupeta
Andhra Pradesh,Srikakulam,Santhabommali,Rajapuram
Andhra Pradesh,Srikakulam,Santhabommali,Runku Hanumanthupuram
Andhra Pradesh,Srikakulam,Santhabommali,Sandhipeta
Andhra Pradesh,Srikakulam,Santhabommali,Santhabommali
Andhra Pradesh,Srikakulam,Santhabommali,Seepuram
Andhra Pradesh,Srikakulam,Santhabommali,Siddibeharakothuru
Andhra Pradesh,Srikakulam,Santhabommali,Tallavalasa
Andhra Pradesh,Srikakulam,Santhabommali,Uddandapalem
Andhra Pradesh,Srikakulam,Santhabommali,Umilada
Andhra Pradesh,Srikakulam,Santhabommali,Vadditandra
Andhra Pradesh,Srikakulam,Santhabommali,Yemalapeta
Andhra Pradesh,Srikakulam,Saravakota,Agadala
Andhra Pradesh,Srikakulam,Saravakota,Akkivalasa
Andhra Pradesh,Srikakulam,Saravakota,Anguru
Andhra Pradesh,Srikakulam,Saravakota,Annupuram
Andhra Pradesh,Srikakulam,Saravakota,Avalangi
Andhra Pradesh,Srikakulam,Saravakota,Bejji
Andhra Pradesh,Srikakulam,Saravakota,Bhadri
Andhra Pradesh,Srikakulam,Saravakota,Bonthu
Andhra Pradesh,Srikakulam,Saravakota,Budithi
Andhra Pradesh,Srikakulam,Saravakota,Budithipeta
Andhra Pradesh,Srikakulam,Saravakota,Bydalapuram
Andhra Pradesh,Srikakulam,Saravakota,Charanadasupuram
Andhra Pradesh,Srikakulam,Saravakota,Cheedipudi
Andhra Pradesh,Srikakulam,Saravakota,Chodasamudram
Andhra Pradesh,Srikakulam,Saravakota,Dasupuram
Andhra Pradesh,Srikakulam,Saravakota,Dharmalakshmipuram
Andhra Pradesh,Srikakulam,Saravakota,Gopalapuram
Andhra Pradesh,Srikakulam,Saravakota,Gorribanda
Andhra Pradesh,Srikakulam,Saravakota,Govardhanapuram
Andhra Pradesh,Srikakulam,Saravakota,Gujjuvada
Andhra Pradesh,Srikakulam,Saravakota,Gummapadu
Andhra Pradesh,Srikakulam,Saravakota,Jamachakram
Andhra Pradesh,Srikakulam,Saravakota,Jarali
Andhra Pradesh,Srikakulam,Saravakota,Kinneravada
Andhra Pradesh,Srikakulam,Saravakota,Kommusariapalle
Andhra Pradesh,Srikakulam,Saravakota,Kotturu
Andhra Pradesh,Srikakulam,Saravakota,Kummarigunta
Andhra Pradesh,Srikakulam,Saravakota,Kuridingi
Andhra Pradesh,Srikakulam,Saravakota,Kurmanadhapuram
Andhra Pradesh,Srikakulam,Saravakota,Mahasingi
Andhra Pradesh,Srikakulam,Saravakota,Marripadu
Andhra Pradesh,Srikakulam,Saravakota,Nowthala
Andhra Pradesh,Srikakulam,Saravakota,Pedalamba
Andhra Pradesh,Srikakulam,Saravakota,Poppangi
Andhra Pradesh,Srikakulam,Saravakota,Ramachandrapuram
Andhra Pradesh,Srikakulam,Saravakota,Ramakrishnapuram
Andhra Pradesh,Srikakulam,Saravakota,Saravakota
Andhra Pradesh,Srikakulam,Saravakota,Savarabonthu
Andhra Pradesh,Srikakulam,Saravakota,Savaramaluva
Andhra Pradesh,Srikakulam,Saravakota,Sivarampuram
Andhra Pradesh,Srikakulam,Saravakota,Thogiri
Andhra Pradesh,Srikakulam,Saravakota,Vandra
Andhra Pradesh,Srikakulam,Saravakota,Venkatabada
Andhra Pradesh,Srikakulam,Sarubujjili,Amrutalinga Nagaram
Andhra Pradesh,Srikakulam,Sarubujjili,Avatarabad
Andhra Pradesh,Srikakulam,Sarubujjili,Boppadam
Andhra Pradesh,Srikakulam,Sarubujjili,Buddivalasa
Andhra Pradesh,Srikakulam,Sarubujjili,Buridivalasa
Andhra Pradesh,Srikakulam,Sarubujjili,Chapalavalasa
Andhra Pradesh,Srikakulam,Sarubujjili,Chiguruvalasa
Andhra Pradesh,Srikakulam,Sarubujjili,Chinavenkatapuram
Andhra Pradesh,Srikakulam,Sarubujjili,Chinnakakitapalle
Andhra Pradesh,Srikakulam,Sarubujjili,Dakaravalasa
Andhra Pradesh,Srikakulam,Sarubujjili,Gonepadu
Andhra Pradesh,Srikakulam,Sarubujjili,Isakalapalem
Andhra Pradesh,Srikakulam,Sarubujjili,Kondavalasa
Andhra Pradesh,Srikakulam,Sarubujjili,Kondraguda
Andhra Pradesh,Srikakulam,Sarubujjili,Kothakota
Andhra Pradesh,Srikakulam,Sarubujjili,Lakshimipuram
Andhra Pradesh,Srikakulam,Sarubujjili,Lakshimipuram
Andhra Pradesh,Srikakulam,Sarubujjili,Loddalakakitapalle
Andhra Pradesh,Srikakulam,Sarubujjili,Marripadu
Andhra Pradesh,Srikakulam,Sarubujjili,Matalabpeta
Andhra Pradesh,Srikakulam,Sarubujjili,Moolasowlapuram
Andhra Pradesh,Srikakulam,Sarubujjili,Nandikonda
Andhra Pradesh,Srikakulam,Sarubujjili,Narasingapalle
Andhra Pradesh,Srikakulam,Sarubujjili,Palavalasa
Andhra Pradesh,Srikakulam,Sarubujjili,Parvathalapeta
Andhra Pradesh,Srikakulam,Sarubujjili,Parvathipuram
Andhra Pradesh,Srikakulam,Sarubujjili,Peddakakitapalle
Andhra Pradesh,Srikakulam,Sarubujjili,Peddasowlapuram
Andhra Pradesh,Srikakulam,Sarubujjili,Peddavenkatapuram
Andhra Pradesh,Srikakulam,Sarubujjili,Purushottapuram
Andhra Pradesh,Srikakulam,Sarubujjili,Rasulpeta
Andhra Pradesh,Srikakulam,Sarubujjili,Ravivalasa
Andhra Pradesh,Srikakulam,Sarubujjili,Rotta Valasa
Andhra Pradesh,Srikakulam,Sarubujjili,Sarabhapuram
Andhra Pradesh,Srikakulam,Sarubujjili,Sarubujjili
Andhra Pradesh,Srikakulam,Sarubujjili,Shalantri
Andhra Pradesh,Srikakulam,Sarubujjili,Sindhuvada
Andhra Pradesh,Srikakulam,Sarubujjili,Sriramvalasa
Andhra Pradesh,Srikakulam,Sarubujjili,Subhadrapuram
Andhra Pradesh,Srikakulam,Sarubujjili,Suryanarayanapuram
Andhra Pradesh,Srikakulam,Sarubujjili,Tadikonda
Andhra Pradesh,Srikakulam,Sarubujjili,Telikipenta
Andhra Pradesh,Srikakulam,Sarubujjili,Turakapeta (Moola Sowlapuram)
Andhra Pradesh,Srikakulam,Sarubujjili,Vennelavalasa
Andhra Pradesh,Srikakulam,Sarubujjili,Vijayarampuram
Andhra Pradesh,Srikakulam,Sarubujjili,Yeragam
Andhra Pradesh,Srikakulam,Sompeta,Ananthapuram
Andhra Pradesh,Srikakulam,Sompeta,Baruva
Andhra Pradesh,Srikakulam,Sompeta,Baruvapeta
Andhra Pradesh,Srikakulam,Sompeta,Benkili
Andhra Pradesh,Srikakulam,Sompeta,Besiramachandrapuram
Andhra Pradesh,Srikakulam,Sompeta,Birusuwada
Andhra Pradesh,Srikakulam,Sompeta,Busabhadra
Andhra Pradesh,Srikakulam,Sompeta,Chikatisompeta
Andhra Pradesh,Srikakulam,Sompeta,Damodarapuram
Andhra Pradesh,Srikakulam,Sompeta,Gollagandi
Andhra Pradesh,Srikakulam,Sompeta,Gollavooru
Andhra Pradesh,Srikakulam,Sompeta,Jagathikesapuram
Andhra Pradesh,Srikakulam,Sompeta,Jalantrapothangi
Andhra Pradesh,Srikakulam,Sompeta,Jalantrasompeta
Andhra Pradesh,Srikakulam,Sompeta,Karthalipalem
Andhra Pradesh,Srikakulam,Sompeta,Korlam
Andhra Pradesh,Srikakulam,Sompeta,Lakkavaram
Andhra Pradesh,Srikakulam,Sompeta,Makannapuram
Andhra Pradesh,Srikakulam,Sompeta,Malagovindapuram
Andhra Pradesh,Srikakulam,Sompeta,Mamidipalle
Andhra Pradesh,Srikakulam,Sompeta,Mogilikothuru
Andhra Pradesh,Srikakulam,Sompeta,Mulapalam
Andhra Pradesh,Srikakulam,Sompeta,Padmanabhapuram
Andhra Pradesh,Srikakulam,Sompeta,Palasapuram
Andhra Pradesh,Srikakulam,Sompeta,Palavalasa
Andhra Pradesh,Srikakulam,Sompeta,Pathinivalasa
Andhra Pradesh,Srikakulam,Sompeta,Pothrakonda
Andhra Pradesh,Srikakulam,Sompeta,Rajam
Andhra Pradesh,Srikakulam,Sompeta,Ranigam
Andhra Pradesh,Srikakulam,Sompeta,Rushikudda
Andhra Pradesh,Srikakulam,Sompeta,Saradapuram
Andhra Pradesh,Srikakulam,Sompeta,Sirimamidi
Andhra Pradesh,Srikakulam,Sompeta,Sompeta (Ct)
Andhra Pradesh,Srikakulam,Sompeta,Sunkidi
Andhra Pradesh,Srikakulam,Sompeta,Tallabhadra
Andhra Pradesh,Srikakulam,Sompeta,Turakasasanam
Andhra Pradesh,Srikakulam,Sompeta,Uppalam
Andhra Pradesh,Srikakulam,Sompeta,Vikrampuram
Andhra Pradesh,Srikakulam,Sompeta,Zinkibhadra
Andhra Pradesh,Srikakulam,Srikakulam,Alikam
Andhra Pradesh,Srikakulam,Srikakulam,Arasavilli (R) (Og)
Andhra Pradesh,Srikakulam,Srikakulam,Balaga (Ct)
Andhra Pradesh,Srikakulam,Srikakulam,Balaga Urban
Andhra Pradesh,Srikakulam,Srikakulam,Balivada
Andhra Pradesh,Srikakulam,Srikakulam,Batteru
Andhra Pradesh,Srikakulam,Srikakulam,Byri
Andhra Pradesh,Srikakulam,Srikakulam,Byrivanipeta
Andhra Pradesh,Srikakulam,Srikakulam,Chintada
Andhra Pradesh,Srikakulam,Srikakulam,Fazulbegpeta
Andhra Pradesh,Srikakulam,Srikakulam,Gudem
Andhra Pradesh,Srikakulam,Srikakulam,Gujarathipeta
Andhra Pradesh,Srikakulam,Srikakulam,Ippili
Andhra Pradesh,Srikakulam,Srikakulam,Kallepalle
Andhra Pradesh,Srikakulam,Srikakulam,Karajada
Andhra Pradesh,Srikakulam,Srikakulam,Kasimvalasa
Andhra Pradesh,Srikakulam,Srikakulam,Lankam
Andhra Pradesh,Srikakulam,Srikakulam,Lingalavalasa
Andhra Pradesh,Srikakulam,Srikakulam,Mofusbandar
Andhra Pradesh,Srikakulam,Srikakulam,Naira
Andhra Pradesh,Srikakulam,Srikakulam,Pathasrikakulam (R) (Part)
Andhra Pradesh,Srikakulam,Srikakulam,Patha Srikakulam Urban
Andhra Pradesh,Srikakulam,Srikakulam,Patrunivalasa (Part)
Andhra Pradesh,Srikakulam,Srikakulam,Peddapadu
Andhra Pradesh,Srikakulam,Srikakulam,Ponnam
Andhra Pradesh,Srikakulam,Srikakulam,Ragolu
Andhra Pradesh,Srikakulam,Srikakulam,Ragolupeta
Andhra Pradesh,Srikakulam,Srikakulam,Sanivada
Andhra Pradesh,Srikakulam,Srikakulam,Silagamsingivalasa
Andhra Pradesh,Srikakulam,Srikakulam,Singupuram
Andhra Pradesh,Srikakulam,Srikakulam,Thandemvalasa
Andhra Pradesh,Srikakulam,Srikakulam,Vakalavalasa
Andhra Pradesh,Srikakulam,Srikakulam,Voppangi
Andhra Pradesh,Srikakulam,Tekkali,Addukonda
Andhra Pradesh,Srikakulam,Tekkali,Akkavaram
Andhra Pradesh,Srikakulam,Tekkali,Ayodhyapuram
Andhra Pradesh,Srikakulam,Tekkali,Bhaghavanupuram
Andhra Pradesh,Srikakulam,Tekkali,Bheempuram
Andhra Pradesh,Srikakulam,Tekkali,Bonnuvada
Andhra Pradesh,Srikakulam,Tekkali,Booragam
Andhra Pradesh,Srikakulam,Tekkali,Boppaipuram
Andhra Pradesh,Srikakulam,Tekkali,Butchirajuvenkatapuram
Andhra Pradesh,Srikakulam,Tekkali,Chakipalle
Andhra Pradesh,Srikakulam,Tekkali,Chinarokallapalle
Andhra Pradesh,Srikakulam,Tekkali,Chintalagara
Andhra Pradesh,Srikakulam,Tekkali,Chintamani @ Nuvvuguddi
Andhra Pradesh,Srikakulam,Tekkali,Chirutanapalle
Andhra Pradesh,Srikakulam,Tekkali,Damara
Andhra Pradesh,Srikakulam,Tekkali,Dharma Neelapuram
Andhra Pradesh,Srikakulam,Tekkali,Gudem
Andhra Pradesh,Srikakulam,Tekkali,Kantragada
Andhra Pradesh,Srikakulam,Tekkali,Kondabheempuram
Andhra Pradesh,Srikakulam,Tekkali,Konusulakotturu
Andhra Pradesh,Srikakulam,Tekkali,Lingalavalasa
Andhra Pradesh,Srikakulam,Tekkali,Makavaram
Andhra Pradesh,Srikakulam,Tekkali,Meelasathivada
Andhra Pradesh,Srikakulam,Tekkali,Meghavaram
Andhra Pradesh,Srikakulam,Tekkali,Moduguvalasa
Andhra Pradesh,Srikakulam,Tekkali,Mokhalingapuram
Andhra Pradesh,Srikakulam,Tekkali,Narasingaspalle
Andhra Pradesh,Srikakulam,Tekkali,Palasingi
Andhra Pradesh,Srikakulam,Tekkali,Parasarampuram
Andhra Pradesh,Srikakulam,Tekkali,Pathanoupada
Andhra Pradesh,Srikakulam,Tekkali,Peddarokallapalle
Andhra Pradesh,Srikakulam,Tekkali,Peddasana
Andhra Pradesh,Srikakulam,Tekkali,Pittalasaria
Andhra Pradesh,Srikakulam,Tekkali,Polavaram
Andhra Pradesh,Srikakulam,Tekkali,Raghunadhapuram
Andhra Pradesh,Srikakulam,Tekkali,Raipadu
Andhra Pradesh,Srikakulam,Tekkali,Rangapuram
Andhra Pradesh,Srikakulam,Tekkali,Ravivalasa
Andhra Pradesh,Srikakulam,Tekkali,Sampathiraoramakrishnapuram
Andhra Pradesh,Srikakulam,Tekkali,Sasanam
Andhra Pradesh,Srikakulam,Tekkali,Savarapeta
Andhra Pradesh,Srikakulam,Tekkali,Shyamasundarapuram
Andhra Pradesh,Srikakulam,Tekkali,Somayyavalasa
Andhra Pradesh,Srikakulam,Tekkali,Srirangam
Andhra Pradesh,Srikakulam,Tekkali,Talagam
Andhra Pradesh,Srikakulam,Tekkali,Tekkali (Ct)
Andhra Pradesh,Srikakulam,Tekkali,Telineelapuram
Andhra Pradesh,Srikakulam,Tekkali,Thirlangi
Andhra Pradesh,Srikakulam,Tekkali,Tolusurupalle
Andhra Pradesh,Srikakulam,Tekkali,Veera Raghunadha Puram
Andhra Pradesh,Srikakulam,Tekkali,Veeraramakrishnapuram
Andhra Pradesh,Srikakulam,Tekkali,Vemulada
Andhra Pradesh,Srikakulam,Tekkali,Vikrampuram
Andhra Pradesh,Srikakulam,Tekkali,Vindhyagiri
Andhra Pradesh,Srikakulam,Vajrapukotturu,Akkupalle
Andhra Pradesh,Srikakulam,Vajrapukotturu,Amalapadu
Andhra Pradesh,Srikakulam,Vajrapukotturu,Ananthagiri
Andhra Pradesh,Srikakulam,Vajrapukotturu,Bathupuram
Andhra Pradesh,Srikakulam,Vajrapukotturu,Battupadu
Andhra Pradesh,Srikakulam,Vajrapukotturu,Bendi
Andhra Pradesh,Srikakulam,Vajrapukotturu,Bypalle
Andhra Pradesh,Srikakulam,Vajrapukotturu,Cheepurupalle
Andhra Pradesh,Srikakulam,Vajrapukotturu,Cheepurupalle
Andhra Pradesh,Srikakulam,Vajrapukotturu,Chinavanka
Andhra Pradesh,Srikakulam,Vajrapukotturu,Dabbalapadu
Andhra Pradesh,Srikakulam,Vajrapukotturu,Devunaltada
Andhra Pradesh,Srikakulam,Vajrapukotturu,Dokulapadu
Andhra Pradesh,Srikakulam,Vajrapukotturu,Gadivuru
Andhra Pradesh,Srikakulam,Vajrapukotturu,Garudabhadra
Andhra Pradesh,Srikakulam,Vajrapukotturu,Gollalapadu
Andhra Pradesh,Srikakulam,Vajrapukotturu,Gollasaradhi
Andhra Pradesh,Srikakulam,Vajrapukotturu,Gopaladoravuru
Andhra Pradesh,Srikakulam,Vajrapukotturu,Govindapuram
Andhra Pradesh,Srikakulam,Vajrapukotturu,Gunalapadu
Andhra Pradesh,Srikakulam,Vajrapukotturu,Kidisingi
Andhra Pradesh,Srikakulam,Vajrapukotturu,Kollipadu
Andhra Pradesh,Srikakulam,Vajrapukotturu,Komarlatada
Andhra Pradesh,Srikakulam,Vajrapukotturu,Kondavooru
Andhra Pradesh,Srikakulam,Vajrapukotturu,Laxmidevipeta @ Nuvvalarevu
Andhra Pradesh,Srikakulam,Vajrapukotturu,Lingalapadu
Andhra Pradesh,Srikakulam,Vajrapukotturu,Mahadevipuram
Andhra Pradesh,Srikakulam,Vajrapukotturu,Metturu
Andhra Pradesh,Srikakulam,Vajrapukotturu,Miliaputti
Andhra Pradesh,Srikakulam,Vajrapukotturu,Nagarampalle
Andhra Pradesh,Srikakulam,Vajrapukotturu,Narayanapuram
Andhra Pradesh,Srikakulam,Vajrapukotturu,Pallisaradhi
Andhra Pradesh,Srikakulam,Vajrapukotturu,Pallivuru @ Sangaruvanipeta
Andhra Pradesh,Srikakulam,Vajrapukotturu,Pathatekkali
Andhra Pradesh,Srikakulam,Vajrapukotturu,Pedavanka
Andhra Pradesh,Srikakulam,Vajrapukotturu,Peddabadam
Andhra Pradesh,Srikakulam,Vajrapukotturu,Peddaboddapadu
Andhra Pradesh,Srikakulam,Vajrapukotturu,Peddamuraharipuram
Andhra Pradesh,Srikakulam,Vajrapukotturu,Pedijagannadhapuram
Andhra Pradesh,Srikakulam,Vajrapukotturu,Pollada
Andhra Pradesh,Srikakulam,Vajrapukotturu,Rajam
Andhra Pradesh,Srikakulam,Vajrapukotturu,Reyyipadu
Andhra Pradesh,Srikakulam,Vajrapukotturu,Rittapadu
Andhra Pradesh,Srikakulam,Vajrapukotturu,Saradapuram
Andhra Pradesh,Srikakulam,Vajrapukotturu,Seethapuram
Andhra Pradesh,Srikakulam,Vajrapukotturu,Sunkara Jaganadhapuram
Andhra Pradesh,Srikakulam,Vajrapukotturu,Suryamanipuram
Andhra Pradesh,Srikakulam,Vajrapukotturu,Synooru
Andhra Pradesh,Srikakulam,Vajrapukotturu,Terapalle
Andhra Pradesh,Srikakulam,Vajrapukotturu,Thadivada
Andhra Pradesh,Srikakulam,Vajrapukotturu,Thotapalle
Andhra Pradesh,Srikakulam,Vajrapukotturu,Uddanam Gopinadhapuram
Andhra Pradesh,Srikakulam,Vajrapukotturu,Uddanamkurmanadhapuram
Andhra Pradesh,Srikakulam,Vajrapukotturu,Uddanam Narsingapalle
Andhra Pradesh,Srikakulam,Vajrapukotturu,Uddanamraipadu
Andhra Pradesh,Srikakulam,Vajrapukotturu,Uddanam Ramakrishnapuram
Andhra Pradesh,Srikakulam,Vajrapukotturu,Undrukudia
Andhra Pradesh,Srikakulam,Vajrapukotturu,Vajrapukothuru
Andhra Pradesh,Srikakulam,Vajrapukotturu,Venkatapuram
Andhra Pradesh,Sri Potti Sriramulu Nellore,Allur,Allur
Andhra Pradesh,Sri Potti Sriramulu Nellore,Allur,Allurupeta
Andhra Pradesh,Sri Potti Sriramulu Nellore,Allur,Anathabotlavari Khandrika
Andhra Pradesh,Sri Potti Sriramulu Nellore,Allur,Batrakagollu
Andhra Pradesh,Sri Potti Sriramulu Nellore,Allur,Beeramgunta
Andhra Pradesh,Sri Potti Sriramulu Nellore,Allur,Gogulapalle
Andhra Pradesh,Sri Potti Sriramulu Nellore,Allur,Graddagunta
Andhra Pradesh,Sri Potti Sriramulu Nellore,Allur,Indupuru
Andhra Pradesh,Sri Potti Sriramulu Nellore,Allur,Isakapalle
Andhra Pradesh,Sri Potti Sriramulu Nellore,Allur,Kalambotlavari Khandrika
Andhra Pradesh,Sri Potti Sriramulu Nellore,Allur,North Amuluru
Andhra Pradesh,Sri Potti Sriramulu Nellore,Allur,North Mopuru
Andhra Pradesh,Sri Potti Sriramulu Nellore,Allur,Purini
Andhra Pradesh,Sri Potti Sriramulu Nellore,Allur,Singapeta
Andhra Pradesh,Sri Potti Sriramulu Nellore,Allur,Velicherla
Andhra Pradesh,Sri Potti Sriramulu Nellore,Ananthasagaram,Amanichiruvella
Andhra Pradesh,Sri Potti Sriramulu Nellore,Ananthasagaram,Ananthasagaram
Andhra Pradesh,Sri Potti Sriramulu Nellore,Ananthasagaram,Bedusupalle
Andhra Pradesh,Sri Potti Sriramulu Nellore,Ananthasagaram,Bommavaram
Andhra Pradesh,Sri Potti Sriramulu Nellore,Ananthasagaram,Chapurallapalle
Andhra Pradesh,Sri Potti Sriramulu Nellore,Ananthasagaram,Devarayapalle Bit- I
Andhra Pradesh,Sri Potti Sriramulu Nellore,Ananthasagaram,Devarayapalle Bit-Ii
Andhra Pradesh,Sri Potti Sriramulu Nellore,Ananthasagaram,Gowravaram
Andhra Pradesh,Sri Potti Sriramulu Nellore,Ananthasagaram,Inagalur
Andhra Pradesh,Sri Potti Sriramulu Nellore,Ananthasagaram,Kamireddipadu
Andhra Pradesh,Sri Potti Sriramulu Nellore,Ananthasagaram,Mangupalle
Andhra Pradesh,Sri Potti Sriramulu Nellore,Ananthasagaram,Minagallu
Andhra Pradesh,Sri Potti Sriramulu Nellore,Ananthasagaram,Padamati Kambhampadu
Andhra Pradesh,Sri Potti Sriramulu Nellore,Ananthasagaram,Pathalapalle
Andhra Pradesh,Sri Potti Sriramulu Nellore,Ananthasagaram,Revuru
Andhra Pradesh,Sri Potti Sriramulu Nellore,Ananthasagaram,Somasila
Andhra Pradesh,Sri Potti Sriramulu Nellore,Ananthasagaram,Tholijapuram
Andhra Pradesh,Sri Potti Sriramulu Nellore,Ananthasagaram,Uppalapadu
Andhra Pradesh,Sri Potti Sriramulu Nellore,Ananthasagaram,Varekuntapadu
Andhra Pradesh,Sri Potti Sriramulu Nellore,Anumasamudrampeta,Akbarabad
Andhra Pradesh,Sri Potti Sriramulu Nellore,Anumasamudrampeta,Anumasamudram
Andhra Pradesh,Sri Potti Sriramulu Nellore,Anumasamudrampeta,Anumasamudrampeta
Andhra Pradesh,Sri Potti Sriramulu Nellore,Anumasamudrampeta,Chandulurupadu
Andhra Pradesh,Sri Potti Sriramulu Nellore,Anumasamudrampeta,Chiramana
Andhra Pradesh,Sri Potti Sriramulu Nellore,Anumasamudrampeta,Chouta Bheemavaram
Andhra Pradesh,Sri Potti Sriramulu Nellore,Anumasamudrampeta,Dubagunta
Andhra Pradesh,Sri Potti Sriramulu Nellore,Anumasamudrampeta,Gudipadu
Andhra Pradesh,Sri Potti Sriramulu Nellore,Anumasamudrampeta,Gumparlapadu
Andhra Pradesh,Sri Potti Sriramulu Nellore,Anumasamudrampeta,Hasanapuram
Andhra Pradesh,Sri Potti Sriramulu Nellore,Anumasamudrampeta,Kakarlapadu
Andhra Pradesh,Sri Potti Sriramulu Nellore,Anumasamudrampeta,Kavali Yadavalli
Andhra Pradesh,Sri Potti Sriramulu Nellore,Anumasamudrampeta,Kondameeda Konduru
Andhra Pradesh,Sri Potti Sriramulu Nellore,Anumasamudrampeta,Kunalammapadu
Andhra Pradesh,Sri Potti Sriramulu Nellore,Anumasamudrampeta,Kuppurupadu
Andhra Pradesh,Sri Potti Sriramulu Nellore,Anumasamudrampeta,Pandipadu
Andhra Pradesh,Sri Potti Sriramulu Nellore,Anumasamudrampeta,Pedabbipuram
Andhra Pradesh,Sri Potti Sriramulu Nellore,Anumasamudrampeta,Ponugodu
Andhra Pradesh,Sri Potti Sriramulu Nellore,Anumasamudrampeta,Rajavolu
Andhra Pradesh,Sri Potti Sriramulu Nellore,Anumasamudrampeta,Srikolanu
Andhra Pradesh,Sri Potti Sriramulu Nellore,Anumasamudrampeta,Velpulagunta
Andhra Pradesh,Sri Potti Sriramulu Nellore,Anumasamudrampeta,Zammavaram
Andhra Pradesh,Sri Potti Sriramulu Nellore,Anumasamudrampeta,Zuvvalaguntapalle
Andhra Pradesh,Sri Potti Sriramulu Nellore,Atmakur,Aravedu
Andhra Pradesh,Sri Potti Sriramulu Nellore,Atmakur,Atmakur
Andhra Pradesh,Sri Potti Sriramulu Nellore,Atmakur,Bandarupalle
Andhra Pradesh,Sri Potti Sriramulu Nellore,Atmakur,Battepadu
Andhra Pradesh,Sri Potti Sriramulu Nellore,Atmakur,Botikarlapadu
Andhra Pradesh,Sri Potti Sriramulu Nellore,Atmakur,Boyila Chiruvella
Andhra Pradesh,Sri Potti Sriramulu Nellore,Atmakur,Chiruvella Khandrika
Andhra Pradesh,Sri Potti Sriramulu Nellore,Atmakur,Depuru
Andhra Pradesh,Sri Potti Sriramulu Nellore,Atmakur,Gandlavedu
Andhra Pradesh,Sri Potti Sriramulu Nellore,Atmakur,Jangalapalle
Andhra Pradesh,Sri Potti Sriramulu Nellore,Atmakur,Kanupurupalle
Andhra Pradesh,Sri Potti Sriramulu Nellore,Atmakur,Karatampadu
Andhra Pradesh,Sri Potti Sriramulu Nellore,Atmakur,Mahimalur
Andhra Pradesh,Sri Potti Sriramulu Nellore,Atmakur,Nabbinagaram
Andhra Pradesh,Sri Potti Sriramulu Nellore,Atmakur,Nagulapadu
Andhra Pradesh,Sri Potti Sriramulu Nellore,Atmakur,Narampeta
Andhra Pradesh,Sri Potti Sriramulu Nellore,Atmakur,Nellorepalem
Andhra Pradesh,Sri Potti Sriramulu Nellore,Atmakur,Nuvvurupadu
Andhra Pradesh,Sri Potti Sriramulu Nellore,Atmakur,Padakandla
Andhra Pradesh,Sri Potti Sriramulu Nellore,Atmakur,Pamidipadu
Andhra Pradesh,Sri Potti Sriramulu Nellore,Atmakur,Vasili
Andhra Pradesh,Sri Potti Sriramulu Nellore,Bogole,Allimadugu
Andhra Pradesh,Sri Potti Sriramulu Nellore,Bogole,Bitragunta
Andhra Pradesh,Sri Potti Sriramulu Nellore,Bogole,Bogole
Andhra Pradesh,Sri Potti Sriramulu Nellore,Bogole,Jakkepalligudur
Andhra Pradesh,Sri Potti Sriramulu Nellore,Bogole,Juvvaladinne
Andhra Pradesh,Sri Potti Sriramulu Nellore,Bogole,Kovurpalle
Andhra Pradesh,Sri Potti Sriramulu Nellore,Bogole,Mallayapalem
Andhra Pradesh,Sri Potti Sriramulu Nellore,Bogole,Mungamur
Andhra Pradesh,Sri Potti Sriramulu Nellore,Bogole,Sambasivapuram
Andhra Pradesh,Sri Potti Sriramulu Nellore,Bogole,Siddavarapu Venkatesupalem
Andhra Pradesh,Sri Potti Sriramulu Nellore,Bogole,Thalluru
Andhra Pradesh,Sri Potti Sriramulu Nellore,Bogole,Umamaheswarapuram
Andhra Pradesh,Sri Potti Sriramulu Nellore,Buchireddipalem,Chellayapalem
Andhra Pradesh,Sri Potti Sriramulu Nellore,Buchireddipalem,Damaramadugu
Andhra Pradesh,Sri Potti Sriramulu Nellore,Buchireddipalem,Isakapalem
Andhra Pradesh,Sri Potti Sriramulu Nellore,Buchireddipalem,Jonnawada
Andhra Pradesh,Sri Potti Sriramulu Nellore,Buchireddipalem,Kalayakagollu
Andhra Pradesh,Sri Potti Sriramulu Nellore,Buchireddipalem,Kavetipalem
Andhra Pradesh,Sri Potti Sriramulu Nellore,Buchireddipalem,Minagallu
Andhra Pradesh,Sri Potti Sriramulu Nellore,Buchireddipalem,Munulapudi
Andhra Pradesh,Sri Potti Sriramulu Nellore,Buchireddipalem,Nagamambapuram
Andhra Pradesh,Sri Potti Sriramulu Nellore,Buchireddipalem,Panchedu
Andhra Pradesh,Sri Potti Sriramulu Nellore,Buchireddipalem,Penuballe
Andhra Pradesh,Sri Potti Sriramulu Nellore,Buchireddipalem,Rebala
Andhra Pradesh,Sri Potti Sriramulu Nellore,Buchireddipalem,Sreerangaraja -Puram
Andhra Pradesh,Sri Potti Sriramulu Nellore,Buchireddipalem,Vavveru
Andhra Pradesh,Sri Potti Sriramulu Nellore,Chejerla,Billupadu
Andhra Pradesh,Sri Potti Sriramulu Nellore,Chejerla,Chejerla
Andhra Pradesh,Sri Potti Sriramulu Nellore,Chejerla,Chittaluru
Andhra Pradesh,Sri Potti Sriramulu Nellore,Chejerla,Gollapalle
Andhra Pradesh,Sri Potti Sriramulu Nellore,Chejerla,Kakivaya
Andhra Pradesh,Sri Potti Sriramulu Nellore,Chejerla,Kalayapalem
Andhra Pradesh,Sri Potti Sriramulu Nellore,Chejerla,Kotitheertham
Andhra Pradesh,Sri Potti Sriramulu Nellore,Chejerla,Mamuduru
Andhra Pradesh,Sri Potti Sriramulu Nellore,Chejerla,Nagulavellaturu
Andhra Pradesh,Sri Potti Sriramulu Nellore,Chejerla,Nernoor
Andhra Pradesh,Sri Potti Sriramulu Nellore,Chejerla,Paderu
Andhra Pradesh,Sri Potti Sriramulu Nellore,Chejerla,Pathapadu
Andhra Pradesh,Sri Potti Sriramulu Nellore,Chejerla,Pelleru
Andhra Pradesh,Sri Potti Sriramulu Nellore,Chejerla,Perumallapadu
Andhra Pradesh,Sri Potti Sriramulu Nellore,Chejerla,Thimmayapalem
Andhra Pradesh,Sri Potti Sriramulu Nellore,Chejerla,Vavileru
Andhra Pradesh,Sri Potti Sriramulu Nellore,Chejerla,Yanamadala
Andhra Pradesh,Sri Potti Sriramulu Nellore,Chejerla,Yeturu
Andhra Pradesh,Sri Potti Sriramulu Nellore,Dagadarthi,Ananthavaram
Andhra Pradesh,Sri Potti Sriramulu Nellore,Dagadarthi,Bodagudipadu
Andhra Pradesh,Sri Potti Sriramulu Nellore,Dagadarthi,Chennuru
Andhra Pradesh,Sri Potti Sriramulu Nellore,Dagadarthi,Choutaputhedu
Andhra Pradesh,Sri Potti Sriramulu Nellore,Dagadarthi,Dagadarthi
Andhra Pradesh,Sri Potti Sriramulu Nellore,Dagadarthi,Damavaram
Andhra Pradesh,Sri Potti Sriramulu Nellore,Dagadarthi,Dundigam
Andhra Pradesh,Sri Potti Sriramulu Nellore,Dagadarthi,Ithampadu
Andhra Pradesh,Sri Potti Sriramulu Nellore,Dagadarthi,Kaminenipalem
Andhra Pradesh,Sri Potti Sriramulu Nellore,Dagadarthi,Katrayapadu
Andhra Pradesh,Sri Potti Sriramulu Nellore,Dagadarthi,Kothapalle Kowrugunta
Andhra Pradesh,Sri Potti Sriramulu Nellore,Dagadarthi,Lingalapadu
Andhra Pradesh,Sri Potti Sriramulu Nellore,Dagadarthi,Manubolupadu
Andhra Pradesh,Sri Potti Sriramulu Nellore,Dagadarthi,Marellapadu
Andhra Pradesh,Sri Potti Sriramulu Nellore,Dagadarthi,Pedaputhedu
Andhra Pradesh,Sri Potti Sriramulu Nellore,Dagadarthi,Rangasamudram
Andhra Pradesh,Sri Potti Sriramulu Nellore,Dagadarthi,Thiruveedhipadu
Andhra Pradesh,Sri Potti Sriramulu Nellore,Dagadarthi,Thurimerla
Andhra Pradesh,Sri Potti Sriramulu Nellore,Dagadarthi,Uchaguntapalem
Andhra Pradesh,Sri Potti Sriramulu Nellore,Dagadarthi,Ulavapalle
Andhra Pradesh,Sri Potti Sriramulu Nellore,Dagadarthi,Velupodu
Andhra Pradesh,Sri Potti Sriramulu Nellore,Dagadarthi,Yelamanchipadu
Andhra Pradesh,Sri Potti Sriramulu Nellore,Duttalur,Ayyanapalle
Andhra Pradesh,Sri Potti Sriramulu Nellore,Duttalur,Bhyravaram
Andhra Pradesh,Sri Potti Sriramulu Nellore,Duttalur,Brahmeswaram
Andhra Pradesh,Sri Potti Sriramulu Nellore,Duttalur,Duttalur
Andhra Pradesh,Sri Potti Sriramulu Nellore,Duttalur,Kothapeta
Andhra Pradesh,Sri Potti Sriramulu Nellore,Duttalur,Mandallanaidupalle
Andhra Pradesh,Sri Potti Sriramulu Nellore,Duttalur,Mandallapalle
Andhra Pradesh,Sri Potti Sriramulu Nellore,Duttalur,Nandipadu
Andhra Pradesh,Sri Potti Sriramulu Nellore,Duttalur,Narrawada
Andhra Pradesh,Sri Potti Sriramulu Nellore,Duttalur,Papampalle
Andhra Pradesh,Sri Potti Sriramulu Nellore,Duttalur,Rachavaripalle
Andhra Pradesh,Sri Potti Sriramulu Nellore,Duttalur,Somalaregada
Andhra Pradesh,Sri Potti Sriramulu Nellore,Duttalur,Theddupadu
Andhra Pradesh,Sri Potti Sriramulu Nellore,Duttalur,Thimmapuram
Andhra Pradesh,Sri Potti Sriramulu Nellore,Duttalur,Venkatampeta
Andhra Pradesh,Sri Potti Sriramulu Nellore,Duttalur,Yerukollu
Andhra Pradesh,Sri Potti Sriramulu Nellore,Gudluru,Ammavari Palem
Andhra Pradesh,Sri Potti Sriramulu Nellore,Gudluru,Basireddy Palem
Andhra Pradesh,Sri Potti Sriramulu Nellore,Gudluru,Chevuru
Andhra Pradesh,Sri Potti Sriramulu Nellore,Gudluru,Chinala Trapi
Andhra Pradesh,Sri Potti Sriramulu Nellore,Gudluru,Dappalampadu
Andhra Pradesh,Sri Potti Sriramulu Nellore,Gudluru,Darakanipadu
Andhra Pradesh,Sri Potti Sriramulu Nellore,Gudluru,Gudluru
Andhra Pradesh,Sri Potti Sriramulu Nellore,Gudluru,Gundlapalem
Andhra Pradesh,Sri Potti Sriramulu Nellore,Gudluru,Kothapeta
Andhra Pradesh,Sri Potti Sriramulu Nellore,Gudluru,Mocherla
Andhra Pradesh,Sri Potti Sriramulu Nellore,Gudluru,Nayudupalem
Andhra Pradesh,Sri Potti Sriramulu Nellore,Gudluru,Parakondapadu
Andhra Pradesh,Sri Potti Sriramulu Nellore,Gudluru,Parakonda Paduagraharam
Andhra Pradesh,Sri Potti Sriramulu Nellore,Gudluru,Potluru
Andhra Pradesh,Sri Potti Sriramulu Nellore,Gudluru,Puretipalle
Andhra Pradesh,Sri Potti Sriramulu Nellore,Gudluru,Ravur
Andhra Pradesh,Sri Potti Sriramulu Nellore,Gudluru,Swarnajipuram
Andhra Pradesh,Sri Potti Sriramulu Nellore,Gudluru,Venkam Peta
Andhra Pradesh,Sri Potti Sriramulu Nellore,Indukurpet,Gangapatnam
Andhra Pradesh,Sri Potti Sriramulu Nellore,Indukurpet,Indukurpet Bit - I
Andhra Pradesh,Sri Potti Sriramulu Nellore,Indukurpet,Indukurpet Bit - II
Andhra Pradesh,Sri Potti Sriramulu Nellore,Indukurpet,Jangamvani Doruvu
Andhra Pradesh,Sri Potti Sriramulu Nellore,Indukurpet,Koduruturu
Andhra Pradesh,Sri Potti Sriramulu Nellore,Indukurpet,Komarika
Andhra Pradesh,Sri Potti Sriramulu Nellore,Indukurpet,Kudithipalem
Andhra Pradesh,Sri Potti Sriramulu Nellore,Indukurpet,Lebur Bit – I
Andhra Pradesh,Sri Potti Sriramulu Nellore,Indukurpet,Lebur Bit - II
Andhra Pradesh,Sri Potti Sriramulu Nellore,Indukurpet,Mudivarthi Palem
Andhra Pradesh,Sri Potti Sriramulu Nellore,Indukurpet,Mypadu
Andhra Pradesh,Sri Potti Sriramulu Nellore,Indukurpet,Nidumusali
Andhra Pradesh,Sri Potti Sriramulu Nellore,Indukurpet,Pallipadu
Andhra Pradesh,Sri Potti Sriramulu Nellore,Indukurpet,Pogada Doruvu Khandrika
Andhra Pradesh,Sri Potti Sriramulu Nellore,Indukurpet,Punnur
Andhra Pradesh,Sri Potti Sriramulu Nellore,Indukurpet,Somarajupalle
Andhra Pradesh,Sri Potti Sriramulu Nellore,Jaladanki,Annavaram
Andhra Pradesh,Sri Potti Sriramulu Nellore,Jaladanki,Brahmanakraka
Andhra Pradesh,Sri Potti Sriramulu Nellore,Jaladanki,Chamadala
Andhra Pradesh,Sri Potti Sriramulu Nellore,Jaladanki,China Kraka
Andhra Pradesh,Sri Potti Sriramulu Nellore,Jaladanki,Chodavaram
Andhra Pradesh,Sri Potti Sriramulu Nellore,Jaladanki,Gattupalle
Andhra Pradesh,Sri Potti Sriramulu Nellore,Jaladanki,Jaladanki
Andhra Pradesh,Sri Potti Sriramulu Nellore,Jaladanki,Jammalapalem
Andhra Pradesh,Sri Potti Sriramulu Nellore,Jaladanki,Kesavaram
Andhra Pradesh,Sri Potti Sriramulu Nellore,Jaladanki,Kodandaramapuram
Andhra Pradesh,Sri Potti Sriramulu Nellore,Jaladanki,Krishnapadu
Andhra Pradesh,Sri Potti Sriramulu Nellore,Jaladanki,Somavarappadu
Andhra Pradesh,Sri Potti Sriramulu Nellore,Kaligiri,Ananthapuram
Andhra Pradesh,Sri Potti Sriramulu Nellore,Kaligiri,China Annaluru
Andhra Pradesh,Sri Potti Sriramulu Nellore,Kaligiri,Dubagunta
Andhra Pradesh,Sri Potti Sriramulu Nellore,Kaligiri,Gudladona
Andhra Pradesh,Sri Potti Sriramulu Nellore,Kaligiri,Kaligiri
Andhra Pradesh,Sri Potti Sriramulu Nellore,Kaligiri,Kavali Musthapuram
Andhra Pradesh,Sri Potti Sriramulu Nellore,Kaligiri,Kothapeta
Andhra Pradesh,Sri Potti Sriramulu Nellore,Kaligiri,Krakuturu
Andhra Pradesh,Sri Potti Sriramulu Nellore,Kaligiri,Kummarakonduru
Andhra Pradesh,Sri Potti Sriramulu Nellore,Kaligiri,Lakshmipuram
Andhra Pradesh,Sri Potti Sriramulu Nellore,Kaligiri,Nagasamudram
Andhra Pradesh,Sri Potti Sriramulu Nellore,Kaligiri,Parikota
Andhra Pradesh,Sri Potti Sriramulu Nellore,Kaligiri,Peda Annaluru
Andhra Pradesh,Sri Potti Sriramulu Nellore,Kaligiri,Pedakonduru
Andhra Pradesh,Sri Potti Sriramulu Nellore,Kaligiri,Ravulakollu
Andhra Pradesh,Sri Potti Sriramulu Nellore,Kaligiri,Siddana Konduru
Andhra Pradesh,Sri Potti Sriramulu Nellore,Kaligiri,Thellapadu
Andhra Pradesh,Sri Potti Sriramulu Nellore,Kaligiri,Veeranakollu
Andhra Pradesh,Sri Potti Sriramulu Nellore,Kaligiri,Velagapadu
Andhra Pradesh,Sri Potti Sriramulu Nellore,Kaligiri,Venkannapalem
Andhra Pradesh,Sri Potti Sriramulu Nellore,Kaluvoya,Baddevolu
Andhra Pradesh,Sri Potti Sriramulu Nellore,Kaluvoya,Brahmanapalle
Andhra Pradesh,Sri Potti Sriramulu Nellore,Kaluvoya,Cheepinapi
Andhra Pradesh,Sri Potti Sriramulu Nellore,Kaluvoya,China Gopavaram
Andhra Pradesh,Sri Potti Sriramulu Nellore,Kaluvoya,Chintalapalem
Andhra Pradesh,Sri Potti Sriramulu Nellore,Kaluvoya,Chintalatmakuru
Andhra Pradesh,Sri Potti Sriramulu Nellore,Kaluvoya,Dachuru
Andhra Pradesh,Sri Potti Sriramulu Nellore,Kaluvoya,Isakapalle
Andhra Pradesh,Sri Potti Sriramulu Nellore,Kaluvoya,Kaluvoya
Andhra Pradesh,Sri Potti Sriramulu Nellore,Kaluvoya,Kanupurupalle
Andhra Pradesh,Sri Potti Sriramulu Nellore,Kaluvoya,Kesamanenipalle
Andhra Pradesh,Sri Potti Sriramulu Nellore,Kaluvoya,Koturupalle
Andhra Pradesh,Sri Potti Sriramulu Nellore,Kaluvoya,Kulluru
Andhra Pradesh,Sri Potti Sriramulu Nellore,Kaluvoya,Madannagaripalle
Andhra Pradesh,Sri Potti Sriramulu Nellore,Kaluvoya,Nukanapalle
Andhra Pradesh,Sri Potti Sriramulu Nellore,Kaluvoya,Pallakonda
Andhra Pradesh,Sri Potti Sriramulu Nellore,Kaluvoya,Telugurayapuram
Andhra Pradesh,Sri Potti Sriramulu Nellore,Kaluvoya,Thopugunta
Andhra Pradesh,Sri Potti Sriramulu Nellore,Kaluvoya,Thopugunta Agraharam
Andhra Pradesh,Sri Potti Sriramulu Nellore,Kaluvoya,Uyyalapalle
Andhra Pradesh,Sri Potti Sriramulu Nellore,Kaluvoya,Yerraballe
Andhra Pradesh,Sri Potti Sriramulu Nellore,Kandukuru,Anandapuram
Andhra Pradesh,Sri Potti Sriramulu Nellore,Kandukuru,Anantha Sagaram
Andhra Pradesh,Sri Potti Sriramulu Nellore,Kandukuru,Divvivaripalem
Andhra Pradesh,Sri Potti Sriramulu Nellore,Kandukuru,Donda Padu
Andhra Pradesh,Sri Potti Sriramulu Nellore,Kandukuru,G.Meka Padu
Andhra Pradesh,Sri Potti Sriramulu Nellore,Kandukuru,Jillelamudi
Andhra Pradesh,Sri Potti Sriramulu Nellore,Kandukuru,Kancharagunta
Andhra Pradesh,Sri Potti Sriramulu Nellore,Kandukuru,Kandukur
Andhra Pradesh,Sri Potti Sriramulu Nellore,Kandukuru,Kondamudusu Palem
Andhra Pradesh,Sri Potti Sriramulu Nellore,Kandukuru,Kondikandukur
Andhra Pradesh,Sri Potti Sriramulu Nellore,Kandukuru,Kovur
Andhra Pradesh,Sri Potti Sriramulu Nellore,Kandukuru,Machavaram
Andhra Pradesh,Sri Potti Sriramulu Nellore,Kandukuru,Madanagopalapuram
Andhra Pradesh,Sri Potti Sriramulu Nellore,Kandukuru,Mahadevapuram (R)
Andhra Pradesh,Sri Potti Sriramulu Nellore,Kandukuru,Mopadu
Andhra Pradesh,Sri Potti Sriramulu Nellore,Kandukuru,Muppalakesaramvarikandrika
Andhra Pradesh,Sri Potti Sriramulu Nellore,Kandukuru,Ogur
Andhra Pradesh,Sri Potti Sriramulu Nellore,Kandukuru,Palukur
Andhra Pradesh,Sri Potti Sriramulu Nellore,Kandukuru,Palur
Andhra Pradesh,Sri Potti Sriramulu Nellore,Kandukuru,Pandalapadu
Andhra Pradesh,Sri Potti Sriramulu Nellore,Kandukuru,Vikkiralapeta
Andhra Pradesh,Sri Potti Sriramulu Nellore,Kavali,Anemadugu
Andhra Pradesh,Sri Potti Sriramulu Nellore,Kavali,Budamagunta
Andhra Pradesh,Sri Potti Sriramulu Nellore,Kavali,Chalamcherla
Andhra Pradesh,Sri Potti Sriramulu Nellore,Kavali,Chennayapalem
Andhra Pradesh,Sri Potti Sriramulu Nellore,Kavali,Gowravaram
Andhra Pradesh,Sri Potti Sriramulu Nellore,Kavali,Kavali Bit - II (Rural)
Andhra Pradesh,Sri Potti Sriramulu Nellore,Kavali,Kavali Bit - I (Rural)
Andhra Pradesh,Sri Potti Sriramulu Nellore,Kavali,Kothapalle
Andhra Pradesh,Sri Potti Sriramulu Nellore,Kavali,Maddurupadu (Part)
Andhra Pradesh,Sri Potti Sriramulu Nellore,Kavali,Mannangidinne
Andhra Pradesh,Sri Potti Sriramulu Nellore,Kavali,Musunuru (Part)
Andhra Pradesh,Sri Potti Sriramulu Nellore,Kavali,Rajuvari Chintala Palem
Andhra Pradesh,Sri Potti Sriramulu Nellore,Kavali,Rudrakota
Andhra Pradesh,Sri Potti Sriramulu Nellore,Kavali,Thallapalem
Andhra Pradesh,Sri Potti Sriramulu Nellore,Kavali,Thummalapenta
Andhra Pradesh,Sri Potti Sriramulu Nellore,Kodavalur,Alurupadu
Andhra Pradesh,Sri Potti Sriramulu Nellore,Kodavalur,Basavaipalem
Andhra Pradesh,Sri Potti Sriramulu Nellore,Kodavalur,Bodduvaripalem
Andhra Pradesh,Sri Potti Sriramulu Nellore,Kodavalur,Damegunta
Andhra Pradesh,Sri Potti Sriramulu Nellore,Kodavalur,Gandavaram
Andhra Pradesh,Sri Potti Sriramulu Nellore,Kodavalur,Gotlapalem
Andhra Pradesh,Sri Potti Sriramulu Nellore,Kodavalur,Gundalammapalem
Andhra Pradesh,Sri Potti Sriramulu Nellore,Kodavalur,Kodavalur
Andhra Pradesh,Sri Potti Sriramulu Nellore,Kodavalur,Kothavangallu
Andhra Pradesh,Sri Potti Sriramulu Nellore,Kodavalur,Maneguntapadu
Andhra Pradesh,Sri Potti Sriramulu Nellore,Kodavalur,Naidupalem
Andhra Pradesh,Sri Potti Sriramulu Nellore,Kodavalur,North Rajupalem
Andhra Pradesh,Sri Potti Sriramulu Nellore,Kodavalur,Ramannapalem
Andhra Pradesh,Sri Potti Sriramulu Nellore,Kodavalur,Talamanchi
Andhra Pradesh,Sri Potti Sriramulu Nellore,Kodavalur,Venkannapuram
Andhra Pradesh,Sri Potti Sriramulu Nellore,Kodavalur,Yellayapalem
Andhra Pradesh,Sri Potti Sriramulu Nellore,Kondapuram,Audimurthipuram
Andhra Pradesh,Sri Potti Sriramulu Nellore,Kondapuram,Bhimavarappadu
Andhra Pradesh,Sri Potti Sriramulu Nellore,Kondapuram,Challagirigala
Andhra Pradesh,Sri Potti Sriramulu Nellore,Kondapuram,Chinthaladevi
Andhra Pradesh,Sri Potti Sriramulu Nellore,Kondapuram,Ganugapenta
Andhra Pradesh,Sri Potti Sriramulu Nellore,Kondapuram,Garimenapenta
Andhra Pradesh,Sri Potti Sriramulu Nellore,Kondapuram,Gottigundala
Andhra Pradesh,Sri Potti Sriramulu Nellore,Kondapuram,Gudavalluru (Kondapuram)
Andhra Pradesh,Sri Potti Sriramulu Nellore,Kondapuram,Iskadamerla
Andhra Pradesh,Sri Potti Sriramulu Nellore,Kondapuram,Kasturinaidupalle
Andhra Pradesh,Sri Potti Sriramulu Nellore,Kondapuram,Kommi
Andhra Pradesh,Sri Potti Sriramulu Nellore,Kondapuram,Kumara Venkatapuram
Andhra Pradesh,Sri Potti Sriramulu Nellore,Kondapuram,Kunkuvaripalem
Andhra Pradesh,Sri Potti Sriramulu Nellore,Kondapuram,Mallavarappadu
Andhra Pradesh,Sri Potti Sriramulu Nellore,Kondapuram,Marrigunta
Andhra Pradesh,Sri Potti Sriramulu Nellore,Kondapuram,Nekunampeta
Andhra Pradesh,Sri Potti Sriramulu Nellore,Kondapuram,Parlapalle
Andhra Pradesh,Sri Potti Sriramulu Nellore,Kondapuram,Ramanujapuram
Andhra Pradesh,Sri Potti Sriramulu Nellore,Kondapuram,Saipeta
Andhra Pradesh,Sri Potti Sriramulu Nellore,Kondapuram,Satyavolu
Andhra Pradesh,Sri Potti Sriramulu Nellore,Kondapuram,Settipalem
Andhra Pradesh,Sri Potti Sriramulu Nellore,Kondapuram,Thurpu- Brahmanapalle
Andhra Pradesh,Sri Potti Sriramulu Nellore,Kondapuram,Thurpu- Jangalapalle
Andhra Pradesh,Sri Potti Sriramulu Nellore,Kondapuram,Thurpuyerraballe
Andhra Pradesh,Sri Potti Sriramulu Nellore,Kondapuram,Veligandla
Andhra Pradesh,Sri Potti Sriramulu Nellore,Kondapuram,Yerrabotlapalle
Andhra Pradesh,Sri Potti Sriramulu Nellore,Kovur,Cherlopalem
Andhra Pradesh,Sri Potti Sriramulu Nellore,Kovur,Gangavaram
Andhra Pradesh,Sri Potti Sriramulu Nellore,Kovur,Inamadugu
Andhra Pradesh,Sri Potti Sriramulu Nellore,Kovur,Kovur
Andhra Pradesh,Sri Potti Sriramulu Nellore,Kovur,Leguntapadu
Andhra Pradesh,Sri Potti Sriramulu Nellore,Kovur,Modegunta
Andhra Pradesh,Sri Potti Sriramulu Nellore,Kovur,Padugupadu
Andhra Pradesh,Sri Potti Sriramulu Nellore,Kovur,Patur
Andhra Pradesh,Sri Potti Sriramulu Nellore,Kovur,Pothireddipalem
Andhra Pradesh,Sri Potti Sriramulu Nellore,Kovur,Vegur
Andhra Pradesh,Sri Potti Sriramulu Nellore,Lingasamudram,Anneboinapalle
Andhra Pradesh,Sri Potti Sriramulu Nellore,Lingasamudram,Cheemalapenta
Andhra Pradesh,Sri Potti Sriramulu Nellore,Lingasamudram,Chinapavani
Andhra Pradesh,Sri Potti Sriramulu Nellore,Lingasamudram,Gangapalem
Andhra Pradesh,Sri Potti Sriramulu Nellore,Lingasamudram,Jagamreddi Khandrika
Andhra Pradesh,Sri Potti Sriramulu Nellore,Lingasamudram,Lingasamudram
Andhra Pradesh,Sri Potti Sriramulu Nellore,Lingasamudram,Mala Konda Rayunipalem
Andhra Pradesh,Sri Potti Sriramulu Nellore,Lingasamudram,Mogilicherla
Andhra Pradesh,Sri Potti Sriramulu Nellore,Lingasamudram,Mukteswaram
Andhra Pradesh,Sri Potti Sriramulu Nellore,Lingasamudram,Mutyalapadu
Andhra Pradesh,Sri Potti Sriramulu Nellore,Lingasamudram,Narasimhapuram
Andhra Pradesh,Sri Potti Sriramulu Nellore,Lingasamudram,Pentrala
Andhra Pradesh,Sri Potti Sriramulu Nellore,Lingasamudram,Racheruvurajupalem
Andhra Pradesh,Sri Potti Sriramulu Nellore,Lingasamudram,Rallapadu
Andhra Pradesh,Sri Potti Sriramulu Nellore,Lingasamudram,Thimmareddy Palem
Andhra Pradesh,Sri Potti Sriramulu Nellore,Lingasamudram,Thunugunta
Andhra Pradesh,Sri Potti Sriramulu Nellore,Lingasamudram,Thurpurajupalem
Andhra Pradesh,Sri Potti Sriramulu Nellore,Lingasamudram,Veera Raghavuni Kota
Andhra Pradesh,Sri Potti Sriramulu Nellore,Lingasamudram,Vengalapuram
Andhra Pradesh,Sri Potti Sriramulu Nellore,Lingasamudram,Viswanadhapuram
Andhra Pradesh,Sri Potti Sriramulu Nellore,Manubolu,Akkampeta
Andhra Pradesh,Sri Potti Sriramulu Nellore,Manubolu,Anupallipadu
Andhra Pradesh,Sri Potti Sriramulu Nellore,Manubolu,Baddevolu
Andhra Pradesh,Sri Potti Sriramulu Nellore,Manubolu,Bandepalle
Andhra Pradesh,Sri Potti Sriramulu Nellore,Manubolu,Cherukumudi
Andhra Pradesh,Sri Potti Sriramulu Nellore,Manubolu,Gurivindapudi
Andhra Pradesh,Sri Potti Sriramulu Nellore,Manubolu,Jatlakonduru
Andhra Pradesh,Sri Potti Sriramulu Nellore,Manubolu,Kagithalapuru
Andhra Pradesh,Sri Potti Sriramulu Nellore,Manubolu,Kattuvapalle
Andhra Pradesh,Sri Potti Sriramulu Nellore,Manubolu,Kolanukuduru
Andhra Pradesh,Sri Potti Sriramulu Nellore,Manubolu,Kudithipalle
Andhra Pradesh,Sri Potti Sriramulu Nellore,Manubolu,Madamanuru
Andhra Pradesh,Sri Potti Sriramulu Nellore,Manubolu,Manubolu
Andhra Pradesh,Sri Potti Sriramulu Nellore,Manubolu,Muddumudi
Andhra Pradesh,Sri Potti Sriramulu Nellore,Manubolu,Parlapadu
Andhra Pradesh,Sri Potti Sriramulu Nellore,Manubolu,Pidur
Andhra Pradesh,Sri Potti Sriramulu Nellore,Manubolu,Pidurupalem
Andhra Pradesh,Sri Potti Sriramulu Nellore,Manubolu,Vadlapudi
Andhra Pradesh,Sri Potti Sriramulu Nellore,Manubolu,Venkanapalem
Andhra Pradesh,Sri Potti Sriramulu Nellore,Marripadu,Allampadu
Andhra Pradesh,Sri Potti Sriramulu Nellore,Marripadu,Bheemavaram
Andhra Pradesh,Sri Potti Sriramulu Nellore,Marripadu,Brahmanapalle
Andhra Pradesh,Sri Potti Sriramulu Nellore,Marripadu,Budawada
Andhra Pradesh,Sri Potti Sriramulu Nellore,Marripadu,Chabolu
Andhra Pradesh,Sri Potti Sriramulu Nellore,Marripadu,Chilakapadu
Andhra Pradesh,Sri Potti Sriramulu Nellore,Marripadu,Chinamachanur
Andhra Pradesh,Sri Potti Sriramulu Nellore,Marripadu,Chunchulur
Andhra Pradesh,Sri Potti Sriramulu Nellore,Marripadu,Dharmarao Cheruvupalle
Andhra Pradesh,Sri Potti Sriramulu Nellore,Marripadu,Irlapadu
Andhra Pradesh,Sri Potti Sriramulu Nellore,Marripadu,Kadirinenipalle
Andhra Pradesh,Sri Potti Sriramulu Nellore,Marripadu,Kampasamudram
Andhra Pradesh,Sri Potti Sriramulu Nellore,Marripadu,Nagarajupadu
Andhra Pradesh,Sri Potti Sriramulu Nellore,Marripadu,Naginenigunta
Andhra Pradesh,Sri Potti Sriramulu Nellore,Marripadu,Nandavaram
Andhra Pradesh,Sri Potti Sriramulu Nellore,Marripadu,Neradanampadu
Andhra Pradesh,Sri Potti Sriramulu Nellore,Marripadu,Padamatinaidupalle
Andhra Pradesh,Sri Potti Sriramulu Nellore,Marripadu,Pallavolu
Andhra Pradesh,Sri Potti Sriramulu Nellore,Marripadu,Pegallapadu
Andhra Pradesh,Sri Potti Sriramulu Nellore,Marripadu,Ponguru
Andhra Pradesh,Sri Potti Sriramulu Nellore,Marripadu,Singanapalle
Andhra Pradesh,Sri Potti Sriramulu Nellore,Muthukur,Amudalapadu
Andhra Pradesh,Sri Potti Sriramulu Nellore,Muthukur,Brahmadevam
Andhra Pradesh,Sri Potti Sriramulu Nellore,Muthukur,Epuru Bit-I-A
Andhra Pradesh,Sri Potti Sriramulu Nellore,Muthukur,Epuru Bit - I - B
Andhra Pradesh,Sri Potti Sriramulu Nellore,Muthukur,Krishnapatnam
Andhra Pradesh,Sri Potti Sriramulu Nellore,Muthukur,Mamidipudi
Andhra Pradesh,Sri Potti Sriramulu Nellore,Muthukur,Mollur
Andhra Pradesh,Sri Potti Sriramulu Nellore,Muthukur,Muthukur
Andhra Pradesh,Sri Potti Sriramulu Nellore,Muthukur,Narikellapalle
Andhra Pradesh,Sri Potti Sriramulu Nellore,Muthukur,Nelaturu
Andhra Pradesh,Sri Potti Sriramulu Nellore,Muthukur,Pidatapolur
Andhra Pradesh,Sri Potti Sriramulu Nellore,Muthukur,Pynampuram
Andhra Pradesh,Sri Potti Sriramulu Nellore,Muthukur,Survepalle Bit - V
Andhra Pradesh,Sri Potti Sriramulu Nellore,Muthukur,Valluru
Andhra Pradesh,Sri Potti Sriramulu Nellore,Muthukur,Valluruvari Khandrika
Andhra Pradesh,Sri Potti Sriramulu Nellore,Nellore Rural,Akkacheruvupadu
Andhra Pradesh,Sri Potti Sriramulu Nellore,Nellore Rural,Allipuram (Part)
Andhra Pradesh,Sri Potti Sriramulu Nellore,Nellore Rural,Amancherla
Andhra Pradesh,Sri Potti Sriramulu Nellore,Nellore Rural,Ambapuram
Andhra Pradesh,Sri Potti Sriramulu Nellore,Nellore Rural,Buja Buja Nellore (Ct)
Andhra Pradesh,Sri Potti Sriramulu Nellore,Nellore Rural,Chintareddipalem (Part)
Andhra Pradesh,Sri Potti Sriramulu Nellore,Nellore Rural,Devarapalem
Andhra Pradesh,Sri Potti Sriramulu Nellore,Nellore Rural,Donthali
Andhra Pradesh,Sri Potti Sriramulu Nellore,Nellore Rural,Golla Kandukur
Andhra Pradesh,Sri Potti Sriramulu Nellore,Nellore Rural,Gudipallipadu
Andhra Pradesh,Sri Potti Sriramulu Nellore,Nellore Rural,Gundlapalem (Og) (Part)
Andhra Pradesh,Sri Potti Sriramulu Nellore,Nellore Rural,Kakupalle-I
Andhra Pradesh,Sri Potti Sriramulu Nellore,Nellore Rural,Kakupalle -Ii (Madaraja Gudur)
Andhra Pradesh,Sri Potti Sriramulu Nellore,Nellore Rural,Kallurpalle (Og)
Andhra Pradesh,Sri Potti Sriramulu Nellore,Nellore Rural,Kandamur
Andhra Pradesh,Sri Potti Sriramulu Nellore,Nellore Rural,Kanuparthipadu
Andhra Pradesh,Sri Potti Sriramulu Nellore,Nellore Rural,Kondayampalle
Andhra Pradesh,Sri Potti Sriramulu Nellore,Nellore Rural,Mannavarappadu
Andhra Pradesh,Sri Potti Sriramulu Nellore,Nellore Rural,Mattempadu
Andhra Pradesh,Sri Potti Sriramulu Nellore,Nellore Rural,Mogallapalem
Andhra Pradesh,Sri Potti Sriramulu Nellore,Nellore Rural,Mulumudi
Andhra Pradesh,Sri Potti Sriramulu Nellore,Nellore Rural,Nellore 1 (R)
Andhra Pradesh,Sri Potti Sriramulu Nellore,Nellore Rural,Ogurupadu
Andhra Pradesh,Sri Potti Sriramulu Nellore,Nellore Rural,Padarupalle
Andhra Pradesh,Sri Potti Sriramulu Nellore,Nellore Rural,Pedda Cherukur
Andhra Pradesh,Sri Potti Sriramulu Nellore,Nellore Rural,Penubarthi
Andhra Pradesh,Sri Potti Sriramulu Nellore,Nellore Rural,Pottepalem
Andhra Pradesh,Sri Potti Sriramulu Nellore,Nellore Rural,Sajjapuram
Andhra Pradesh,Sri Potti Sriramulu Nellore,Nellore Rural,South Mopur
Andhra Pradesh,Sri Potti Sriramulu Nellore,Nellore Rural,Upputur
Andhra Pradesh,Sri Potti Sriramulu Nellore,Nellore Rural,Vedayapalem
Andhra Pradesh,Sri Potti Sriramulu Nellore,Nellore Rural,Vellanti
Andhra Pradesh,Sri Potti Sriramulu Nellore,Nellore Rural,Visavaviletipadu (Og)
Andhra Pradesh,Sri Potti Sriramulu Nellore,Nellore Urban,Nellore 2 (U)
Andhra Pradesh,Sri Potti Sriramulu Nellore,Nellore Urban,Nellore (Bit.1) (Og)
Andhra Pradesh,Sri Potti Sriramulu Nellore,Podalakur,Althurthi
Andhra Pradesh,Sri Potti Sriramulu Nellore,Podalakur,Ankupalle
Andhra Pradesh,Sri Potti Sriramulu Nellore,Podalakur,Ayyagaripalem
Andhra Pradesh,Sri Potti Sriramulu Nellore,Podalakur,Bathulapalle
Andhra Pradesh,Sri Potti Sriramulu Nellore,Podalakur,Bathulapallepadu
Andhra Pradesh,Sri Potti Sriramulu Nellore,Podalakur,Bhogasamudram
Andhra Pradesh,Sri Potti Sriramulu Nellore,Podalakur,Biradavolu
Andhra Pradesh,Sri Potti Sriramulu Nellore,Podalakur,Chatagotla
Andhra Pradesh,Sri Potti Sriramulu Nellore,Podalakur,Degapudi
Andhra Pradesh,Sri Potti Sriramulu Nellore,Podalakur,Degapudi Rajupalem
Andhra Pradesh,Sri Potti Sriramulu Nellore,Podalakur,Duggunta
Andhra Pradesh,Sri Potti Sriramulu Nellore,Podalakur,Duggunta Rajupalem
Andhra Pradesh,Sri Potti Sriramulu Nellore,Podalakur,Guravayapalem
Andhra Pradesh,Sri Potti Sriramulu Nellore,Podalakur,Inukurthy
Andhra Pradesh,Sri Potti Sriramulu Nellore,Podalakur,Kanuparthi
Andhra Pradesh,Sri Potti Sriramulu Nellore,Podalakur,Mahammadapuram
Andhra Pradesh,Sri Potti Sriramulu Nellore,Podalakur,Marripalle Gopasamudram
Andhra Pradesh,Sri Potti Sriramulu Nellore,Podalakur,Marupuru
Andhra Pradesh,Sri Potti Sriramulu Nellore,Podalakur,Mogallur
Andhra Pradesh,Sri Potti Sriramulu Nellore,Podalakur,Nallapalem
Andhra Pradesh,Sri Potti Sriramulu Nellore,Podalakur,Nandivaya
Andhra Pradesh,Sri Potti Sriramulu Nellore,Podalakur,Navooru
Andhra Pradesh,Sri Potti Sriramulu Nellore,Podalakur,Nedurupalle
Andhra Pradesh,Sri Potti Sriramulu Nellore,Podalakur,Parlapalle
Andhra Pradesh,Sri Potti Sriramulu Nellore,Podalakur,Podalakur
Andhra Pradesh,Sri Potti Sriramulu Nellore,Podalakur,Prabagiripatnam
Andhra Pradesh,Sri Potti Sriramulu Nellore,Podalakur,Pulikollu
Andhra Pradesh,Sri Potti Sriramulu Nellore,Podalakur,Ravalla Yeruguntapalem
Andhra Pradesh,Sri Potti Sriramulu Nellore,Podalakur,Surayapalem
Andhra Pradesh,Sri Potti Sriramulu Nellore,Podalakur,Thatiparthi
Andhra Pradesh,Sri Potti Sriramulu Nellore,Podalakur,Thoderu
Andhra Pradesh,Sri Potti Sriramulu Nellore,Podalakur,Uchapalle
Andhra Pradesh,Sri Potti Sriramulu Nellore,Podalakur,Utla Palem
Andhra Pradesh,Sri Potti Sriramulu Nellore,Podalakur,Vavintaparthi
Andhra Pradesh,Sri Potti Sriramulu Nellore,Podalakur,Veligantipalem
Andhra Pradesh,Sri Potti Sriramulu Nellore,Podalakur,Viroor
Andhra Pradesh,Sri Potti Sriramulu Nellore,Rapur,Adurupalle
Andhra Pradesh,Sri Potti Sriramulu Nellore,Rapur,Akilavalasa
Andhra Pradesh,Sri Potti Sriramulu Nellore,Rapur,Bandepalle
Andhra Pradesh,Sri Potti Sriramulu Nellore,Rapur,Bojjanapalle
Andhra Pradesh,Sri Potti Sriramulu Nellore,Rapur,Chuttupalem
Andhra Pradesh,Sri Potti Sriramulu Nellore,Rapur,Gandurupalle
Andhra Pradesh,Sri Potti Sriramulu Nellore,Rapur,Garimenapenta
Andhra Pradesh,Sri Potti Sriramulu Nellore,Rapur,Gilakapadu
Andhra Pradesh,Sri Potti Sriramulu Nellore,Rapur,Gonu Narasayapalem
Andhra Pradesh,Sri Potti Sriramulu Nellore,Rapur,Gonupalle
Andhra Pradesh,Sri Potti Sriramulu Nellore,Rapur,Gundavolu
Andhra Pradesh,Sri Potti Sriramulu Nellore,Rapur,Gurivindapudi
Andhra Pradesh,Sri Potti Sriramulu Nellore,Rapur,Jorepalle
Andhra Pradesh,Sri Potti Sriramulu Nellore,Rapur,Jorepalle Akkamambapuram
Andhra Pradesh,Sri Potti Sriramulu Nellore,Rapur,Kambhalapalle
Andhra Pradesh,Sri Potti Sriramulu Nellore,Rapur,Kasulanativari Khandrika
Andhra Pradesh,Sri Potti Sriramulu Nellore,Rapur,Koturupadu
Andhra Pradesh,Sri Potti Sriramulu Nellore,Rapur,Lingapalem
Andhra Pradesh,Sri Potti Sriramulu Nellore,Rapur,Munagala Venkatapuram
Andhra Pradesh,Sri Potti Sriramulu Nellore,Rapur,Nayanipalle
Andhra Pradesh,Sri Potti Sriramulu Nellore,Rapur,Nellepalle
Andhra Pradesh,Sri Potti Sriramulu Nellore,Rapur,Pangili
Andhra Pradesh,Sri Potti Sriramulu Nellore,Rapur,Penubarthi
Andhra Pradesh,Sri Potti Sriramulu Nellore,Rapur,Penubarthi Gopasamudram
Andhra Pradesh,Sri Potti Sriramulu Nellore,Rapur,Puligilapadu
Andhra Pradesh,Sri Potti Sriramulu Nellore,Rapur,Rapur
Andhra Pradesh,Sri Potti Sriramulu Nellore,Rapur,Raviguntapalle
Andhra Pradesh,Sri Potti Sriramulu Nellore,Rapur,Sanayapalem
Andhra Pradesh,Sri Potti Sriramulu Nellore,Rapur,Sankurathripalle
Andhra Pradesh,Sri Potti Sriramulu Nellore,Rapur,Siddavaram
Andhra Pradesh,Sri Potti Sriramulu Nellore,Rapur,Suddamalla
Andhra Pradesh,Sri Potti Sriramulu Nellore,Rapur,Tanamcherla
Andhra Pradesh,Sri Potti Sriramulu Nellore,Rapur,Tegacherla
Andhra Pradesh,Sri Potti Sriramulu Nellore,Rapur,Thatipalle
Andhra Pradesh,Sri Potti Sriramulu Nellore,Rapur,Thokapalem
Andhra Pradesh,Sri Potti Sriramulu Nellore,Rapur,Tumaya
Andhra Pradesh,Sri Potti Sriramulu Nellore,Rapur,Veerayapalem
Andhra Pradesh,Sri Potti Sriramulu Nellore,Rapur,Vepinapiakkmambapuram
Andhra Pradesh,Sri Potti Sriramulu Nellore,Rapur,Yepuru
Andhra Pradesh,Sri Potti Sriramulu Nellore,Sangam,Annareddipalem
Andhra Pradesh,Sri Potti Sriramulu Nellore,Sangam,Chennavarappadu
Andhra Pradesh,Sri Potti Sriramulu Nellore,Sangam,Duvvuru
Andhra Pradesh,Sri Potti Sriramulu Nellore,Sangam,Jangala Khandrika
Andhra Pradesh,Sri Potti Sriramulu Nellore,Sangam,Kaligiri Konduru
Andhra Pradesh,Sri Potti Sriramulu Nellore,Sangam,Kolagatla
Andhra Pradesh,Sri Potti Sriramulu Nellore,Sangam,Korimerla
Andhra Pradesh,Sri Potti Sriramulu Nellore,Sangam,Korimerla Khandrika
Andhra Pradesh,Sri Potti Sriramulu Nellore,Sangam,Makthapuram
Andhra Pradesh,Sri Potti Sriramulu Nellore,Sangam,Marripadu
Andhra Pradesh,Sri Potti Sriramulu Nellore,Sangam,Neelayapalem
Andhra Pradesh,Sri Potti Sriramulu Nellore,Sangam,Padamatipalem
Andhra Pradesh,Sri Potti Sriramulu Nellore,Sangam,Peramana
Andhra Pradesh,Sri Potti Sriramulu Nellore,Sangam,Sangam
Andhra Pradesh,Sri Potti Sriramulu Nellore,Sangam,Talupurupadu
Andhra Pradesh,Sri Potti Sriramulu Nellore,Sangam,Tharunavaya
Andhra Pradesh,Sri Potti Sriramulu Nellore,Sangam,Vangallu
Andhra Pradesh,Sri Potti Sriramulu Nellore,Seetharamapuram,Ayyavaripalle
Andhra Pradesh,Sri Potti Sriramulu Nellore,Seetharamapuram,Balayapalle
Andhra Pradesh,Sri Potti Sriramulu Nellore,Seetharamapuram,Basinenipalle
Andhra Pradesh,Sri Potti Sriramulu Nellore,Seetharamapuram,China Nagampalle
Andhra Pradesh,Sri Potti Sriramulu Nellore,Seetharamapuram,Chinthodu
Andhra Pradesh,Sri Potti Sriramulu Nellore,Seetharamapuram,Devammacheruvu
Andhra Pradesh,Sri Potti Sriramulu Nellore,Seetharamapuram,Devarajusurayapalle
Andhra Pradesh,Sri Potti Sriramulu Nellore,Seetharamapuram,Devisettipalle
Andhra Pradesh,Sri Potti Sriramulu Nellore,Seetharamapuram,Gangavaram
Andhra Pradesh,Sri Potti Sriramulu Nellore,Seetharamapuram,Gundupalle
Andhra Pradesh,Sri Potti Sriramulu Nellore,Seetharamapuram,Jayapuram
Andhra Pradesh,Sri Potti Sriramulu Nellore,Seetharamapuram,Maramreddipalle
Andhra Pradesh,Sri Potti Sriramulu Nellore,Seetharamapuram,Narayanampet
Andhra Pradesh,Sri Potti Sriramulu Nellore,Seetharamapuram,Nemalladinne
Andhra Pradesh,Sri Potti Sriramulu Nellore,Seetharamapuram,Pabbuletipalle
Andhra Pradesh,Sri Potti Sriramulu Nellore,Seetharamapuram,Padamati Rompidodla
Andhra Pradesh,Sri Potti Sriramulu Nellore,Seetharamapuram,Pandrangi
Andhra Pradesh,Sri Potti Sriramulu Nellore,Seetharamapuram,Pedda Nagampalle
Andhra Pradesh,Sri Potti Sriramulu Nellore,Seetharamapuram,Seetharamapuram
Andhra Pradesh,Sri Potti Sriramulu Nellore,Seetharamapuram,Singareddipalle
Andhra Pradesh,Sri Potti Sriramulu Nellore,Seetharamapuram,Vempallethoka
Andhra Pradesh,Sri Potti Sriramulu Nellore,Sydapuram,Adhvanna Punarayanakattubadi
Andhra Pradesh,Sri Potti Sriramulu Nellore,Sydapuram,Ananthamadugu
Andhra Pradesh,Sri Potti Sriramulu Nellore,Sydapuram,Chaganam
Andhra Pradesh,Sri Potti Sriramulu Nellore,Sydapuram,Cheekavolu
Andhra Pradesh,Sri Potti Sriramulu Nellore,Sydapuram,Devaravemur
Andhra Pradesh,Sri Potti Sriramulu Nellore,Sydapuram,Edulakhandrika
Andhra Pradesh,Sri Potti Sriramulu Nellore,Sydapuram,Griddalur
Andhra Pradesh,Sri Potti Sriramulu Nellore,Sydapuram,Gulimcherla
Andhra Pradesh,Sri Potti Sriramulu Nellore,Sydapuram,Jaflapuram
Andhra Pradesh,Sri Potti Sriramulu Nellore,Sydapuram,Jogipalle
Andhra Pradesh,Sri Potti Sriramulu Nellore,Sydapuram,Kalichedu
Andhra Pradesh,Sri Potti Sriramulu Nellore,Sydapuram,Komatigunta Rajupalem
Andhra Pradesh,Sri Potti Sriramulu Nellore,Sydapuram,Kommipadu
Andhra Pradesh,Sri Potti Sriramulu Nellore,Sydapuram,Krishnareddipalle
Andhra Pradesh,Sri Potti Sriramulu Nellore,Sydapuram,Lingasamudram
Andhra Pradesh,Sri Potti Sriramulu Nellore,Sydapuram,Malichedu
Andhra Pradesh,Sri Potti Sriramulu Nellore,Sydapuram,Mittapalle
Andhra Pradesh,Sri Potti Sriramulu Nellore,Sydapuram,Molakalapundla
Andhra Pradesh,Sri Potti Sriramulu Nellore,Sydapuram,Munagapadu
Andhra Pradesh,Sri Potti Sriramulu Nellore,Sydapuram,Nalabotlapalle
Andhra Pradesh,Sri Potti Sriramulu Nellore,Sydapuram,Orupalle
Andhra Pradesh,Sri Potti Sriramulu Nellore,Sydapuram,Orupalle @ Turimerla
Andhra Pradesh,Sri Potti Sriramulu Nellore,Sydapuram,Palur
Andhra Pradesh,Sri Potti Sriramulu Nellore,Sydapuram,Pathallapalle
Andhra Pradesh,Sri Potti Sriramulu Nellore,Sydapuram,Perumallapadu
Andhra Pradesh,Sri Potti Sriramulu Nellore,Sydapuram,Pokkandala
Andhra Pradesh,Sri Potti Sriramulu Nellore,Sydapuram,Pothegunta
Andhra Pradesh,Sri Potti Sriramulu Nellore,Sydapuram,Raganaramapuram
Andhra Pradesh,Sri Potti Sriramulu Nellore,Sydapuram,Ramasagaram
Andhra Pradesh,Sri Potti Sriramulu Nellore,Sydapuram,Samudralavari Khandrika
Andhra Pradesh,Sri Potti Sriramulu Nellore,Sydapuram,Thimmanaramapuram
Andhra Pradesh,Sri Potti Sriramulu Nellore,Sydapuram,Thippireddipalle
Andhra Pradesh,Sri Potti Sriramulu Nellore,Sydapuram,Thokalapudi
Andhra Pradesh,Sri Potti Sriramulu Nellore,Sydapuram,Tocham
Andhra Pradesh,Sri Potti Sriramulu Nellore,Sydapuram,Utukur
Andhra Pradesh,Sri Potti Sriramulu Nellore,Sydapuram,Vemulachedu
Andhra Pradesh,Sri Potti Sriramulu Nellore,Thotapalligudur,Amulur (South)
Andhra Pradesh,Sri Potti Sriramulu Nellore,Thotapalligudur,Ananthapuram
Andhra Pradesh,Sri Potti Sriramulu Nellore,Thotapalligudur,Chinna Cherukur
Andhra Pradesh,Sri Potti Sriramulu Nellore,Thotapalligudur,Eduru - I
Andhra Pradesh,Sri Potti Sriramulu Nellore,Thotapalligudur,Eduru - II
Andhra Pradesh,Sri Potti Sriramulu Nellore,Thotapalligudur,Koduru-I
Andhra Pradesh,Sri Potti Sriramulu Nellore,Thotapalligudur,Koduru -Ii
Andhra Pradesh,Sri Potti Sriramulu Nellore,Thotapalligudur,Koduru Khandrika
Andhra Pradesh,Sri Potti Sriramulu Nellore,Thotapalligudur,Kothapalem
Andhra Pradesh,Sri Potti Sriramulu Nellore,Thotapalligudur,Mungaladoruvu
Andhra Pradesh,Sri Potti Sriramulu Nellore,Thotapalligudur,Narukur
Andhra Pradesh,Sri Potti Sriramulu Nellore,Thotapalligudur,Peduru
Andhra Pradesh,Sri Potti Sriramulu Nellore,Thotapalligudur,Potlapudi
Andhra Pradesh,Sri Potti Sriramulu Nellore,Thotapalligudur,Sivarampuram
Andhra Pradesh,Sri Potti Sriramulu Nellore,Thotapalligudur,Thotapalle
Andhra Pradesh,Sri Potti Sriramulu Nellore,Thotapalligudur,T.P.Gudur Bit-I
Andhra Pradesh,Sri Potti Sriramulu Nellore,Thotapalligudur,T.P.Gudur Bit-Ii
Andhra Pradesh,Sri Potti Sriramulu Nellore,Thotapalligudur,Varigonda
Andhra Pradesh,Sri Potti Sriramulu Nellore,Thotapalligudur,Venkanapalem
Andhra Pradesh,Sri Potti Sriramulu Nellore,Thotapalligudur,Vilukanipalle
Andhra Pradesh,Sri Potti Sriramulu Nellore,Udayagiri,Appasamudram
Andhra Pradesh,Sri Potti Sriramulu Nellore,Udayagiri,Arlapadiya
Andhra Pradesh,Sri Potti Sriramulu Nellore,Udayagiri,Bandaganipalle
Andhra Pradesh,Sri Potti Sriramulu Nellore,Udayagiri,Chowdepalle
Andhra Pradesh,Sri Potti Sriramulu Nellore,Udayagiri,Gandipalem
Andhra Pradesh,Sri Potti Sriramulu Nellore,Udayagiri,Gangulavari Cheruvu Palle
Andhra Pradesh,Sri Potti Sriramulu Nellore,Udayagiri,Gannepalle
Andhra Pradesh,Sri Potti Sriramulu Nellore,Udayagiri,Gudinarava
Andhra Pradesh,Sri Potti Sriramulu Nellore,Udayagiri,Kotayapalle
Andhra Pradesh,Sri Potti Sriramulu Nellore,Udayagiri,Krishnampalle
Andhra Pradesh,Sri Potti Sriramulu Nellore,Udayagiri,Kurrapalle
Andhra Pradesh,Sri Potti Sriramulu Nellore,Udayagiri,Pappulavaripalle
Andhra Pradesh,Sri Potti Sriramulu Nellore,Udayagiri,Pullayapalle
Andhra Pradesh,Sri Potti Sriramulu Nellore,Udayagiri,Sakunalapalle
Andhra Pradesh,Sri Potti Sriramulu Nellore,Udayagiri,Sunnamvarichintala
Andhra Pradesh,Sri Potti Sriramulu Nellore,Udayagiri,Thirumalapuram
Andhra Pradesh,Sri Potti Sriramulu Nellore,Udayagiri,Udayagiri @ Kondayapalem
Andhra Pradesh,Sri Potti Sriramulu Nellore,Ulavapadu,Atmakur
Andhra Pradesh,Sri Potti Sriramulu Nellore,Ulavapadu,Baddepudi
Andhra Pradesh,Sri Potti Sriramulu Nellore,Ulavapadu,Bheemavaram
Andhra Pradesh,Sri Potti Sriramulu Nellore,Ulavapadu,Chagallu
Andhra Pradesh,Sri Potti Sriramulu Nellore,Ulavapadu,Chaki Cherla
Andhra Pradesh,Sri Potti Sriramulu Nellore,Ulavapadu,Karedu
Andhra Pradesh,Sri Potti Sriramulu Nellore,Ulavapadu,Kollurupadu
Andhra Pradesh,Sri Potti Sriramulu Nellore,Ulavapadu,K.Rajupalem
Andhra Pradesh,Sri Potti Sriramulu Nellore,Ulavapadu,Krishnapuram
Andhra Pradesh,Sri Potti Sriramulu Nellore,Ulavapadu,Manneti Kota
Andhra Pradesh,Sri Potti Sriramulu Nellore,Ulavapadu,Ramayapatnam
Andhra Pradesh,Sri Potti Sriramulu Nellore,Ulavapadu,Veerepalle
Andhra Pradesh,Sri Potti Sriramulu Nellore,Varikuntapadu,Alivelumangapuram
Andhra Pradesh,Sri Potti Sriramulu Nellore,Varikuntapadu,Bhaskarapuram
Andhra Pradesh,Sri Potti Sriramulu Nellore,Varikuntapadu,Bongaravulapadu
Andhra Pradesh,Sri Potti Sriramulu Nellore,Varikuntapadu,Dakkanur
Andhra Pradesh,Sri Potti Sriramulu Nellore,Varikuntapadu,Damancherla
Andhra Pradesh,Sri Potti Sriramulu Nellore,Varikuntapadu,Ganeswarapuram
Andhra Pradesh,Sri Potti Sriramulu Nellore,Varikuntapadu,Gollapalle
Andhra Pradesh,Sri Potti Sriramulu Nellore,Varikuntapadu,Guvvadi
Andhra Pradesh,Sri Potti Sriramulu Nellore,Varikuntapadu,Iskapalli
Andhra Pradesh,Sri Potti Sriramulu Nellore,Varikuntapadu,Jadadevi
Andhra Pradesh,Sri Potti Sriramulu Nellore,Varikuntapadu,Kancheruvu
Andhra Pradesh,Sri Potti Sriramulu Nellore,Varikuntapadu,Kaniampadu
Andhra Pradesh,Sri Potti Sriramulu Nellore,Varikuntapadu,Kondayapalem
Andhra Pradesh,Sri Potti Sriramulu Nellore,Varikuntapadu,Mohammadapuram
Andhra Pradesh,Sri Potti Sriramulu Nellore,Varikuntapadu,Narasimhapuram
Andhra Pradesh,Sri Potti Sriramulu Nellore,Varikuntapadu,Pamurupalle
Andhra Pradesh,Sri Potti Sriramulu Nellore,Varikuntapadu,Peddireddipalle
Andhra Pradesh,Sri Potti Sriramulu Nellore,Varikuntapadu,Ramadevulapadu
Andhra Pradesh,Sri Potti Sriramulu Nellore,Varikuntapadu,Thodugupalle
Andhra Pradesh,Sri Potti Sriramulu Nellore,Varikuntapadu,Thotalacheruvupalle
Andhra Pradesh,Sri Potti Sriramulu Nellore,Varikuntapadu,Thurpu Boyamadugula
Andhra Pradesh,Sri Potti Sriramulu Nellore,Varikuntapadu,Thurpu Chennampalle
Andhra Pradesh,Sri Potti Sriramulu Nellore,Varikuntapadu,Thurpupalem
Andhra Pradesh,Sri Potti Sriramulu Nellore,Varikuntapadu,Turpurompidodla
Andhra Pradesh,Sri Potti Sriramulu Nellore,Varikuntapadu,Varikuntapadu
Andhra Pradesh,Sri Potti Sriramulu Nellore,Varikuntapadu,Vempadu
Andhra Pradesh,Sri Potti Sriramulu Nellore,Varikuntapadu,Viruvooru
Andhra Pradesh,Sri Potti Sriramulu Nellore,Varikuntapadu,Yerramreddipalle
Andhra Pradesh,Sri Potti Sriramulu Nellore,Venkatachalam,Anikepalle
Andhra Pradesh,Sri Potti Sriramulu Nellore,Venkatachalam,Edagali
Andhra Pradesh,Sri Potti Sriramulu Nellore,Venkatachalam,Epuru Bit - II (G V R Palem)
Andhra Pradesh,Sri Potti Sriramulu Nellore,Venkatachalam,Idimepalle
Andhra Pradesh,Sri Potti Sriramulu Nellore,Venkatachalam,Kakuturu
Andhra Pradesh,Sri Potti Sriramulu Nellore,Venkatachalam,Kandalapadu
Andhra Pradesh,Sri Potti Sriramulu Nellore,Venkatachalam,Kantepalle
Andhra Pradesh,Sri Potti Sriramulu Nellore,Venkatachalam,Kanupur Bit-Ii @ Chowtapalem
Andhra Pradesh,Sri Potti Sriramulu Nellore,Venkatachalam,Kanupuru Bit - I
Andhra Pradesh,Sri Potti Sriramulu Nellore,Venkatachalam,Kasumuru
Andhra Pradesh,Sri Potti Sriramulu Nellore,Venkatachalam,Kumkumpudi
Andhra Pradesh,Sri Potti Sriramulu Nellore,Venkatachalam,Kuricherlapadu
Andhra Pradesh,Sri Potti Sriramulu Nellore,Venkatachalam,Nagulavaram
Andhra Pradesh,Sri Potti Sriramulu Nellore,Venkatachalam,Palicherlapadu
Andhra Pradesh,Sri Potti Sriramulu Nellore,Venkatachalam,Pudiparthi
Andhra Pradesh,Sri Potti Sriramulu Nellore,Venkatachalam,Punjulurupadu
Andhra Pradesh,Sri Potti Sriramulu Nellore,Venkatachalam,Survepalle Bit-I
Andhra Pradesh,Sri Potti Sriramulu Nellore,Venkatachalam,Survepalle Bit – II
Andhra Pradesh,Sri Potti Sriramulu Nellore,Venkatachalam,Survepalle-Iii @ Iskapalem
Andhra Pradesh,Sri Potti Sriramulu Nellore,Venkatachalam,Survepalle-Iv @ N.G.Palem
Andhra Pradesh,Sri Potti Sriramulu Nellore,Vidavalur,Alaganipadu
Andhra Pradesh,Sri Potti Sriramulu Nellore,Vidavalur,Chowkacherla
Andhra Pradesh,Sri Potti Sriramulu Nellore,Vidavalur,Dampuru
Andhra Pradesh,Sri Potti Sriramulu Nellore,Vidavalur,Dandigunta
Andhra Pradesh,Sri Potti Sriramulu Nellore,Vidavalur,Mudivarthi
Andhra Pradesh,Sri Potti Sriramulu Nellore,Vidavalur,Parlapalle
Andhra Pradesh,Sri Potti Sriramulu Nellore,Vidavalur,Utukuru
Andhra Pradesh,Sri Potti Sriramulu Nellore,Vidavalur,Varini
Andhra Pradesh,Sri Potti Sriramulu Nellore,Vidavalur,Vavilla
Andhra Pradesh,Sri Potti Sriramulu Nellore,Vidavalur,Vidavalur
Andhra Pradesh,Sri Potti Sriramulu Nellore,Vinjamur,Bukkapuram
Andhra Pradesh,Sri Potti Sriramulu Nellore,Vinjamur,Chakalakonda
Andhra Pradesh,Sri Potti Sriramulu Nellore,Vinjamur,Chandrapadia
Andhra Pradesh,Sri Potti Sriramulu Nellore,Vinjamur,Chinthalapalem
Andhra Pradesh,Sri Potti Sriramulu Nellore,Vinjamur,Gundemadakala
Andhra Pradesh,Sri Potti Sriramulu Nellore,Vinjamur,Janardhanapuram
Andhra Pradesh,Sri Potti Sriramulu Nellore,Vinjamur,Katepalle
Andhra Pradesh,Sri Potti Sriramulu Nellore,Vinjamur,Kistipuram
Andhra Pradesh,Sri Potti Sriramulu Nellore,Vinjamur,Nallagonda
Andhra Pradesh,Sri Potti Sriramulu Nellore,Vinjamur,Nandigunta
Andhra Pradesh,Sri Potti Sriramulu Nellore,Vinjamur,Ravipadu
Andhra Pradesh,Sri Potti Sriramulu Nellore,Vinjamur,Sankavaram
Andhra Pradesh,Sri Potti Sriramulu Nellore,Vinjamur,Thamidapadu
Andhra Pradesh,Sri Potti Sriramulu Nellore,Vinjamur,Utukuru
Andhra Pradesh,Sri Potti Sriramulu Nellore,Vinjamur,Vinjamur
Andhra Pradesh,Sri Potti Sriramulu Nellore,Voletivaripalem,Ayyavaripalle
Andhra Pradesh,Sri Potti Sriramulu Nellore,Voletivaripalem,Chundi
Andhra Pradesh,Sri Potti Sriramulu Nellore,Voletivaripalem,East Polineni Palem
Andhra Pradesh,Sri Potti Sriramulu Nellore,Voletivaripalem,Kakutur
Andhra Pradesh,Sri Potti Sriramulu Nellore,Voletivaripalem,Kalavalla
Andhra Pradesh,Sri Potti Sriramulu Nellore,Voletivaripalem,Kalidasuvari Kandrika
Andhra Pradesh,Sri Potti Sriramulu Nellore,Voletivaripalem,Kondareddipalem
Andhra Pradesh,Sri Potti Sriramulu Nellore,Voletivaripalem,Kondasamudram
Andhra Pradesh,Sri Potti Sriramulu Nellore,Voletivaripalem,Naladalapur
Andhra Pradesh,Sri Potti Sriramulu Nellore,Voletivaripalem,Nawabpalem
Andhra Pradesh,Sri Potti Sriramulu Nellore,Voletivaripalem,Nekunam Puram K.Kandrika
Andhra Pradesh,Sri Potti Sriramulu Nellore,Voletivaripalem,Nekunampuram @ Pokur
Andhra Pradesh,Sri Potti Sriramulu Nellore,Voletivaripalem,Nukavaram
Andhra Pradesh,Sri Potti Sriramulu Nellore,Voletivaripalem,Polineni Cheruvu
Andhra Pradesh,Sri Potti Sriramulu Nellore,Voletivaripalem,Ramachandrapuram
Andhra Pradesh,Sri Potti Sriramulu Nellore,Voletivaripalem,Ramalingapuram
Andhra Pradesh,Sri Potti Sriramulu Nellore,Voletivaripalem,Sakhavaram
Andhra Pradesh,Sri Potti Sriramulu Nellore,Voletivaripalem,Sameerapalem
Andhra Pradesh,Sri Potti Sriramulu Nellore,Voletivaripalem,Singamnenipalle
Andhra Pradesh,Sri Potti Sriramulu Nellore,Voletivaripalem,Veeranna Palem
Andhra Pradesh,Sri Potti Sriramulu Nellore,Voletivaripalem,Voletivaripalem
Andhra Pradesh,Sri Potti Sriramulu Nellore,Voletivaripalem,Z.Uppalapadu
Andhra Pradesh,Sri Sathya Sai,Agali,Agali
Andhra Pradesh,Sri Sathya Sai,Agali,Akkagaladevarahalli
Andhra Pradesh,Sri Sathya Sai,Agali,Hulikeradevarahalli
Andhra Pradesh,Sri Sathya Sai,Agali,Inagalore
Andhra Pradesh,Sri Sathya Sai,Agali,Kodihalli
Andhra Pradesh,Sri Sathya Sai,Agali,Madhudi
Andhra Pradesh,Sri Sathya Sai,Agali,Narasambudi
Andhra Pradesh,Sri Sathya Sai,Agali,P. Byadigera
Andhra Pradesh,Sri Sathya Sai,Agali,Ravudi
Andhra Pradesh,Sri Sathya Sai,Amadagur,Amadagur
Andhra Pradesh,Sri Sathya Sai,Amadagur,Cheekirevulapalle
Andhra Pradesh,Sri Sathya Sai,Amadagur,Chinaganipalle
Andhra Pradesh,Sri Sathya Sai,Amadagur,Dademvaripalle
Andhra Pradesh,Sri Sathya Sai,Amadagur,Edigavaripalle
Andhra Pradesh,Sri Sathya Sai,Amadagur,Gadidamvaripalle
Andhra Pradesh,Sri Sathya Sai,Amadagur,Jowkalakothapalle
Andhra Pradesh,Sri Sathya Sai,Amadagur,Karinireddipalle
Andhra Pradesh,Sri Sathya Sai,Amadagur,Kassamudram
Andhra Pradesh,Sri Sathya Sai,Amadagur,Lokojipalle
Andhra Pradesh,Sri Sathya Sai,Amadagur,Mohammadabad
Andhra Pradesh,Sri Sathya Sai,Amadagur,Pulikuntlapalle
Andhra Pradesh,Sri Sathya Sai,Amadagur,Ramanathapuram
Andhra Pradesh,Sri Sathya Sai,Amadagur,S.Kuruvapalle
Andhra Pradesh,Sri Sathya Sai,Amadagur,Thummala
Andhra Pradesh,Sri Sathya Sai,Amarapuram,Amarapuram
Andhra Pradesh,Sri Sathya Sai,Amarapuram,Basavanahalli
Andhra Pradesh,Sri Sathya Sai,Amarapuram,Halukuru
Andhra Pradesh,Sri Sathya Sai,Amarapuram,Hemavathi
Andhra Pradesh,Sri Sathya Sai,Amarapuram,Nidragatta
Andhra Pradesh,Sri Sathya Sai,Amarapuram,Sivaram
Andhra Pradesh,Sri Sathya Sai,Amarapuram,Thammadehalli
Andhra Pradesh,Sri Sathya Sai,Amarapuram,Valasa
Andhra Pradesh,Sri Sathya Sai,Amarapuram,Veerabommana Halli
Andhra Pradesh,Sri Sathya Sai,Bathalapalli,Apparacheruvu
Andhra Pradesh,Sri Sathya Sai,Bathalapalli,Bathalapalle
Andhra Pradesh,Sri Sathya Sai,Bathalapalli,Chennarayapatnam
Andhra Pradesh,Sri Sathya Sai,Bathalapalli,Dampetla
Andhra Pradesh,Sri Sathya Sai,Bathalapalli,D.Cherlopalle
Andhra Pradesh,Sri Sathya Sai,Bathalapalli,Edula Mustur
Andhra Pradesh,Sri Sathya Sai,Bathalapalli,Gariselapalle
Andhra Pradesh,Sri Sathya Sai,Bathalapalli,Malyavantham
Andhra Pradesh,Sri Sathya Sai,Bathalapalli,Obulapuram
Andhra Pradesh,Sri Sathya Sai,Bathalapalli,Raghavampalle
Andhra Pradesh,Sri Sathya Sai,Bathalapalli,Sangala
Andhra Pradesh,Sri Sathya Sai,Bukkapatnam,Agraharam
Andhra Pradesh,Sri Sathya Sai,Bukkapatnam,Bukkapatnam
Andhra Pradesh,Sri Sathya Sai,Bukkapatnam,Gunipalle
Andhra Pradesh,Sri Sathya Sai,Bukkapatnam,Kothakota
Andhra Pradesh,Sri Sathya Sai,Bukkapatnam,Krishnapuram
Andhra Pradesh,Sri Sathya Sai,Bukkapatnam,Marala
Andhra Pradesh,Sri Sathya Sai,Bukkapatnam,Pamudurthi
Andhra Pradesh,Sri Sathya Sai,Bukkapatnam,Siddarampuram
Andhra Pradesh,Sri Sathya Sai,Chennekothapalli,Bramhanapalle
Andhra Pradesh,Sri Sathya Sai,Chennekothapalli,Chennekothapalle
Andhra Pradesh,Sri Sathya Sai,Chennekothapalli,Ganginepalle
Andhra Pradesh,Sri Sathya Sai,Chennekothapalli,Kanumukkala
Andhra Pradesh,Sri Sathya Sai,Chennekothapalli,Medapuram
Andhra Pradesh,Sri Sathya Sai,Chennekothapalli,Mustikovila
Andhra Pradesh,Sri Sathya Sai,Chennekothapalli,Nagasamudram
Andhra Pradesh,Sri Sathya Sai,Chennekothapalli,Nyamaddala
Andhra Pradesh,Sri Sathya Sai,Chennekothapalli,Poletipalle
Andhra Pradesh,Sri Sathya Sai,Chennekothapalli,Pyadindi
Andhra Pradesh,Sri Sathya Sai,Chennekothapalli,Veldurthi
Andhra Pradesh,Sri Sathya Sai,Chilamathur,Chagaluru
Andhra Pradesh,Sri Sathya Sai,Chilamathur,Chilamathur
Andhra Pradesh,Sri Sathya Sai,Chilamathur,Chowdireddipalle
Andhra Pradesh,Sri Sathya Sai,Chilamathur,Demakethepalle
Andhra Pradesh,Sri Sathya Sai,Chilamathur,Gandladinne
Andhra Pradesh,Sri Sathya Sai,Chilamathur,Hussainpuram
Andhra Pradesh,Sri Sathya Sai,Chilamathur,Kambaladinne
Andhra Pradesh,Sri Sathya Sai,Chilamathur,Kanugamakulapalle
Andhra Pradesh,Sri Sathya Sai,Chilamathur,Kodikonda
Andhra Pradesh,Sri Sathya Sai,Chilamathur,Kodur
Andhra Pradesh,Sri Sathya Sai,Chilamathur,Marrimakulapalle
Andhra Pradesh,Sri Sathya Sai,Chilamathur,Morasalapalle
Andhra Pradesh,Sri Sathya Sai,Chilamathur,Muddireddipalle
Andhra Pradesh,Sri Sathya Sai,Chilamathur,Naremuddapalle
Andhra Pradesh,Sri Sathya Sai,Chilamathur,Settipalle
Andhra Pradesh,Sri Sathya Sai,Chilamathur,Somaghatta
Andhra Pradesh,Sri Sathya Sai,Chilamathur,Subbaraopet
Andhra Pradesh,Sri Sathya Sai,Chilamathur,Tekulodu
Andhra Pradesh,Sri Sathya Sai,Chilamathur,Veerapuram
Andhra Pradesh,Sri Sathya Sai,Chilamathur,Yagnisettipalle
Andhra Pradesh,Sri Sathya Sai,Chilamathur,Yerrasingepalle
Andhra Pradesh,Sri Sathya Sai,Dharmavaram,Buddareddipalle
Andhra Pradesh,Sri Sathya Sai,Dharmavaram,Chigicherla
Andhra Pradesh,Sri Sathya Sai,Dharmavaram,Darsimala
Andhra Pradesh,Sri Sathya Sai,Dharmavaram,Dharmavaram
Andhra Pradesh,Sri Sathya Sai,Dharmavaram,Elukuntla
Andhra Pradesh,Sri Sathya Sai,Dharmavaram,Gotlur
Andhra Pradesh,Sri Sathya Sai,Dharmavaram,Kunuthuru (R)
Andhra Pradesh,Sri Sathya Sai,Dharmavaram,Mallakalva
Andhra Pradesh,Sri Sathya Sai,Dharmavaram,Nelakota
Andhra Pradesh,Sri Sathya Sai,Dharmavaram,Pothulanagepalle
Andhra Pradesh,Sri Sathya Sai,Dharmavaram,Ravulacheruvu
Andhra Pradesh,Sri Sathya Sai,Dharmavaram,Regatipalle
Andhra Pradesh,Sri Sathya Sai,Dharmavaram,Subbaraopeta
Andhra Pradesh,Sri Sathya Sai,Dharmavaram,Thummala
Andhra Pradesh,Sri Sathya Sai,Gandlapenta,Chamachenubylu
Andhra Pradesh,Sri Sathya Sai,Gandlapenta,Chamalagondi
Andhra Pradesh,Sri Sathya Sai,Gandlapenta,Gandlapenta
Andhra Pradesh,Sri Sathya Sai,Gandlapenta,Godduvelagala
Andhra Pradesh,Sri Sathya Sai,Gandlapenta,Jeenulakunta
Andhra Pradesh,Sri Sathya Sai,Gandlapenta,Kamathampalle
Andhra Pradesh,Sri Sathya Sai,Gandlapenta,Kurumamidi
Andhra Pradesh,Sri Sathya Sai,Gandlapenta,Maddivarigondi
Andhra Pradesh,Sri Sathya Sai,Gandlapenta,Maduguvanigondi
Andhra Pradesh,Sri Sathya Sai,Gandlapenta,Malameedapalle
Andhra Pradesh,Sri Sathya Sai,Gandlapenta,Somayajulapalle
Andhra Pradesh,Sri Sathya Sai,Gandlapenta,Thummalabylu
Andhra Pradesh,Sri Sathya Sai,Gandlapenta,Veparala
Andhra Pradesh,Sri Sathya Sai,Gorantla,Bayanakuntapalle
Andhra Pradesh,Sri Sathya Sai,Gorantla,Boyalapalle
Andhra Pradesh,Sri Sathya Sai,Gorantla,Budili
Andhra Pradesh,Sri Sathya Sai,Gorantla,Buganipalle
Andhra Pradesh,Sri Sathya Sai,Gorantla,Devulacheruvu
Andhra Pradesh,Sri Sathya Sai,Gorantla,Gangampalle
Andhra Pradesh,Sri Sathya Sai,Gorantla,Gorantla
Andhra Pradesh,Sri Sathya Sai,Gorantla,Gowrivaripalle
Andhra Pradesh,Sri Sathya Sai,Gorantla,Jakkasamudram
Andhra Pradesh,Sri Sathya Sai,Gorantla,Jowkuledudinne
Andhra Pradesh,Sri Sathya Sai,Gorantla,Kammavaripalle
Andhra Pradesh,Sri Sathya Sai,Gorantla,Katepalle
Andhra Pradesh,Sri Sathya Sai,Gorantla,Mallapalle
Andhra Pradesh,Sri Sathya Sai,Gorantla,Mandalapalle
Andhra Pradesh,Sri Sathya Sai,Gorantla,Maredipalle
Andhra Pradesh,Sri Sathya Sai,Gorantla,Obulapuram
Andhra Pradesh,Sri Sathya Sai,Gorantla,Palasamudram
Andhra Pradesh,Sri Sathya Sai,Gorantla,Puleru
Andhra Pradesh,Sri Sathya Sai,Gorantla,Ragimakulapalle
Andhra Pradesh,Sri Sathya Sai,Gorantla,Vadigepalle
Andhra Pradesh,Sri Sathya Sai,Gorantla,Vanavolu
Andhra Pradesh,Sri Sathya Sai,Gudibanda,Chigathurpi
Andhra Pradesh,Sri Sathya Sai,Gudibanda,Gudibanda
Andhra Pradesh,Sri Sathya Sai,Gudibanda,Gunimorubagal
Andhra Pradesh,Sri Sathya Sai,Gudibanda,Karikera
Andhra Pradesh,Sri Sathya Sai,Gudibanda,Kekathi
Andhra Pradesh,Sri Sathya Sai,Gudibanda,Konkallu
Andhra Pradesh,Sri Sathya Sai,Gudibanda,Kumbaranagehalli
Andhra Pradesh,Sri Sathya Sai,Gudibanda,Mandalahalli
Andhra Pradesh,Sri Sathya Sai,Gudibanda,Morubagal
Andhra Pradesh,Sri Sathya Sai,Gudibanda,Muthukur
Andhra Pradesh,Sri Sathya Sai,Gudibanda,Pillenahalli
Andhra Pradesh,Sri Sathya Sai,Gudibanda,Rallahalli
Andhra Pradesh,Sri Sathya Sai,Gudibanda,S.Rayapuram
Andhra Pradesh,Sri Sathya Sai,Hindupur,Bevina Halli
Andhra Pradesh,Sri Sathya Sai,Hindupur,Chalivendala
Andhra Pradesh,Sri Sathya Sai,Hindupur,Chowlur
Andhra Pradesh,Sri Sathya Sai,Hindupur,Devarapalle
Andhra Pradesh,Sri Sathya Sai,Hindupur,Gollapuram
Andhra Pradesh,Sri Sathya Sai,Hindupur,Hindupur
Andhra Pradesh,Sri Sathya Sai,Hindupur,Kirikera
Andhra Pradesh,Sri Sathya Sai,Hindupur,Kotipi
Andhra Pradesh,Sri Sathya Sai,Hindupur,Kotnur
Andhra Pradesh,Sri Sathya Sai,Hindupur,Maluguru
Andhra Pradesh,Sri Sathya Sai,Hindupur,Manesamudram
Andhra Pradesh,Sri Sathya Sai,Hindupur,Nakkalapalle
Andhra Pradesh,Sri Sathya Sai,Hindupur,Santhebidanur
Andhra Pradesh,Sri Sathya Sai,Hindupur,Sreekanthapuram (R)
Andhra Pradesh,Sri Sathya Sai,Hindupur,Thumukunta
Andhra Pradesh,Sri Sathya Sai,Hindupur,Thungepalle
Andhra Pradesh,Sri Sathya Sai,Kadiri,Alampur
Andhra Pradesh,Sri Sathya Sai,Kadiri,Bathalapalle
Andhra Pradesh,Sri Sathya Sai,Kadiri,Chalamakuntapalle
Andhra Pradesh,Sri Sathya Sai,Kadiri,Chippalamadugu
Andhra Pradesh,Sri Sathya Sai,Kadiri,Kadiri Brahmanapalle
Andhra Pradesh,Sri Sathya Sai,Kadiri,Kadirikuntlapalle
Andhra Pradesh,Sri Sathya Sai,Kadiri,Kadiri (R)
Andhra Pradesh,Sri Sathya Sai,Kadiri,Kalasamudram
Andhra Pradesh,Sri Sathya Sai,Kadiri,Kondamanayanipalem
Andhra Pradesh,Sri Sathya Sai,Kadiri,Kowlepalle
Andhra Pradesh,Sri Sathya Sai,Kadiri,Kutagulla
Andhra Pradesh,Sri Sathya Sai,Kadiri,Motukapalle
Andhra Pradesh,Sri Sathya Sai,Kadiri,Muthyalacheruvu
Andhra Pradesh,Sri Sathya Sai,Kadiri,Pandulakunta
Andhra Pradesh,Sri Sathya Sai,Kadiri,Patnam
Andhra Pradesh,Sri Sathya Sai,Kadiri,Saidapuram
Andhra Pradesh,Sri Sathya Sai,Kadiri,Yeguvapalle
Andhra Pradesh,Sri Sathya Sai,Kadiri,Yerradoddi
Andhra Pradesh,Sri Sathya Sai,Kanaganipalli,Dadalur
Andhra Pradesh,Sri Sathya Sai,Kanaganipalli,Elakkuntla
Andhra Pradesh,Sri Sathya Sai,Kanaganipalli,Kanaganapalle
Andhra Pradesh,Sri Sathya Sai,Kanaganipalli,Konetinayanipalyam
Andhra Pradesh,Sri Sathya Sai,Kanaganipalli,Maddalacheruvu
Andhra Pradesh,Sri Sathya Sai,Kanaganipalli,Mukthapuram
Andhra Pradesh,Sri Sathya Sai,Kanaganipalli,Muthavakuntla
Andhra Pradesh,Sri Sathya Sai,Kanaganipalli,Narasampalle
Andhra Pradesh,Sri Sathya Sai,Kanaganipalli,Thogarakunta
Andhra Pradesh,Sri Sathya Sai,Kanaganipalli,Thumucherla
Andhra Pradesh,Sri Sathya Sai,Kothacheruvu,Bandlapalle
Andhra Pradesh,Sri Sathya Sai,Kothacheruvu,Byrapuram
Andhra Pradesh,Sri Sathya Sai,Kothacheruvu,Iragampalle
Andhra Pradesh,Sri Sathya Sai,Kothacheruvu,Kadirepalle
Andhra Pradesh,Sri Sathya Sai,Kothacheruvu,Kadiridevarapalle
Andhra Pradesh,Sri Sathya Sai,Kothacheruvu,Kanisettipalle
Andhra Pradesh,Sri Sathya Sai,Kothacheruvu,Kesapuram
Andhra Pradesh,Sri Sathya Sai,Kothacheruvu,K.Locharla
Andhra Pradesh,Sri Sathya Sai,Kothacheruvu,Kodapaganipalle
Andhra Pradesh,Sri Sathya Sai,Kothacheruvu,Kothacheruvu
Andhra Pradesh,Sri Sathya Sai,Kothacheruvu,Kothapalle
Andhra Pradesh,Sri Sathya Sai,Kothacheruvu,Lingareddipalle
Andhra Pradesh,Sri Sathya Sai,Kothacheruvu,Marakuntapalle
Andhra Pradesh,Sri Sathya Sai,Kothacheruvu,Mylasamudram
Andhra Pradesh,Sri Sathya Sai,Kothacheruvu,Narepalle
Andhra Pradesh,Sri Sathya Sai,Kothacheruvu,Pakeerupalle
Andhra Pradesh,Sri Sathya Sai,Kothacheruvu,Pothulakunta
Andhra Pradesh,Sri Sathya Sai,Kothacheruvu,Talamarla
Andhra Pradesh,Sri Sathya Sai,Kothacheruvu,Thippa Batlapalle
Andhra Pradesh,Sri Sathya Sai,Kothacheruvu,Tirumaladevarapalle
Andhra Pradesh,Sri Sathya Sai,Kothacheruvu,Vangampalle
Andhra Pradesh,Sri Sathya Sai,Kothacheruvu,Vemuletipalle
Andhra Pradesh,Sri Sathya Sai,Kothacheruvu,Virupapuram
Andhra Pradesh,Sri Sathya Sai,Lepakshi,Cholasamudram
Andhra Pradesh,Sri Sathya Sai,Lepakshi,Kallur
Andhra Pradesh,Sri Sathya Sai,Lepakshi,Kanchisamudram
Andhra Pradesh,Sri Sathya Sai,Lepakshi,Kodihalli
Andhra Pradesh,Sri Sathya Sai,Lepakshi,Kondur
Andhra Pradesh,Sri Sathya Sai,Lepakshi,Lepakshi
Andhra Pradesh,Sri Sathya Sai,Lepakshi,Manepalle
Andhra Pradesh,Sri Sathya Sai,Lepakshi,Mydugolam
Andhra Pradesh,Sri Sathya Sai,Lepakshi,Pulamathi
Andhra Pradesh,Sri Sathya Sai,Lepakshi,Sirivaram
Andhra Pradesh,Sri Sathya Sai,Madakasira,Amidalagondi
Andhra Pradesh,Sri Sathya Sai,Madakasira,Bullasamudram
Andhra Pradesh,Sri Sathya Sai,Madakasira,Chandakacherela
Andhra Pradesh,Sri Sathya Sai,Madakasira,Chathram
Andhra Pradesh,Sri Sathya Sai,Madakasira,C.Kodigepalle
Andhra Pradesh,Sri Sathya Sai,Madakasira,Govindapuram
Andhra Pradesh,Sri Sathya Sai,Madakasira,Gowdanahalli
Andhra Pradesh,Sri Sathya Sai,Madakasira,Haresamudram
Andhra Pradesh,Sri Sathya Sai,Madakasira,Jadrahalli
Andhra Pradesh,Sri Sathya Sai,Madakasira,Kallumarri
Andhra Pradesh,Sri Sathya Sai,Madakasira,Karesankanahalli
Andhra Pradesh,Sri Sathya Sai,Madakasira,Kothalam
Andhra Pradesh,Sri Sathya Sai,Madakasira,Madakasira
Andhra Pradesh,Sri Sathya Sai,Madakasira,Mallinayakanahalli
Andhra Pradesh,Sri Sathya Sai,Madakasira,Manur
Andhra Pradesh,Sri Sathya Sai,Madakasira,Melavoi
Andhra Pradesh,Sri Sathya Sai,Madakasira,R. Anantapuram
Andhra Pradesh,Sri Sathya Sai,Madakasira,Tirumaladevarahalli
Andhra Pradesh,Sri Sathya Sai,Madakasira,Upparlahalli
Andhra Pradesh,Sri Sathya Sai,Madakasira,Yerrabommanahalli
Andhra Pradesh,Sri Sathya Sai,Mudigubba,Brahmadevaramarri
Andhra Pradesh,Sri Sathya Sai,Mudigubba,Budanampalle
Andhra Pradesh,Sri Sathya Sai,Mudigubba,Chagapuram
Andhra Pradesh,Sri Sathya Sai,Mudigubba,Chinnakotla
Andhra Pradesh,Sri Sathya Sai,Mudigubba,Devaragudipalle
Andhra Pradesh,Sri Sathya Sai,Mudigubba,Dorigallu
Andhra Pradesh,Sri Sathya Sai,Mudigubba,Ellareddipalle
Andhra Pradesh,Sri Sathya Sai,Mudigubba,Gandlavandlapalle
Andhra Pradesh,Sri Sathya Sai,Mudigubba,Gunjepalle
Andhra Pradesh,Sri Sathya Sai,Mudigubba,Jonnalakothapalle
Andhra Pradesh,Sri Sathya Sai,Mudigubba,Kodavandlapalle
Andhra Pradesh,Sri Sathya Sai,Mudigubba,Kondagattupalle
Andhra Pradesh,Sri Sathya Sai,Mudigubba,Malakavemula
Andhra Pradesh,Sri Sathya Sai,Mudigubba,Mallepalle
Andhra Pradesh,Sri Sathya Sai,Mudigubba,Mangalamadaka
Andhra Pradesh,Sri Sathya Sai,Mudigubba,Marthadu
Andhra Pradesh,Sri Sathya Sai,Mudigubba,Mukthapuram
Andhra Pradesh,Sri Sathya Sai,Mudigubba,Nagareddipalle
Andhra Pradesh,Sri Sathya Sai,Mudigubba,Nakkalagutta Palle
Andhra Pradesh,Sri Sathya Sai,Mudigubba,Peddachigullarevu
Andhra Pradesh,Sri Sathya Sai,Mudigubba,Sanevaripalle
Andhra Pradesh,Sri Sathya Sai,Mudigubba,Sankepalle
Andhra Pradesh,Sri Sathya Sai,Mudigubba,Sankepalle Brahmanapalle
Andhra Pradesh,Sri Sathya Sai,Mudigubba,S.Bandlapalle
Andhra Pradesh,Sri Sathya Sai,Mudigubba,Thappetavaripalle
Andhra Pradesh,Sri Sathya Sai,Mudigubba,Thimmanayanipalem
Andhra Pradesh,Sri Sathya Sai,Mudigubba,Uppalapadu
Andhra Pradesh,Sri Sathya Sai,Nallachervu,Allugundu
Andhra Pradesh,Sri Sathya Sai,Nallachervu,Jogannapeta
Andhra Pradesh,Sri Sathya Sai,Nallachervu,Kadiripulakunta
Andhra Pradesh,Sri Sathya Sai,Nallachervu,Maddimadugu
Andhra Pradesh,Sri Sathya Sai,Nallachervu,Nallacheruvu
Andhra Pradesh,Sri Sathya Sai,Nallachervu,Oravoy
Andhra Pradesh,Sri Sathya Sai,Nallachervu,Panthulacheruvu
Andhra Pradesh,Sri Sathya Sai,Nallachervu,S.Mulakalapalle
Andhra Pradesh,Sri Sathya Sai,Nallachervu,Talamarlavandla Palle
Andhra Pradesh,Sri Sathya Sai,Nallachervu,Tavalamarri
Andhra Pradesh,Sri Sathya Sai,Nallachervu,Ubicherla
Andhra Pradesh,Sri Sathya Sai,Nallamada,Charupalle
Andhra Pradesh,Sri Sathya Sai,Nallamada,Chowtakuntapalle
Andhra Pradesh,Sri Sathya Sai,Nallamada,Donnikota
Andhra Pradesh,Sri Sathya Sai,Nallamada,Gopepalle
Andhra Pradesh,Sri Sathya Sai,Nallamada,Kurumala
Andhra Pradesh,Sri Sathya Sai,Nallamada,Nallamada
Andhra Pradesh,Sri Sathya Sai,Nallamada,Pulagampalle
Andhra Pradesh,Sri Sathya Sai,Nallamada,Reddipalle
Andhra Pradesh,Sri Sathya Sai,Nallamada,Vankarakunta
Andhra Pradesh,Sri Sathya Sai,Nallamada,Vellamaddi
Andhra Pradesh,Sri Sathya Sai,Nambulapulakunta,Dhaniyanicheruvu
Andhra Pradesh,Sri Sathya Sai,Nambulapulakunta,Edurudona
Andhra Pradesh,Sri Sathya Sai,Nambulapulakunta,Gootibylu
Andhra Pradesh,Sri Sathya Sai,Nambulapulakunta,Gowkanapalle
Andhra Pradesh,Sri Sathya Sai,Nambulapulakunta,Marrikommadinne
Andhra Pradesh,Sri Sathya Sai,Nambulapulakunta,Mekalacheruvu
Andhra Pradesh,Sri Sathya Sai,Nambulapulakunta,Mudupalajuvi
Andhra Pradesh,Sri Sathya Sai,Nambulapulakunta,Nambulipulikunta
Andhra Pradesh,Sri Sathya Sai,Nambulapulakunta,Pedaballi
Andhra Pradesh,Sri Sathya Sai,Nambulapulakunta,Pedaballikothapalle
Andhra Pradesh,Sri Sathya Sai,Nambulapulakunta,Vankamaddi
Andhra Pradesh,Sri Sathya Sai,Nambulapulakunta,Velichelimala
Andhra Pradesh,Sri Sathya Sai,Obuladevaracheruvu,Allapalle
Andhra Pradesh,Sri Sathya Sai,Obuladevaracheruvu,Arkabhavipalle
Andhra Pradesh,Sri Sathya Sai,Obuladevaracheruvu,Daburuvaripalle
Andhra Pradesh,Sri Sathya Sai,Obuladevaracheruvu,Inagalur
Andhra Pradesh,Sri Sathya Sai,Obuladevaracheruvu,Kondakamarla
Andhra Pradesh,Sri Sathya Sai,Obuladevaracheruvu,Mukkandlavarikothapalle
Andhra Pradesh,Sri Sathya Sai,Obuladevaracheruvu,Narasambhotlapalle
Andhra Pradesh,Sri Sathya Sai,Obuladevaracheruvu,Obuladevaracheruvu
Andhra Pradesh,Sri Sathya Sai,Obuladevaracheruvu,Sunnampalle
Andhra Pradesh,Sri Sathya Sai,Obuladevaracheruvu,Tangedukunta
Andhra Pradesh,Sri Sathya Sai,Obuladevaracheruvu,Thippepalle
Andhra Pradesh,Sri Sathya Sai,Obuladevaracheruvu,Thummalakuntla Palle
Andhra Pradesh,Sri Sathya Sai,Obuladevaracheruvu,Veeraobanapalle
Andhra Pradesh,Sri Sathya Sai,Obuladevaracheruvu,Venkatapuram
Andhra Pradesh,Sri Sathya Sai,Parigi,Bandarlapalle
Andhra Pradesh,Sri Sathya Sai,Parigi,Beechiganipalle
Andhra Pradesh,Sri Sathya Sai,Parigi,Ganapathipalle
Andhra Pradesh,Sri Sathya Sai,Parigi,Kodigenahalli
Andhra Pradesh,Sri Sathya Sai,Parigi,Moda
Andhra Pradesh,Sri Sathya Sai,Parigi,Narasapuram
Andhra Pradesh,Sri Sathya Sai,Parigi,Parigi
Andhra Pradesh,Sri Sathya Sai,Parigi,Pydeti
Andhra Pradesh,Sri Sathya Sai,Parigi,Sangameswarapalle
Andhra Pradesh,Sri Sathya Sai,Parigi,Sasanakota
Andhra Pradesh,Sri Sathya Sai,Parigi,Seegipalle
Andhra Pradesh,Sri Sathya Sai,Parigi,Shobeerepalle
Andhra Pradesh,Sri Sathya Sai,Parigi,Sirekolam
Andhra Pradesh,Sri Sathya Sai,Parigi,Utakur
Andhra Pradesh,Sri Sathya Sai,Parigi,Vittapalle
Andhra Pradesh,Sri Sathya Sai,Parigi,Yerragunta
Andhra Pradesh,Sri Sathya Sai,Penukonda,Adadakulapalle
Andhra Pradesh,Sri Sathya Sai,Penukonda,Bojjireddipalle
Andhra Pradesh,Sri Sathya Sai,Penukonda,Cherlopalle
Andhra Pradesh,Sri Sathya Sai,Penukonda,Duddebanda
Andhra Pradesh,Sri Sathya Sai,Penukonda,Erramanchi
Andhra Pradesh,Sri Sathya Sai,Penukonda,Gondipalle
Andhra Pradesh,Sri Sathya Sai,Penukonda,Gonipeta
Andhra Pradesh,Sri Sathya Sai,Penukonda,Gutturu
Andhra Pradesh,Sri Sathya Sai,Penukonda,Kondampalle
Andhra Pradesh,Sri Sathya Sai,Penukonda,Mavaturu
Andhra Pradesh,Sri Sathya Sai,Penukonda,Munimadugu
Andhra Pradesh,Sri Sathya Sai,Penukonda,Nagalur
Andhra Pradesh,Sri Sathya Sai,Penukonda,Obulapuram
Andhra Pradesh,Sri Sathya Sai,Penukonda,Penukonda
Andhra Pradesh,Sri Sathya Sai,Penukonda,Rampuram
Andhra Pradesh,Sri Sathya Sai,Penukonda,Settipalle
Andhra Pradesh,Sri Sathya Sai,Penukonda,Vasudevapuram
Andhra Pradesh,Sri Sathya Sai,Puttaparthy,Amagondapalem
Andhra Pradesh,Sri Sathya Sai,Puttaparthy,Beedupalle
Andhra Pradesh,Sri Sathya Sai,Puttaparthy,Brahmanapalle
Andhra Pradesh,Sri Sathya Sai,Puttaparthy,Jagarajupalle
Andhra Pradesh,Sri Sathya Sai,Puttaparthy,Kappala Banda
Andhra Pradesh,Sri Sathya Sai,Puttaparthy,Kotlapalle
Andhra Pradesh,Sri Sathya Sai,Puttaparthy,Nidimamidi
Andhra Pradesh,Sri Sathya Sai,Puttaparthy,Pedapalle
Andhra Pradesh,Sri Sathya Sai,Puttaparthy,Puttaparthi
Andhra Pradesh,Sri Sathya Sai,Puttaparthy,Satarlapalle
Andhra Pradesh,Sri Sathya Sai,Puttaparthy,Vengalammacheruvu
Andhra Pradesh,Sri Sathya Sai,Puttaparthy,Yenumalapalle (Ct)
Andhra Pradesh,Sri Sathya Sai,Ramagiri,Ganthimarri
Andhra Pradesh,Sri Sathya Sai,Ramagiri,Kondapuram
Andhra Pradesh,Sri Sathya Sai,Ramagiri,Kuntimaddi
Andhra Pradesh,Sri Sathya Sai,Ramagiri,Makkinavaripalle
Andhra Pradesh,Sri Sathya Sai,Ramagiri,Motarchintalapalle
Andhra Pradesh,Sri Sathya Sai,Ramagiri,Nasanakota
Andhra Pradesh,Sri Sathya Sai,Ramagiri,Perur
Andhra Pradesh,Sri Sathya Sai,Ramagiri,Polepalle
Andhra Pradesh,Sri Sathya Sai,Ramagiri,Ramagiri
Andhra Pradesh,Sri Sathya Sai,Ramagiri,Seshadribhatra Halli
Andhra Pradesh,Sri Sathya Sai,Roddam,Bokkasampalle
Andhra Pradesh,Sri Sathya Sai,Roddam,Bucharla
Andhra Pradesh,Sri Sathya Sai,Roddam,Cherukur
Andhra Pradesh,Sri Sathya Sai,Roddam,Chinnamanthur
Andhra Pradesh,Sri Sathya Sai,Roddam,Cholemarri
Andhra Pradesh,Sri Sathya Sai,Roddam,Dodagatta
Andhra Pradesh,Sri Sathya Sai,Roddam,Jakkalacheruvu
Andhra Pradesh,Sri Sathya Sai,Roddam,Kalipi
Andhra Pradesh,Sri Sathya Sai,Roddam,Kogira
Andhra Pradesh,Sri Sathya Sai,Roddam,Mulakalacheruvu
Andhra Pradesh,Sri Sathya Sai,Roddam,Nallur
Andhra Pradesh,Sri Sathya Sai,Roddam,Naranagepalle
Andhra Pradesh,Sri Sathya Sai,Roddam,Peddamanthur
Andhra Pradesh,Sri Sathya Sai,Roddam,Peddipalle
Andhra Pradesh,Sri Sathya Sai,Roddam,Reddipalle
Andhra Pradesh,Sri Sathya Sai,Roddam,R.Locharla
Andhra Pradesh,Sri Sathya Sai,Roddam,Roddakampalle
Andhra Pradesh,Sri Sathya Sai,Roddam,Roddam
Andhra Pradesh,Sri Sathya Sai,Roddam,Sanipalle
Andhra Pradesh,Sri Sathya Sai,Roddam,Thurakalapatnam
Andhra Pradesh,Sri Sathya Sai,Roddam,Venkatapuram
Andhra Pradesh,Sri Sathya Sai,Rolla,Bommagundanahalli
Andhra Pradesh,Sri Sathya Sai,Rolla,Dodderi
Andhra Pradesh,Sri Sathya Sai,Rolla,Kaki
Andhra Pradesh,Sri Sathya Sai,Rolla,M.Rayapuram
Andhra Pradesh,Sri Sathya Sai,Rolla,Ratnagiri
Andhra Pradesh,Sri Sathya Sai,Rolla,Rolla
Andhra Pradesh,Sri Sathya Sai,Rolla,Tubinakunta
Andhra Pradesh,Sri Sathya Sai,Somandepalli,Brahmanapalle
Andhra Pradesh,Sri Sathya Sai,Somandepalli,Brahmasamudram
Andhra Pradesh,Sri Sathya Sai,Somandepalli,Bussaiahgaripalle
Andhra Pradesh,Sri Sathya Sai,Somandepalli,Chalakur
Andhra Pradesh,Sri Sathya Sai,Somandepalli,Challapalle
Andhra Pradesh,Sri Sathya Sai,Somandepalli,Chennapuram
Andhra Pradesh,Sri Sathya Sai,Somandepalli,Edulabalapuram
Andhra Pradesh,Sri Sathya Sai,Somandepalli,Gudipalle
Andhra Pradesh,Sri Sathya Sai,Somandepalli,Julukunta
Andhra Pradesh,Sri Sathya Sai,Somandepalli,Kethaganicheruvu
Andhra Pradesh,Sri Sathya Sai,Somandepalli,Kothapalle
Andhra Pradesh,Sri Sathya Sai,Somandepalli,Magecheruvu
Andhra Pradesh,Sri Sathya Sai,Somandepalli,Mandli
Andhra Pradesh,Sri Sathya Sai,Somandepalli,Nadimpalle
Andhra Pradesh,Sri Sathya Sai,Somandepalli,Naginayanicheruvu
Andhra Pradesh,Sri Sathya Sai,Somandepalli,Pandiparthi
Andhra Pradesh,Sri Sathya Sai,Somandepalli,Somandepalle (Ct)
Andhra Pradesh,Sri Sathya Sai,Somandepalli,Tungodu
Andhra Pradesh,Sri Sathya Sai,Somandepalli,Velagamakulapalle
Andhra Pradesh,Sri Sathya Sai,Somandepalli,Velidadakala
Andhra Pradesh,Sri Sathya Sai,Tadimarri,Chillavaripalle
Andhra Pradesh,Sri Sathya Sai,Tadimarri,Chinnachigullarevu
Andhra Pradesh,Sri Sathya Sai,Tadimarri,Dadithota
Andhra Pradesh,Sri Sathya Sai,Tadimarri,Kondamanayanipalem
Andhra Pradesh,Sri Sathya Sai,Tadimarri,Kunukuntla
Andhra Pradesh,Sri Sathya Sai,Tadimarri,Maravapalle Agraharam
Andhra Pradesh,Sri Sathya Sai,Tadimarri,Nidigallu
Andhra Pradesh,Sri Sathya Sai,Tadimarri,Peddakotla
Andhra Pradesh,Sri Sathya Sai,Tadimarri,Pinnadari
Andhra Pradesh,Sri Sathya Sai,Tadimarri,(Shro) Thirumalapuram
Andhra Pradesh,Sri Sathya Sai,Tadimarri,Tadimarri
Andhra Pradesh,Sri Sathya Sai,Talupula,Bandlapalle
Andhra Pradesh,Sri Sathya Sai,Talupula,Kurli
Andhra Pradesh,Sri Sathya Sai,Talupula,Lakkasamudram
Andhra Pradesh,Sri Sathya Sai,Talupula,Nuthanakalva
Andhra Pradesh,Sri Sathya Sai,Talupula,Obulareddipalle
Andhra Pradesh,Sri Sathya Sai,Talupula,Odulapalle
Andhra Pradesh,Sri Sathya Sai,Talupula,Peddannavaripalle
Andhra Pradesh,Sri Sathya Sai,Talupula,Puligundlapalle
Andhra Pradesh,Sri Sathya Sai,Talupula,Talupula
Andhra Pradesh,Sri Sathya Sai,Talupula,Udumulakurthy
Andhra Pradesh,Sri Sathya Sai,Talupula,Vepamampeta
Andhra Pradesh,Sri Sathya Sai,Tanakal,Agraharampalle
Andhra Pradesh,Sri Sathya Sai,Tanakal,Balasamudram
Andhra Pradesh,Sri Sathya Sai,Tanakal,Bonthalapalle
Andhra Pradesh,Sri Sathya Sai,Tanakal,Cheekatimanipalle
Andhra Pradesh,Sri Sathya Sai,Tanakal,Chinnaramannagaripalle
Andhra Pradesh,Sri Sathya Sai,Tanakal,Danduvaripalle
Andhra Pradesh,Sri Sathya Sai,Tanakal,Diguvamandalapalle
Andhra Pradesh,Sri Sathya Sai,Tanakal,Ethodu
Andhra Pradesh,Sri Sathya Sai,Tanakal,Gurrambailu
Andhra Pradesh,Sri Sathya Sai,Tanakal,Kokkanti
Andhra Pradesh,Sri Sathya Sai,Tanakal,Korthikota
Andhra Pradesh,Sri Sathya Sai,Tanakal,Kotapalle
Andhra Pradesh,Sri Sathya Sai,Tanakal,Maddinayanipalem
Andhra Pradesh,Sri Sathya Sai,Tanakal,Malreddipalle
Andhra Pradesh,Sri Sathya Sai,Tanakal,Mundlavaripalle
Andhra Pradesh,Sri Sathya Sai,Tanakal,Tanakal
Andhra Pradesh,Sri Sathya Sai,Tanakal,Tavalam
Andhra Pradesh,Sri Sathya Sai,Tanakal,T.Sadum
Andhra Pradesh,Sri Sathya Sai,Tanakal,Ulavalavandlapalle
Andhra Pradesh,Sri Sathya Sai,Tanakal,Venkatrayanipalle
Andhra Pradesh,Tirupati,Balayapalli,Akkasamudram
Andhra Pradesh,Tirupati,Balayapalli,Alimili
Andhra Pradesh,Tirupati,Balayapalli,Ambalapudi
Andhra Pradesh,Tirupati,Balayapalli,Arigepalle
Andhra Pradesh,Tirupati,Balayapalli,Balayapalle
Andhra Pradesh,Tirupati,Balayapalli,Bhyravaram
Andhra Pradesh,Tirupati,Balayapalli,Boyanagunta
Andhra Pradesh,Tirupati,Balayapalli,Chakracharyulavari Khandrika
Andhra Pradesh,Tirupati,Balayapalli,Challanarasu Khandrika
Andhra Pradesh,Tirupati,Balayapalli,Chilamanuru
Andhra Pradesh,Tirupati,Balayapalli,Chutti
Andhra Pradesh,Tirupati,Balayapalli,Gollagunta
Andhra Pradesh,Tirupati,Balayapalli,Gottikadu
Andhra Pradesh,Tirupati,Balayapalli,Hastakaveri
Andhra Pradesh,Tirupati,Balayapalli,Jarlapadu
Andhra Pradesh,Tirupati,Balayapalli,Jayampu
Andhra Pradesh,Tirupati,Balayapalli,Kadagunta
Andhra Pradesh,Tirupati,Balayapalli,Kalaganda
Andhra Pradesh,Tirupati,Balayapalli,Kamakuru
Andhra Pradesh,Tirupati,Balayapalli,Karimenagunta
Andhra Pradesh,Tirupati,Balayapalli,Katragunta
Andhra Pradesh,Tirupati,Balayapalli,Kayyuru
Andhra Pradesh,Tirupati,Balayapalli,Kommalagunta
Andhra Pradesh,Tirupati,Balayapalli,Konamgunta
Andhra Pradesh,Tirupati,Balayapalli,Kotambedu
Andhra Pradesh,Tirupati,Balayapalli,Kovurivarigunta
Andhra Pradesh,Tirupati,Balayapalli,Mallemala
Andhra Pradesh,Tirupati,Balayapalli,Mannuru
Andhra Pradesh,Tirupati,Balayapalli,Melchuru
Andhra Pradesh,Tirupati,Balayapalli,Muraharidondrao Khandrika
Andhra Pradesh,Tirupati,Balayapalli,Naiducheruvu Khandrika
Andhra Pradesh,Tirupati,Balayapalli,Nidigallu
Andhra Pradesh,Tirupati,Balayapalli,Nindali
Andhra Pradesh,Tirupati,Balayapalli,Pakapudi
Andhra Pradesh,Tirupati,Balayapalli,Pallipadu
Andhra Pradesh,Tirupati,Balayapalli,Papireddipalle
Andhra Pradesh,Tirupati,Balayapalli,Perimidi
Andhra Pradesh,Tirupati,Balayapalli,Pigilam
Andhra Pradesh,Tirupati,Balayapalli,Pigilam Kothapalem
Andhra Pradesh,Tirupati,Balayapalli,Ramapuram
Andhra Pradesh,Tirupati,Balayapalli,Sangavaram
Andhra Pradesh,Tirupati,Balayapalli,Siddagunta
Andhra Pradesh,Tirupati,Balayapalli,Subrahmanyam
Andhra Pradesh,Tirupati,Balayapalli,Surabhivari Khandrika
Andhra Pradesh,Tirupati,Balayapalli,Tallapalle
Andhra Pradesh,Tirupati,Balayapalli,Tikkavaram
Andhra Pradesh,Tirupati,Balayapalli,Utlapalle
Andhra Pradesh,Tirupati,Balayapalli,Vakyam
Andhra Pradesh,Tirupati,Balayapalli,Vengamambapuram
Andhra Pradesh,Tirupati,Balayapalli,Venkatareddipalle
Andhra Pradesh,Tirupati,Balayapalli,Yachavaram
Andhra Pradesh,Tirupati,Buchinaidu Kandriga,Alathur
Andhra Pradesh,Tirupati,Buchinaidu Kandriga,Bhavanisankarapuram
Andhra Pradesh,Tirupati,Buchinaidu Kandriga,Chellamambapuram
Andhra Pradesh,Tirupati,Buchinaidu Kandriga,Chinnayyagunta
Andhra Pradesh,Tirupati,Buchinaidu Kandriga,Gajulapellore
Andhra Pradesh,Tirupati,Buchinaidu Kandriga,Kallivettu
Andhra Pradesh,Tirupati,Buchinaidu Kandriga,Kanamanambedu
Andhra Pradesh,Tirupati,Buchinaidu Kandriga,Kanchanaputtur
Andhra Pradesh,Tirupati,Buchinaidu Kandriga,Katur
Andhra Pradesh,Tirupati,Buchinaidu Kandriga,Kothapalem
Andhra Pradesh,Tirupati,Buchinaidu Kandriga,Kukkambakam
Andhra Pradesh,Tirupati,Buchinaidu Kandriga,Kumara Venkatapuram
Andhra Pradesh,Tirupati,Buchinaidu Kandriga,Neerpakota
Andhra Pradesh,Tirupati,Buchinaidu Kandriga,Nelavoy
Andhra Pradesh,Tirupati,Buchinaidu Kandriga,Pallamala
Andhra Pradesh,Tirupati,Buchinaidu Kandriga,Parlapalle
Andhra Pradesh,Tirupati,Buchinaidu Kandriga,Peddapalavedu
Andhra Pradesh,Tirupati,Buchinaidu Kandriga,Putteri
Andhra Pradesh,Tirupati,Buchinaidu Kandriga,Talarivettu
Andhra Pradesh,Tirupati,Buchinaidu Kandriga,Thangellapuram
Andhra Pradesh,Tirupati,Buchinaidu Kandriga,Therripadu
Andhra Pradesh,Tirupati,Buchinaidu Kandriga,Thimmabhupalapuram
Andhra Pradesh,Tirupati,Buchinaidu Kandriga,Vijayagopalapuram
Andhra Pradesh,Tirupati,Buchinaidu Kandriga,West Warathur
Andhra Pradesh,Tirupati,Chandragiri,Agarala
Andhra Pradesh,Tirupati,Chandragiri,Arepalle
Andhra Pradesh,Tirupati,Chandragiri,Bheemavaram
Andhra Pradesh,Tirupati,Chandragiri,Chandragiri
Andhra Pradesh,Tirupati,Chandragiri,Chinna Rama Puram
Andhra Pradesh,Tirupati,Chandragiri,Chintagunta
Andhra Pradesh,Tirupati,Chandragiri,Dornakambala
Andhra Pradesh,Tirupati,Chandragiri,Ithepalle
Andhra Pradesh,Tirupati,Chandragiri,Kalroadpalle
Andhra Pradesh,Tirupati,Chandragiri,Kondreddy Khandriga
Andhra Pradesh,Tirupati,Chandragiri,Kotala
Andhra Pradesh,Tirupati,Chandragiri,Mamandur
Andhra Pradesh,Tirupati,Chandragiri,Mittapalem
Andhra Pradesh,Tirupati,Chandragiri,Mungilipattukothapalle
Andhra Pradesh,Tirupati,Chandragiri,Nagapatla
Andhra Pradesh,Tirupati,Chandragiri,Narasinga Puram
Andhra Pradesh,Tirupati,Chandragiri,Panapakam
Andhra Pradesh,Tirupati,Chandragiri,Pullaiahgari Palle
Andhra Pradesh,Tirupati,Chandragiri,Ramireddi Palle
Andhra Pradesh,Tirupati,Chandragiri,Reddivaripalle
Andhra Pradesh,Tirupati,Chandragiri,Sanambatla
Andhra Pradesh,Tirupati,Chandragiri,Sesha Puram
Andhra Pradesh,Tirupati,Chandragiri,Thondawada
Andhra Pradesh,Tirupati,Chillakur,Addepalle
Andhra Pradesh,Tirupati,Chillakur,Ankulapaturu
Andhra Pradesh,Tirupati,Chillakur,Annambaka
Andhra Pradesh,Tirupati,Chillakur,Ballavolu
Andhra Pradesh,Tirupati,Chillakur,Budanam
Andhra Pradesh,Tirupati,Chillakur,Chillakur (Part)
Andhra Pradesh,Tirupati,Chillakur,Chinthavaram
Andhra Pradesh,Tirupati,Chillakur,Ippapudi
Andhra Pradesh,Tirupati,Chillakur,Kadivedu
Andhra Pradesh,Tirupati,Chillakur,Kalava Konda
Andhra Pradesh,Tirupati,Chillakur,Momidi
Andhra Pradesh,Tirupati,Chillakur,Mutyalapadu (Rural)
Andhra Pradesh,Tirupati,Chillakur,Nakkalakalva Khandrika
Andhra Pradesh,Tirupati,Chillakur,Nelaballi
Andhra Pradesh,Tirupati,Chillakur,Oduru
Andhra Pradesh,Tirupati,Chillakur,Pallamala
Andhra Pradesh,Tirupati,Chillakur,Pallamala Khandrika
Andhra Pradesh,Tirupati,Chillakur,Pentapadu
Andhra Pradesh,Tirupati,Chillakur,Ponnavolu
Andhra Pradesh,Tirupati,Chillakur,Thamminapatnam
Andhra Pradesh,Tirupati,Chillakur,Theepanur
Andhra Pradesh,Tirupati,Chillakur,Thikkavaram
Andhra Pradesh,Tirupati,Chillakur,Thonukumala
Andhra Pradesh,Tirupati,Chillakur,Turpu Kanupur
Andhra Pradesh,Tirupati,Chillakur,Udathavaripalem
Andhra Pradesh,Tirupati,Chillakur,Udathavariparlapalle
Andhra Pradesh,Tirupati,Chillakur,Vallipadu
Andhra Pradesh,Tirupati,Chillakur,Vellapalem
Andhra Pradesh,Tirupati,Chillakur,Yeruru
Andhra Pradesh,Tirupati,Chillakur,Yogeswarunipalle
Andhra Pradesh,Tirupati,Chinnagottigallu,Bhakarapet
Andhra Pradesh,Tirupati,Chinnagottigallu,Chattevaripalem
Andhra Pradesh,Tirupati,Chinnagottigallu,Chinnagotti Gallu
Andhra Pradesh,Tirupati,Chinnagottigallu,Chittecherla
Andhra Pradesh,Tirupati,Chinnagottigallu,Devarakonda
Andhra Pradesh,Tirupati,Chinnagottigallu,Diguvuru
Andhra Pradesh,Tirupati,Chinnagottigallu,Kotabylu
Andhra Pradesh,Tirupati,Chinnagottigallu,Rangannagari Gadda
Andhra Pradesh,Tirupati,Chinnagottigallu,Thippireddigaripalle
Andhra Pradesh,Tirupati,Chinnagottigallu,Yeguvuru
Andhra Pradesh,Tirupati,Chittamur,Addepudi
Andhra Pradesh,Tirupati,Chittamur,Aruru
Andhra Pradesh,Tirupati,Chittamur,Buradagali Kothapalem
Andhra Pradesh,Tirupati,Chittamur,Chillamuru
Andhra Pradesh,Tirupati,Chittamur,Chittamur
Andhra Pradesh,Tirupati,Chittamur,Devuni Khandrika
Andhra Pradesh,Tirupati,Chittamur,Ellore
Andhra Pradesh,Tirupati,Chittamur,Eswarawaka
Andhra Pradesh,Tirupati,Chittamur,Gangupalem
Andhra Pradesh,Tirupati,Chittamur,Gollapalem
Andhra Pradesh,Tirupati,Chittamur,Gunupadu
Andhra Pradesh,Tirupati,Chittamur,Jalapeddipalem
Andhra Pradesh,Tirupati,Chittamur,Kalagurthipadu
Andhra Pradesh,Tirupati,Chittamur,Kogili
Andhra Pradesh,Tirupati,Chittamur,Kokkupalem
Andhra Pradesh,Tirupati,Chittamur,Kothapalem
Andhra Pradesh,Tirupati,Chittamur,Kummarapalem
Andhra Pradesh,Tirupati,Chittamur,Mallam
Andhra Pradesh,Tirupati,Chittamur,Mangalavaripalle
Andhra Pradesh,Tirupati,Chittamur,Mannemala
Andhra Pradesh,Tirupati,Chittamur,Marlamudi Jangalapalle
Andhra Pradesh,Tirupati,Chittamur,Mettu
Andhra Pradesh,Tirupati,Chittamur,Molakalapudi
Andhra Pradesh,Tirupati,Chittamur,Mukkidipalem
Andhra Pradesh,Tirupati,Chittamur,Padarthivari- Khandrika
Andhra Pradesh,Tirupati,Chittamur,Palamparthy
Andhra Pradesh,Tirupati,Chittamur,Pellakuru
Andhra Pradesh,Tirupati,Chittamur,Perantravulamitta
Andhra Pradesh,Tirupati,Chittamur,Pittivanipalle
Andhra Pradesh,Tirupati,Chittamur,Pothunayanipalle
Andhra Pradesh,Tirupati,Chittamur,Putragunta
Andhra Pradesh,Tirupati,Chittamur,Ranganathapuram
Andhra Pradesh,Tirupati,Chittamur,Rayareddipalem
Andhra Pradesh,Tirupati,Chittamur,Somasamudram
Andhra Pradesh,Tirupati,Chittamur,Tadimedu
Andhra Pradesh,Tirupati,Chittamur,Uppalamarthi
Andhra Pradesh,Tirupati,Chittamur,Vadlavanipalle
Andhra Pradesh,Tirupati,Chittamur,Varthur North
Andhra Pradesh,Tirupati,Chittamur,Veligajulapalle
Andhra Pradesh,Tirupati,Chittamur,Yakasiri
Andhra Pradesh,Tirupati,Chittamur,Yellasiri
Andhra Pradesh,Tirupati,Dakkili,Althurupadu
Andhra Pradesh,Tirupati,Dakkili,Attalasiddavaram
Andhra Pradesh,Tirupati,Dakkili,Bheemavaram
Andhra Pradesh,Tirupati,Dakkili,Chakalapalle
Andhra Pradesh,Tirupati,Dakkili,Chapalapalle
Andhra Pradesh,Tirupati,Dakkili,Cheekirenipalle
Andhra Pradesh,Tirupati,Dakkili,Chennasamudram
Andhra Pradesh,Tirupati,Dakkili,Cherlopalle
Andhra Pradesh,Tirupati,Dakkili,Daggavolu
Andhra Pradesh,Tirupati,Dakkili,Dakkili
Andhra Pradesh,Tirupati,Dakkili,Dandavolu
Andhra Pradesh,Tirupati,Dakkili,Dandavolu Upparapalle
Andhra Pradesh,Tirupati,Dakkili,Dattanagaram
Andhra Pradesh,Tirupati,Dakkili,Devulapalle
Andhra Pradesh,Tirupati,Dakkili,Gollavarigunta
Andhra Pradesh,Tirupati,Dakkili,Kandalavaripalle
Andhra Pradesh,Tirupati,Dakkili,Koneswarabhatlapalle
Andhra Pradesh,Tirupati,Dakkili,Kothacheruvu
Andhra Pradesh,Tirupati,Dakkili,Kothanalapadu
Andhra Pradesh,Tirupati,Dakkili,Kuppayapalem
Andhra Pradesh,Tirupati,Dakkili,Lingasamudram
Andhra Pradesh,Tirupati,Dakkili,Madhavaiahpalem
Andhra Pradesh,Tirupati,Dakkili,Mahasamudram
Andhra Pradesh,Tirupati,Dakkili,Marlagunta
Andhra Pradesh,Tirupati,Dakkili,Matumadugu
Andhra Pradesh,Tirupati,Dakkili,Mopuru
Andhra Pradesh,Tirupati,Dakkili,Nadimpalle
Andhra Pradesh,Tirupati,Dakkili,Nagavolu
Andhra Pradesh,Tirupati,Dakkili,Nagulapadu
Andhra Pradesh,Tirupati,Dakkili,Naidupalem
Andhra Pradesh,Tirupati,Dakkili,Namasivayapuram
Andhra Pradesh,Tirupati,Dakkili,Noothalacheruvu
Andhra Pradesh,Tirupati,Dakkili,Palugodu
Andhra Pradesh,Tirupati,Dakkili,Pathanalapadu
Andhra Pradesh,Tirupati,Dakkili,Pedayachasamudram
Andhra Pradesh,Tirupati,Dakkili,Sanganapalle
Andhra Pradesh,Tirupati,Dakkili,Sreepuram
Andhra Pradesh,Tirupati,Dakkili,Surayapalem
Andhra Pradesh,Tirupati,Dakkili,Swarnayacha Samudram
Andhra Pradesh,Tirupati,Dakkili,Theerthampadu
Andhra Pradesh,Tirupati,Dakkili,Thimmanagunta
Andhra Pradesh,Tirupati,Dakkili,Thimmayapalem
Andhra Pradesh,Tirupati,Dakkili,Vedurugunta
Andhra Pradesh,Tirupati,Dakkili,Veera Kummara Yachasamudram
Andhra Pradesh,Tirupati,Dakkili,Velampalle
Andhra Pradesh,Tirupati,Dakkili,Velikallu
Andhra Pradesh,Tirupati,Dakkili,Vembuluru
Andhra Pradesh,Tirupati,Dakkili,Vempativaripalle
Andhra Pradesh,Tirupati,Dakkili,Vengamanaidupalle
Andhra Pradesh,Tirupati,Dakkili,Yellavajjulapalle
Andhra Pradesh,Tirupati,Doravarisatram,Adapamudi
Andhra Pradesh,Tirupati,Doravarisatram,Akkarapaka
Andhra Pradesh,Tirupati,Doravarisatram,Anegottam
Andhra Pradesh,Tirupati,Doravarisatram,Anepudi (Nadimi Khandrika)
Andhra Pradesh,Tirupati,Doravarisatram,Ayyapalem
Andhra Pradesh,Tirupati,Doravarisatram,Buduru
Andhra Pradesh,Tirupati,Doravarisatram,Buradamadugu
Andhra Pradesh,Tirupati,Doravarisatram,Chandanamudi
Andhra Pradesh,Tirupati,Doravarisatram,Damaraya Khandrika
Andhra Pradesh,Tirupati,Doravarisatram,Kalluru
Andhra Pradesh,Tirupati,Doravarisatram,Kalluru Khandrika
Andhra Pradesh,Tirupati,Doravarisatram,Karatamudi
Andhra Pradesh,Tirupati,Doravarisatram,Karikadu
Andhra Pradesh,Tirupati,Doravarisatram,Kattuvapalle
Andhra Pradesh,Tirupati,Doravarisatram,K.D.Khandrika
Andhra Pradesh,Tirupati,Doravarisatram,Kothapalle
Andhra Pradesh,Tirupati,Doravarisatram,Lingampadu
Andhra Pradesh,Tirupati,Doravarisatram,Mallayapalem
Andhra Pradesh,Tirupati,Doravarisatram,Maneri
Andhra Pradesh,Tirupati,Doravarisatram,Mavillapadu
Andhra Pradesh,Tirupati,Doravarisatram,Meezuru
Andhra Pradesh,Tirupati,Doravarisatram,Melupaka
Andhra Pradesh,Tirupati,Doravarisatram,Minamanamudi
Andhra Pradesh,Tirupati,Doravarisatram,Modugulapalem
Andhra Pradesh,Tirupati,Doravarisatram,Muchalagunta
Andhra Pradesh,Tirupati,Doravarisatram,Mylangam
Andhra Pradesh,Tirupati,Doravarisatram,Nelaballi
Andhra Pradesh,Tirupati,Doravarisatram,Nelapattu
Andhra Pradesh,Tirupati,Doravarisatram,Nellorepalle
Andhra Pradesh,Tirupati,Doravarisatram,P.Khandrika (Arigundram)
Andhra Pradesh,Tirupati,Doravarisatram,Poolathota
Andhra Pradesh,Tirupati,Doravarisatram,Singanalathuru
Andhra Pradesh,Tirupati,Doravarisatram,Sridhanamalli
Andhra Pradesh,Tirupati,Doravarisatram,Suragunta Tagelu
Andhra Pradesh,Tirupati,Doravarisatram,Surapu Agraharam
Andhra Pradesh,Tirupati,Doravarisatram,Tallampadu
Andhra Pradesh,Tirupati,Doravarisatram,Thaneyali
Andhra Pradesh,Tirupati,Doravarisatram,Thogaramudi
Andhra Pradesh,Tirupati,Doravarisatram,Utchuru
Andhra Pradesh,Tirupati,Doravarisatram,Vedurupattu
Andhra Pradesh,Tirupati,Doravarisatram,Velukadu
Andhra Pradesh,Tirupati,Doravarisatram,Vengamambapuram
Andhra Pradesh,Tirupati,Doravarisatram,Venumbaka
Andhra Pradesh,Tirupati,Doravarisatram,Vetagiripalem
Andhra Pradesh,Tirupati,Doravarisatram,Yekollu
Andhra Pradesh,Tirupati,Gudur,Ayyavaripalem
Andhra Pradesh,Tirupati,Gudur,Chemidthi
Andhra Pradesh,Tirupati,Gudur,Chennuru - I
Andhra Pradesh,Tirupati,Gudur,Chennuru – II (Part)
Andhra Pradesh,Tirupati,Gudur,Gollapalle
Andhra Pradesh,Tirupati,Gudur,Guduru (East) (Og)
Andhra Pradesh,Tirupati,Gudur,Guduru (West) (Og)
Andhra Pradesh,Tirupati,Gudur,Kandali
Andhra Pradesh,Tirupati,Gudur,Kandra
Andhra Pradesh,Tirupati,Gudur,Kommaneturu
Andhra Pradesh,Tirupati,Gudur,Kondagunta
Andhra Pradesh,Tirupati,Gudur,Kundakuru
Andhra Pradesh,Tirupati,Gudur,Mangalapur
Andhra Pradesh,Tirupati,Gudur,Mekanur
Andhra Pradesh,Tirupati,Gudur,Mittathmakuru
Andhra Pradesh,Tirupati,Gudur,Nellatur (Og) (Part)
Andhra Pradesh,Tirupati,Gudur,Nernur
Andhra Pradesh,Tirupati,Gudur,N.Sangameswaraswamy Khandrika
Andhra Pradesh,Tirupati,Gudur,Palicherla
Andhra Pradesh,Tirupati,Gudur,Palicherlarajupalem
Andhra Pradesh,Tirupati,Gudur,Reddigunta
Andhra Pradesh,Tirupati,Gudur,Vedicherla
Andhra Pradesh,Tirupati,Gudur,Vendodu
Andhra Pradesh,Tirupati,Gudur,Vinduru
Andhra Pradesh,Tirupati,Kota,Allampadu
Andhra Pradesh,Tirupati,Kota,Chendodu
Andhra Pradesh,Tirupati,Kota,Chittodu
Andhra Pradesh,Tirupati,Kota,Gudali
Andhra Pradesh,Tirupati,Kota,Illukurupadu
Andhra Pradesh,Tirupati,Kota,Karlapudi
Andhra Pradesh,Tirupati,Kota,Kesavaram
Andhra Pradesh,Tirupati,Kota,Kota
Andhra Pradesh,Tirupati,Kota,Kothapalem
Andhra Pradesh,Tirupati,Kota,Kothapatnam
Andhra Pradesh,Tirupati,Kota,Lakshmakka Khandriga @ Chembadipalem
Andhra Pradesh,Tirupati,Kota,Maddali
Andhra Pradesh,Tirupati,Kota,Nellorepalle
Andhra Pradesh,Tirupati,Kota,Putchalapalle
Andhra Pradesh,Tirupati,Kota,Rudravaram
Andhra Pradesh,Tirupati,Kota,Siddavaram
Andhra Pradesh,Tirupati,Kota,Thinnelapudi
Andhra Pradesh,Tirupati,Kota,Uthamanellore
Andhra Pradesh,Tirupati,Kota,Vanjivaka
Andhra Pradesh,Tirupati,Kumara Venkata Bhupala Puram,Adaram
Andhra Pradesh,Tirupati,Kumara Venkata Bhupala Puram,Adavaram
Andhra Pradesh,Tirupati,Kumara Venkata Bhupala Puram,Angeri Cheruvu
Andhra Pradesh,Tirupati,Kumara Venkata Bhupala Puram,Anjuru
Andhra Pradesh,Tirupati,Kumara Venkata Bhupala Puram,Arai
Andhra Pradesh,Tirupati,Kumara Venkata Bhupala Puram,Bakkapatugunta
Andhra Pradesh,Tirupati,Kumara Venkata Bhupala Puram,Brahmana Cheruvu
Andhra Pradesh,Tirupati,Kumara Venkata Bhupala Puram,Brahmanapalle
Andhra Pradesh,Tirupati,Kumara Venkata Bhupala Puram,Challamamba Puram
Andhra Pradesh,Tirupati,Kumara Venkata Bhupala Puram,Diguvaputhuru
Andhra Pradesh,Tirupati,Kumara Venkata Bhupala Puram,Eguvaputturu
Andhra Pradesh,Tirupati,Kumara Venkata Bhupala Puram,Gnanamamba Puram @ P.Khandriga
Andhra Pradesh,Tirupati,Kumara Venkata Bhupala Puram,Guntipedu
Andhra Pradesh,Tirupati,Kumara Venkata Bhupala Puram,Kalathuru
Andhra Pradesh,Tirupati,Kumara Venkata Bhupala Puram,Kanchanachenganna Khandriga
Andhra Pradesh,Tirupati,Kumara Venkata Bhupala Puram,Kandlur
Andhra Pradesh,Tirupati,Kumara Venkata Bhupala Puram,Katrapalle
Andhra Pradesh,Tirupati,Kumara Venkata Bhupala Puram,Kovanur
Andhra Pradesh,Tirupati,Kumara Venkata Bhupala Puram,Kumara Venkata Bhupalapuram
Andhra Pradesh,Tirupati,Kumara Venkata Bhupala Puram,Maddi Khandriga
Andhra Pradesh,Tirupati,Kumara Venkata Bhupala Puram,Mattamanapathattu R.Khandriga
Andhra Pradesh,Tirupati,Kumara Venkata Bhupala Puram,Olluru
Andhra Pradesh,Tirupati,Kumara Venkata Bhupala Puram,Pathapalem
Andhra Pradesh,Tirupati,Kumara Venkata Bhupala Puram,Perindesam
Andhra Pradesh,Tirupati,Kumara Venkata Bhupala Puram,Pudi @ Chenna Kesavapuram
Andhra Pradesh,Tirupati,Kumara Venkata Bhupala Puram,Ragigunta
Andhra Pradesh,Tirupati,Kumara Venkata Bhupala Puram,Rangaiahgunta
Andhra Pradesh,Tirupati,Kumara Venkata Bhupala Puram,Rayapedu
Andhra Pradesh,Tirupati,Kumara Venkata Bhupala Puram,Sadasiva Puram
Andhra Pradesh,Tirupati,Kumara Venkata Bhupala Puram,Shakthi Ganeswarapuram
Andhra Pradesh,Tirupati,Kumara Venkata Bhupala Puram,Siddamanaidu Khandriga
Andhra Pradesh,Tirupati,Kumara Venkata Bhupala Puram,Srinivasapuram
Andhra Pradesh,Tirupati,Kumara Venkata Bhupala Puram,Subramanya Puram
Andhra Pradesh,Tirupati,Kumara Venkata Bhupala Puram,Suramala
Andhra Pradesh,Tirupati,Kumara Venkata Bhupala Puram,Suryanarayana Puram
Andhra Pradesh,Tirupati,Kumara Venkata Bhupala Puram,Thimmanaidugunta
Andhra Pradesh,Tirupati,Kumara Venkata Bhupala Puram,Thimmasamudram
Andhra Pradesh,Tirupati,Kumara Venkata Bhupala Puram,Venkatapuram @ G.Khandriga
Andhra Pradesh,Tirupati,Kumara Venkata Bhupala Puram,Vogathuru
Andhra Pradesh,Tirupati,Nagalapuram,Baitakodiambedu
Andhra Pradesh,Tirupati,Nagalapuram,Beera Kuppam
Andhra Pradesh,Tirupati,Nagalapuram,Kadivedu
Andhra Pradesh,Tirupati,Nagalapuram,Kalanjeri
Andhra Pradesh,Tirupati,Nagalapuram,Karani
Andhra Pradesh,Tirupati,Nagalapuram,Krishnapuram
Andhra Pradesh,Tirupati,Nagalapuram,Nagalapuram
Andhra Pradesh,Tirupati,Nagalapuram,Sadasiva Sankarapuram
Andhra Pradesh,Tirupati,Nagalapuram,Surutupalle
Andhra Pradesh,Tirupati,Nagalapuram,Tripuranthakapuram Kota
Andhra Pradesh,Tirupati,Nagalapuram,Vellore
Andhra Pradesh,Tirupati,Nagalapuram,Vembakam
Andhra Pradesh,Tirupati,Naidupet,Annamedu
Andhra Pradesh,Tirupati,Naidupet,Aravaperimidi
Andhra Pradesh,Tirupati,Naidupet,Athalapalem
Andhra Pradesh,Tirupati,Naidupet,Ayyapareddipalem
Andhra Pradesh,Tirupati,Naidupet,Bheemavaram
Andhra Pradesh,Tirupati,Naidupet,Biradawada
Andhra Pradesh,Tirupati,Naidupet,Chigurupadu
Andhra Pradesh,Tirupati,Naidupet,Chigurupadu Agraharam
Andhra Pradesh,Tirupati,Naidupet,Chillamathur
Andhra Pradesh,Tirupati,Naidupet,Dwarakapuram
Andhra Pradesh,Tirupati,Naidupet,Gottiprolu
Andhra Pradesh,Tirupati,Naidupet,Juvvalapalem
Andhra Pradesh,Tirupati,Naidupet,Kallipedu
Andhra Pradesh,Tirupati,Naidupet,Kapuluru
Andhra Pradesh,Tirupati,Naidupet,Karumanchivari Khandrika
Andhra Pradesh,Tirupati,Naidupet,Konetirajupalem
Andhra Pradesh,Tirupati,Naidupet,Kuchiwada
Andhra Pradesh,Tirupati,Naidupet,Lankapalem
Andhra Pradesh,Tirupati,Naidupet,L.A.Sagaram (Ct)
Andhra Pradesh,Tirupati,Naidupet,Marlapalle
Andhra Pradesh,Tirupati,Naidupet,Menakuru
Andhra Pradesh,Tirupati,Naidupet,Palepolam
Andhra Pradesh,Tirupati,Naidupet,Pandluru
Andhra Pradesh,Tirupati,Naidupet,Puderu
Andhra Pradesh,Tirupati,Naidupet,Puduru
Andhra Pradesh,Tirupati,Naidupet,Ravulagunta
Andhra Pradesh,Tirupati,Naidupet,Thannamala
Andhra Pradesh,Tirupati,Naidupet,Thimmaji Khandrika
Andhra Pradesh,Tirupati,Naidupet,Thummur (R)
Andhra Pradesh,Tirupati,Naidupet,Vaddigunta Khandrika
Andhra Pradesh,Tirupati,Naidupet,Vengamambapuram
Andhra Pradesh,Tirupati,Naidupet,Vinnamala (Ct)
Andhra Pradesh,Tirupati,Naidupet,Yerramsettipalem
Andhra Pradesh,Tirupati,Narayanavanam,Aranyam Khandriga
Andhra Pradesh,Tirupati,Narayanavanam,Bheemunicheruvu
Andhra Pradesh,Tirupati,Narayanavanam,Boppa Raju Palem
Andhra Pradesh,Tirupati,Narayanavanam,Diguvakanakam Palem
Andhra Pradesh,Tirupati,Narayanavanam,Erikambattu
Andhra Pradesh,Tirupati,Narayanavanam,Ipppam Thangal
Andhra Pradesh,Tirupati,Narayanavanam,Kalyanapuram
Andhra Pradesh,Tirupati,Narayanavanam,Kasimmitta
Andhra Pradesh,Tirupati,Narayanavanam,Keelagaram
Andhra Pradesh,Tirupati,Narayanavanam,Kondalacheruvu
Andhra Pradesh,Tirupati,Narayanavanam,Narayanavanam (Ct)
Andhra Pradesh,Tirupati,Narayanavanam,Palamangalam Dakshini
Andhra Pradesh,Tirupati,Narayanavanam,Samudayam
Andhra Pradesh,Tirupati,Narayanavanam,Thiruvatyam
Andhra Pradesh,Tirupati,Narayanavanam,Thumbur
Andhra Pradesh,Tirupati,Narayanavanam,Venkata Krishna Palem
Andhra Pradesh,Tirupati,Ozili,Acharlaparlapalle
Andhra Pradesh,Tirupati,Ozili,Arimanipadu
Andhra Pradesh,Tirupati,Ozili,Athivaram
Andhra Pradesh,Tirupati,Ozili,Athivaram Kothapalem
Andhra Pradesh,Tirupati,Ozili,Bandarugunta
Andhra Pradesh,Tirupati,Ozili,Bhathalapuram
Andhra Pradesh,Tirupati,Ozili,Bhatlakanupuru
Andhra Pradesh,Tirupati,Ozili,Bhuvanagiripalem
Andhra Pradesh,Tirupati,Ozili,Chillamanichenu
Andhra Pradesh,Tirupati,Ozili,Enuguwada
Andhra Pradesh,Tirupati,Ozili,Garudagunta Agraharam
Andhra Pradesh,Tirupati,Ozili,Graddagunta
Andhra Pradesh,Tirupati,Ozili,Gurramkonda
Andhra Pradesh,Tirupati,Ozili,Inugunta
Andhra Pradesh,Tirupati,Ozili,Josyulavari Khandrika
Andhra Pradesh,Tirupati,Ozili,Karaballavolu
Andhra Pradesh,Tirupati,Ozili,Karjamedu
Andhra Pradesh,Tirupati,Ozili,Karuru
Andhra Pradesh,Tirupati,Ozili,Kondavallipadu
Andhra Pradesh,Tirupati,Ozili,Kotha Cheruvu
Andhra Pradesh,Tirupati,Ozili,Kothapeta
Andhra Pradesh,Tirupati,Ozili,Kundam
Andhra Pradesh,Tirupati,Ozili,Kurugonda
Andhra Pradesh,Tirupati,Ozili,Lingareddipalle
Andhra Pradesh,Tirupati,Ozili,L.J.Kattubadi
Andhra Pradesh,Tirupati,Ozili,Machavaram
Andhra Pradesh,Tirupati,Ozili,Manamala
Andhra Pradesh,Tirupati,Ozili,Manavali
Andhra Pradesh,Tirupati,Ozili,Mummayapalem
Andhra Pradesh,Tirupati,Ozili,Nemallapudi
Andhra Pradesh,Tirupati,Ozili,Ojili
Andhra Pradesh,Tirupati,Ozili,Palempadu
Andhra Pradesh,Tirupati,Ozili,Peda Pariya
Andhra Pradesh,Tirupati,Ozili,Pinapariyapadu
Andhra Pradesh,Tirupati,Ozili,Polipadu
Andhra Pradesh,Tirupati,Ozili,Punnepalle
Andhra Pradesh,Tirupati,Ozili,Rachapalem
Andhra Pradesh,Tirupati,Ozili,Raghavareddipalem
Andhra Pradesh,Tirupati,Ozili,Rajanagaram
Andhra Pradesh,Tirupati,Ozili,Rajupalem
Andhra Pradesh,Tirupati,Ozili,Rangarajasamudram
Andhra Pradesh,Tirupati,Ozili,Ravipadu
Andhra Pradesh,Tirupati,Ozili,Rudrayapalem
Andhra Pradesh,Tirupati,Ozili,Saguturu
Andhra Pradesh,Tirupati,Ozili,Thirumalapudi
Andhra Pradesh,Tirupati,Ozili,Vakativari Khandrika
Andhra Pradesh,Tirupati,Ozili,Veerlagunapadu
Andhra Pradesh,Tirupati,Ozili,Venkatareddipalem
Andhra Pradesh,Tirupati,Ozili,Vijayanellore
Andhra Pradesh,Tirupati,Pakala,Achamma Agraharam
Andhra Pradesh,Tirupati,Pakala,Adenapalle
Andhra Pradesh,Tirupati,Pakala,Damalcheruvu
Andhra Pradesh,Tirupati,Pakala,Gadanki
Andhra Pradesh,Tirupati,Pakala,Ganugapenta
Andhra Pradesh,Tirupati,Pakala,Gorpadu
Andhra Pradesh,Tirupati,Pakala,Maddinayanipalle
Andhra Pradesh,Tirupati,Pakala,Mogarala
Andhra Pradesh,Tirupati,Pakala,Nagamma Agraharam
Andhra Pradesh,Tirupati,Pakala,Oddepalle
Andhra Pradesh,Tirupati,Pakala,Padiputlabayalu
Andhra Pradesh,Tirupati,Pakala,Pakala
Andhra Pradesh,Tirupati,Pakala,Pedda Ramapuram
Andhra Pradesh,Tirupati,Pakala,Thotathimmaiah Palle
Andhra Pradesh,Tirupati,Pakala,Vallivedu
Andhra Pradesh,Tirupati,Pellakur,Anakavolu
Andhra Pradesh,Tirupati,Pellakur,Ardhamala
Andhra Pradesh,Tirupati,Pellakur,Arlapadu
Andhra Pradesh,Tirupati,Pellakur,Bangarammapeta
Andhra Pradesh,Tirupati,Pellakur,Chavali
Andhra Pradesh,Tirupati,Pellakur,Chembedu
Andhra Pradesh,Tirupati,Pellakur,Chennappanaidupeta
Andhra Pradesh,Tirupati,Pellakur,Chillakur
Andhra Pradesh,Tirupati,Pellakur,Chintapudi
Andhra Pradesh,Tirupati,Pellakur,Jeellapatur
Andhra Pradesh,Tirupati,Pellakur,Kalavakur
Andhra Pradesh,Tirupati,Pellakur,Kanuru
Andhra Pradesh,Tirupati,Pellakur,Kothur
Andhra Pradesh,Tirupati,Pellakur,Modugulapalem
Andhra Pradesh,Tirupati,Pellakur,Nandimala
Andhra Pradesh,Tirupati,Pellakur,Neleballi
Andhra Pradesh,Tirupati,Pellakur,Palachur
Andhra Pradesh,Tirupati,Pellakur,P.C.Khandrika
Andhra Pradesh,Tirupati,Pellakur,Pellakur
Andhra Pradesh,Tirupati,Pellakur,Pennepalle
Andhra Pradesh,Tirupati,Pellakur,Pulluru
Andhra Pradesh,Tirupati,Pellakur,Punabaka
Andhra Pradesh,Tirupati,Pellakur,Rosanuru
Andhra Pradesh,Tirupati,Pellakur,Settigunta
Andhra Pradesh,Tirupati,Pellakur,Sirasanambedu
Andhra Pradesh,Tirupati,Pellakur,Talavayipadu
Andhra Pradesh,Tirupati,Pellakur,Udipudi
Andhra Pradesh,Tirupati,Pellakur,Yerragunta
Andhra Pradesh,Tirupati,Pichatur,Appambattu
Andhra Pradesh,Tirupati,Pichatur,Chilamathur @ Bangala
Andhra Pradesh,Tirupati,Pichatur,Karuru @ Krishnagiri
Andhra Pradesh,Tirupati,Pichatur,Keelapudi
Andhra Pradesh,Tirupati,Pichatur,Mudiyur
Andhra Pradesh,Tirupati,Pichatur,Neervoy
Andhra Pradesh,Tirupati,Pichatur,Pichatur
Andhra Pradesh,Tirupati,Pichatur,Pulikondram
Andhra Pradesh,Tirupati,Pichatur,Pulipadu @Govardhanagiri
Andhra Pradesh,Tirupati,Pichatur,Rajanagaram
Andhra Pradesh,Tirupati,Pichatur,Ramagiri
Andhra Pradesh,Tirupati,Pichatur,Ramapuram
Andhra Pradesh,Tirupati,Pichatur,Reppalapattu
Andhra Pradesh,Tirupati,Pichatur,Shamsheer Bahadurpeta
Andhra Pradesh,Tirupati,Pichatur,Sivagiri
Andhra Pradesh,Tirupati,Pichatur,Velur
Andhra Pradesh,Tirupati,Pichatur,Vengalathur
Andhra Pradesh,Tirupati,Puttur,Cherlopalle
Andhra Pradesh,Tirupati,Puttur,Eswarapuram
Andhra Pradesh,Tirupati,Puttur,Gollapalle
Andhra Pradesh,Tirupati,Puttur,Govindapalem
Andhra Pradesh,Tirupati,Puttur,Kasamkuppam
Andhra Pradesh,Tirupati,Puttur,Kaverimaharajulagraharam
Andhra Pradesh,Tirupati,Puttur,Kumarabommarajupuram
Andhra Pradesh,Tirupati,Puttur,Nandimangalam (R)
Andhra Pradesh,Tirupati,Puttur,Nesanur (R)
Andhra Pradesh,Tirupati,Puttur,Parameswara Mangalam
Andhra Pradesh,Tirupati,Puttur,Puttur
Andhra Pradesh,Tirupati,Puttur,Sirugurajupalem
Andhra Pradesh,Tirupati,Puttur,Taduku
Andhra Pradesh,Tirupati,Puttur,Thorur (R)
Andhra Pradesh,Tirupati,Puttur,Tirumalakuppam
Andhra Pradesh,Tirupati,Puttur,Utharapukhandriga
Andhra Pradesh,Tirupati,Puttur,Veerappareddypalem
Andhra Pradesh,Tirupati,Puttur,Vepagunta
Andhra Pradesh,Tirupati,Ramachandrapuram,Anupalle
Andhra Pradesh,Tirupati,Ramachandrapuram,Brahmanakalva
Andhra Pradesh,Tirupati,Ramachandrapuram,Chittathur Kale Palle
Andhra Pradesh,Tirupati,Ramachandrapuram,Chuttagunta Ramapuram
Andhra Pradesh,Tirupati,Ramachandrapuram,Gangireddi Palle
Andhra Pradesh,Tirupati,Ramachandrapuram,Kammapalle
Andhra Pradesh,Tirupati,Ramachandrapuram,Kattakinda Venkatapuram
Andhra Pradesh,Tirupati,Ramachandrapuram,Kuppambadur
Andhra Pradesh,Tirupati,Ramachandrapuram,Nadavaluru
Andhra Pradesh,Tirupati,Ramachandrapuram,Nennur
Andhra Pradesh,Tirupati,Ramachandrapuram,Netha Kuppam
Andhra Pradesh,Tirupati,Ramachandrapuram,Prasanna Venka Teshwara Puram
Andhra Pradesh,Tirupati,Ramachandrapuram,Ravillavaripalle
Andhra Pradesh,Tirupati,Ramachandrapuram,Rayal Cheruvu
Andhra Pradesh,Tirupati,Ramachandrapuram,Sanjeevaraya Puram
Andhra Pradesh,Tirupati,Ramachandrapuram,Sevoikalva
Andhra Pradesh,Tirupati,Ramachandrapuram,Sorakayalapalem
Andhra Pradesh,Tirupati,Renigunta,Adusupalem
Andhra Pradesh,Tirupati,Renigunta,Ammavaripatteda
Andhra Pradesh,Tirupati,Renigunta,Anagunta
Andhra Pradesh,Tirupati,Renigunta,Annasamipalle
Andhra Pradesh,Tirupati,Renigunta,Athuru
Andhra Pradesh,Tirupati,Renigunta,Balupalle
Andhra Pradesh,Tirupati,Renigunta,Dharmapuram Khandriga
Andhra Pradesh,Tirupati,Renigunta,Elamandyam
Andhra Pradesh,Tirupati,Renigunta,Erragunta
Andhra Pradesh,Tirupati,Renigunta,Erramareddipalem
Andhra Pradesh,Tirupati,Renigunta,Gajulamandyam
Andhra Pradesh,Tirupati,Renigunta,Jeepalem
Andhra Pradesh,Tirupati,Renigunta,Karakambadi (Rural)
Andhra Pradesh,Tirupati,Renigunta,Kothapalem
Andhra Pradesh,Tirupati,Renigunta,Kotramangalam
Andhra Pradesh,Tirupati,Renigunta,Krishnaiah Kalva
Andhra Pradesh,Tirupati,Renigunta,Krishnapuram
Andhra Pradesh,Tirupati,Renigunta,Kurukalva
Andhra Pradesh,Tirupati,Renigunta,Mamandur
Andhra Pradesh,Tirupati,Renigunta,Molagamudi
Andhra Pradesh,Tirupati,Renigunta,Nallapalem
Andhra Pradesh,Tirupati,Renigunta,Renigunta Agraharam
Andhra Pradesh,Tirupati,Renigunta,Renigunta (Ct)
Andhra Pradesh,Tirupati,Renigunta,R. Mallavaram
Andhra Pradesh,Tirupati,Renigunta,Sanjeevarayanipatteda
Andhra Pradesh,Tirupati,Renigunta,Srinivasaudasipuram
Andhra Pradesh,Tirupati,Renigunta,Surappakasam
Andhra Pradesh,Tirupati,Renigunta,Thandlam
Andhra Pradesh,Tirupati,Renigunta,Thathaiah Kalva
Andhra Pradesh,Tirupati,Renigunta,Thukivakam (Rural)
Andhra Pradesh,Tirupati,Renigunta,Vedullacheruvu
Andhra Pradesh,Tirupati,Renigunta,Venkatapuram
Andhra Pradesh,Tirupati,Satyavedu,Ambakam
Andhra Pradesh,Tirupati,Satyavedu,Appaiahpalem
Andhra Pradesh,Tirupati,Satyavedu,Aroor
Andhra Pradesh,Tirupati,Satyavedu,Chengambakam
Andhra Pradesh,Tirupati,Satyavedu,Cherivi
Andhra Pradesh,Tirupati,Satyavedu,Chinna Eetivakam
Andhra Pradesh,Tirupati,Satyavedu,Dalavai Agraharam
Andhra Pradesh,Tirupati,Satyavedu,Dasukuppam
Andhra Pradesh,Tirupati,Satyavedu,Gollavaripalem
Andhra Pradesh,Tirupati,Satyavedu,Irugulam
Andhra Pradesh,Tirupati,Satyavedu,Kadirvedu
Andhra Pradesh,Tirupati,Satyavedu,Kannavaram
Andhra Pradesh,Tirupati,Satyavedu,Kolladam
Andhra Pradesh,Tirupati,Satyavedu,Kothamarikuppam
Andhra Pradesh,Tirupati,Satyavedu,Madanambedu
Andhra Pradesh,Tirupati,Satyavedu,Madanamjeri
Andhra Pradesh,Tirupati,Satyavedu,Madanapalem
Andhra Pradesh,Tirupati,Satyavedu,Mallavaripalem
Andhra Pradesh,Tirupati,Satyavedu,Narasaraju Agraharam
Andhra Pradesh,Tirupati,Satyavedu,Pedda Eetivakam
Andhra Pradesh,Tirupati,Satyavedu,Pedukuppam
Andhra Pradesh,Tirupati,Satyavedu,Peradam
Andhra Pradesh,Tirupati,Satyavedu,Pravelavarmeswarapuram
Andhra Pradesh,Tirupati,Satyavedu,Rajagopalapuram
Andhra Pradesh,Tirupati,Satyavedu,Rallakuppam
Andhra Pradesh,Tirupati,Satyavedu,Satyavedu
Andhra Pradesh,Tirupati,Satyavedu,Senneri
Andhra Pradesh,Tirupati,Satyavedu,Sirunambudur
Andhra Pradesh,Tirupati,Satyavedu,Thondukuli
Andhra Pradesh,Tirupati,Satyavedu,Vanallor
Andhra Pradesh,Tirupati,Satyavedu,Venkataraju Khandriga
Andhra Pradesh,Tirupati,Srikalahasti,Akkurthy
Andhra Pradesh,Tirupati,Srikalahasti,Ammacheruvu
Andhra Pradesh,Tirupati,Srikalahasti,Ammapalem
Andhra Pradesh,Tirupati,Srikalahasti,Ananthapadmanabha Puram
Andhra Pradesh,Tirupati,Srikalahasti,Appalayagunta
Andhra Pradesh,Tirupati,Srikalahasti,Aravakothuru
Andhra Pradesh,Tirupati,Srikalahasti,Bahadur Venkatapuram
Andhra Pradesh,Tirupati,Srikalahasti,Bheemavaram
Andhra Pradesh,Tirupati,Srikalahasti,Bodavaripalle
Andhra Pradesh,Tirupati,Srikalahasti,Bokkasam Palem
Andhra Pradesh,Tirupati,Srikalahasti,Brahmanapalle
Andhra Pradesh,Tirupati,Srikalahasti,Challapalem
Andhra Pradesh,Tirupati,Srikalahasti,Cherlapalle
Andhra Pradesh,Tirupati,Srikalahasti,Cherlopalle Vyavasayapu Khandriga
Andhra Pradesh,Tirupati,Srikalahasti,Cherukulapadu
Andhra Pradesh,Tirupati,Srikalahasti,Chukkalanidigallu
Andhra Pradesh,Tirupati,Srikalahasti,Diguvaveedhi
Andhra Pradesh,Tirupati,Srikalahasti,Eguvaveedhi
Andhra Pradesh,Tirupati,Srikalahasti,Empedu
Andhra Pradesh,Tirupati,Srikalahasti,Erragudipadu
Andhra Pradesh,Tirupati,Srikalahasti,Gollapalle @ Venkatapuram
Andhra Pradesh,Tirupati,Srikalahasti,Govindaraopalle
Andhra Pradesh,Tirupati,Srikalahasti,Guntakindapalle
Andhra Pradesh,Tirupati,Srikalahasti,Inagalur
Andhra Pradesh,Tirupati,Srikalahasti,Kalavagunta
Andhra Pradesh,Tirupati,Srikalahasti,Kammakothur
Andhra Pradesh,Tirupati,Srikalahasti,Kapugunneri
Andhra Pradesh,Tirupati,Srikalahasti,Konerugunta
Andhra Pradesh,Tirupati,Srikalahasti,Kothapalle Chinthala
Andhra Pradesh,Tirupati,Srikalahasti,Kothuru @ Chellamambapuram
Andhra Pradesh,Tirupati,Srikalahasti,Kuntipudi
Andhra Pradesh,Tirupati,Srikalahasti,Madamala
Andhra Pradesh,Tirupati,Srikalahasti,Maddiledu
Andhra Pradesh,Tirupati,Srikalahasti,Mangalagunta
Andhra Pradesh,Tirupati,Srikalahasti,Mangalapuri
Andhra Pradesh,Tirupati,Srikalahasti,Mannavaram
Andhra Pradesh,Tirupati,Srikalahasti,Marrimakulachenu Khandriga
Andhra Pradesh,Tirupati,Srikalahasti,Melachur
Andhra Pradesh,Tirupati,Srikalahasti,Muchivolu
Andhra Pradesh,Tirupati,Srikalahasti,Muddumudi
Andhra Pradesh,Tirupati,Srikalahasti,Murthy Palem
Andhra Pradesh,Tirupati,Srikalahasti,Narayanapuram
Andhra Pradesh,Tirupati,Srikalahasti,Obulayapalle
Andhra Pradesh,Tirupati,Srikalahasti,Panagallu (Rural)
Andhra Pradesh,Tirupati,Srikalahasti,Papanapalle
Andhra Pradesh,Tirupati,Srikalahasti,Pathagunta
Andhra Pradesh,Tirupati,Srikalahasti,Penubaka
Andhra Pradesh,Tirupati,Srikalahasti,Poli
Andhra Pradesh,Tirupati,Srikalahasti,Pullareddi Khandriga
Andhra Pradesh,Tirupati,Srikalahasti,Rachagunneri
Andhra Pradesh,Tirupati,Srikalahasti,Ramalinga Puram
Andhra Pradesh,Tirupati,Srikalahasti,Ramanuja Palle
Andhra Pradesh,Tirupati,Srikalahasti,Ramapuram
Andhra Pradesh,Tirupati,Srikalahasti,Reddipalle
Andhra Pradesh,Tirupati,Srikalahasti,Sahasralingeswara Puram
Andhra Pradesh,Tirupati,Srikalahasti,Srikalahasti
Andhra Pradesh,Tirupati,Srikalahasti,Subbanaidu -Khandriga
Andhra Pradesh,Tirupati,Srikalahasti,Thondamanadu
Andhra Pradesh,Tirupati,Srikalahasti,Udamalapadu
Andhra Pradesh,Tirupati,Srikalahasti,Uranduru
Andhra Pradesh,Tirupati,Srikalahasti,Vagavedu
Andhra Pradesh,Tirupati,Srikalahasti,Vampalle
Andhra Pradesh,Tirupati,Srikalahasti,Vedam
Andhra Pradesh,Tirupati,Srikalahasti,Velampadu
Andhra Pradesh,Tirupati,Srikalahasti,Velavedu
Andhra Pradesh,Tirupati,Srikalahasti,Vengalam Palle @ Endrapalle
Andhra Pradesh,Tirupati,Srikalahasti,Yarlapudi
Andhra Pradesh,Tirupati,Sullurpeta,Abaka
Andhra Pradesh,Tirupati,Sullurpeta,Achukatla
Andhra Pradesh,Tirupati,Sullurpeta,Atakanithippa
Andhra Pradesh,Tirupati,Sullurpeta,Dama Nellore
Andhra Pradesh,Tirupati,Sullurpeta,Damaraya
Andhra Pradesh,Tirupati,Sullurpeta,Davadigunta
Andhra Pradesh,Tirupati,Sullurpeta,Degalapalem
Andhra Pradesh,Tirupati,Sullurpeta,Gopalareddipalem
Andhra Pradesh,Tirupati,Sullurpeta,Illupuru
Andhra Pradesh,Tirupati,Sullurpeta,Jangalapalle
Andhra Pradesh,Tirupati,Sullurpeta,Kadapatra
Andhra Pradesh,Tirupati,Sullurpeta,K.C.Narasimhunigunta
Andhra Pradesh,Tirupati,Sullurpeta,Kesavareddipalem
Andhra Pradesh,Tirupati,Sullurpeta,Komminenipalle
Andhra Pradesh,Tirupati,Sullurpeta,Konnembattu
Andhra Pradesh,Tirupati,Sullurpeta,Koridi
Andhra Pradesh,Tirupati,Sullurpeta,Kotapoluru
Andhra Pradesh,Tirupati,Sullurpeta,Krishnareddi Thagelu
Andhra Pradesh,Tirupati,Sullurpeta,Kudiri
Andhra Pradesh,Tirupati,Sullurpeta,Kudiri Thippa Khandrika
Andhra Pradesh,Tirupati,Sullurpeta,Mangalampadu
Andhra Pradesh,Tirupati,Sullurpeta,Manga Nellore
Andhra Pradesh,Tirupati,Sullurpeta,Mannarupoluru
Andhra Pradesh,Tirupati,Sullurpeta,Mannemutheri
Andhra Pradesh,Tirupati,Sullurpeta,Mathakamudi
Andhra Pradesh,Tirupati,Sullurpeta,Nadenlavari Khandrika
Andhra Pradesh,Tirupati,Sullurpeta,Nookalapalem
Andhra Pradesh,Tirupati,Sullurpeta,Padamati Khandrika
Andhra Pradesh,Tirupati,Sullurpeta,Pandalagunta
Andhra Pradesh,Tirupati,Sullurpeta,Pantrangam
Andhra Pradesh,Tirupati,Sullurpeta,Ramachandragunta
Andhra Pradesh,Tirupati,Sullurpeta,Samanthamallam
Andhra Pradesh,Tirupati,Sullurpeta,Sarvareddi Khandrika
Andhra Pradesh,Tirupati,Sullurpeta,Shar Project
Andhra Pradesh,Tirupati,Sullurpeta,Suddamadugu Thagelu
Andhra Pradesh,Tirupati,Sullurpeta,Suggupalle
Andhra Pradesh,Tirupati,Sullurpeta,Sulluru Japthikattubadi
Andhra Pradesh,Tirupati,Sullurpeta,Sulluru (Sullurpeta) (Ct)
Andhra Pradesh,Tirupati,Sullurpeta,Uggumudi
Andhra Pradesh,Tirupati,Sullurpeta,Vatrapalem
Andhra Pradesh,Tirupati,Sullurpeta,Velagalapannuru
Andhra Pradesh,Tirupati,Sullurpeta,Yerrabalem (Ct)
Andhra Pradesh,Tirupati,Sullurpeta,Yerrapalem
Andhra Pradesh,Tirupati,Sullurpeta,Zuvvi Chelika
Andhra Pradesh,Tirupati,Tada,Akkampeta
Andhra Pradesh,Tirupati,Tada,Andagundala
Andhra Pradesh,Tirupati,Tada,Bheemulavaripalem
Andhra Pradesh,Tirupati,Tada,Devuni Khandrika
Andhra Pradesh,Tirupati,Tada,Gollalamuluvu
Andhra Pradesh,Tirupati,Tada,Graddagunta
Andhra Pradesh,Tirupati,Tada,Irakam
Andhra Pradesh,Tirupati,Tada,Kadaluru
Andhra Pradesh,Tirupati,Tada,Karijatha
Andhra Pradesh,Tirupati,Tada,Karur
Andhra Pradesh,Tirupati,Tada,Konduru
Andhra Pradesh,Tirupati,Tada,Mambattu
Andhra Pradesh,Tirupati,Tada,Pallepalem
Andhra Pradesh,Tirupati,Tada,Pannamgadu
Andhra Pradesh,Tirupati,Tada,Periavattu
Andhra Pradesh,Tirupati,Tada,Pudi
Andhra Pradesh,Tirupati,Tada,Pulivendra
Andhra Pradesh,Tirupati,Tada,Ramapuram
Andhra Pradesh,Tirupati,Tada,Tada
Andhra Pradesh,Tirupati,Tada,Tada Khandrika (Ct)
Andhra Pradesh,Tirupati,Tada,Thopu Khandrika
Andhra Pradesh,Tirupati,Tada,Vatambedu
Andhra Pradesh,Tirupati,Tada,Velagalavagu
Andhra Pradesh,Tirupati,Tada,Venadu
Andhra Pradesh,Tirupati,Tada,Vendlurupadu
Andhra Pradesh,Tirupati,Thottambedu,Basavaiahpalem
Andhra Pradesh,Tirupati,Thottambedu,Bonupalle
Andhra Pradesh,Tirupati,Thottambedu,Chemuru
Andhra Pradesh,Tirupati,Thottambedu,Cheruku Ragappa Naidu Khandriga
Andhra Pradesh,Tirupati,Thottambedu,Chinna Singamala
Andhra Pradesh,Tirupati,Thottambedu,Chittathur
Andhra Pradesh,Tirupati,Thottambedu,Chiyyavaram
Andhra Pradesh,Tirupati,Thottambedu,Chodavaram
Andhra Pradesh,Tirupati,Thottambedu,Dainadu
Andhra Pradesh,Tirupati,Thottambedu,Dongalamudur
Andhra Pradesh,Tirupati,Thottambedu,Edulagunta
Andhra Pradesh,Tirupati,Thottambedu,Gottipudi
Andhra Pradesh,Tirupati,Thottambedu,Gowdamala
Andhra Pradesh,Tirupati,Thottambedu,Gummadigunta
Andhra Pradesh,Tirupati,Thottambedu,Gunteligunta @ L.N.Puram
Andhra Pradesh,Tirupati,Thottambedu,Gurukulapalem
Andhra Pradesh,Tirupati,Thottambedu,Ilaganur
Andhra Pradesh,Tirupati,Thottambedu,Kallipudi
Andhra Pradesh,Tirupati,Thottambedu,Kanchanapalle
Andhra Pradesh,Tirupati,Thottambedu,Kasaram
Andhra Pradesh,Tirupati,Thottambedu,Konathaneri
Andhra Pradesh,Tirupati,Thottambedu,Kondachenu Khandriga
Andhra Pradesh,Tirupati,Thottambedu,Konnali
Andhra Pradesh,Tirupati,Thottambedu,Mamidigunta
Andhra Pradesh,Tirupati,Thottambedu,Peddagunta Agraharam
Andhra Pradesh,Tirupati,Thottambedu,Peddakanaparthi
Andhra Pradesh,Tirupati,Thottambedu,Pedda Kannali
Andhra Pradesh,Tirupati,Thottambedu,Pennalapadu
Andhra Pradesh,Tirupati,Thottambedu,Pillamedu
Andhra Pradesh,Tirupati,Thottambedu,Poyya
Andhra Pradesh,Tirupati,Thottambedu,Pudi
Andhra Pradesh,Tirupati,Thottambedu,Rambhatlapalle
Andhra Pradesh,Tirupati,Thottambedu,Routhusuramala
Andhra Pradesh,Tirupati,Thottambedu,Sambaiahpalem
Andhra Pradesh,Tirupati,Thottambedu,Siddigunta @ Umama Heswara Puram
Andhra Pradesh,Tirupati,Thottambedu,Sivanadhapalem
Andhra Pradesh,Tirupati,Thottambedu,Srikrishnapuram
Andhra Pradesh,Tirupati,Thottambedu,Tatiparthy
Andhra Pradesh,Tirupati,Thottambedu,Thangellapalem
Andhra Pradesh,Tirupati,Thottambedu,Thottambedu
Andhra Pradesh,Tirupati,Thottambedu,Verupakshapuram
Andhra Pradesh,Tirupati,Tirupati (Rural),Avilala (Ct)
Andhra Pradesh,Tirupati,Tirupati (Rural),Brahmana Pattu
Andhra Pradesh,Tirupati,Tirupati (Rural),Btr Colony
Andhra Pradesh,Tirupati,Tirupati (Rural),Cherlopalle (Ct)
Andhra Pradesh,Tirupati,Tirupati (Rural),Chiguruwada North Khandriga
Andhra Pradesh,Tirupati,Tirupati (Rural),Chiguruwada South Khandriga
Andhra Pradesh,Tirupati,Tirupati (Rural),Daminedu
Andhra Pradesh,Tirupati,Tirupati (Rural),Durga Samudram
Andhra Pradesh,Tirupati,Tirupati (Rural),Gollapalle
Andhra Pradesh,Tirupati,Tirupati (Rural),Kalur
Andhra Pradesh,Tirupati,Tirupati (Rural),Kothur
Andhra Pradesh,Tirupati,Tirupati (Rural),Kuntrapakam
Andhra Pradesh,Tirupati,Tirupati (Rural),Kupu Chandra Peta
Andhra Pradesh,Tirupati,Tirupati (Rural),Mallam Gunta
Andhra Pradesh,Tirupati,Tirupati (Rural),Mallavaram
Andhra Pradesh,Tirupati,Tirupati (Rural),Mundlapudi
Andhra Pradesh,Tirupati,Tirupati (Rural),Muthyalareddipalli
Andhra Pradesh,Tirupati,Tirupati (Rural),Nallamani Kalva
Andhra Pradesh,Tirupati,Tirupati (Rural),Padi
Andhra Pradesh,Tirupati,Tirupati (Rural),Paidi Palle
Andhra Pradesh,Tirupati,Tirupati (Rural),Panakam
Andhra Pradesh,Tirupati,Tirupati (Rural),Patha Kalva
Andhra Pradesh,Tirupati,Tirupati (Rural),Perur (Ct)
Andhra Pradesh,Tirupati,Tirupati (Rural),Pudipatla
Andhra Pradesh,Tirupati,Tirupati (Rural),Ramanuja Palle
Andhra Pradesh,Tirupati,Tirupati (Rural),Thanapalle
Andhra Pradesh,Tirupati,Tirupati (Rural),Thummala Gunta (Part)
Andhra Pradesh,Tirupati,Tirupati (Rural),Tiruchanur (Ct)
Andhra Pradesh,Tirupati,Tirupati (Rural),Vedantha Puram
Andhra Pradesh,Tirupati,Tirupati (Rural),Vemur
Andhra Pradesh,Tirupati,Tirupati (Rural),Yogimallvaram
Andhra Pradesh,Tirupati,Tirupati (Urban),Akkarampalle (Ct)
Andhra Pradesh,Tirupati,Tirupati (Urban),Chennayyagunta
Andhra Pradesh,Tirupati,Tirupati (Urban),Konkachennaiahgunta
Andhra Pradesh,Tirupati,Tirupati (Urban),Mangalam (Ct)
Andhra Pradesh,Tirupati,Tirupati (Urban),Settipalle (Og)
Andhra Pradesh,Tirupati,Tirupati (Urban),Timminaidupalle (Og)
Andhra Pradesh,Tirupati,Tirupati (Urban),Tirumala (Ct)
Andhra Pradesh,Tirupati,Tirupati (Urban),Tirupati (Nma) (Ct)
Andhra Pradesh,Tirupati,Vadamalapet,Alimelu Manga Puram
Andhra Pradesh,Tirupati,Vadamalapet,Ayyannagaripalle
Andhra Pradesh,Tirupati,Vadamalapet,Kadirimangalam
Andhra Pradesh,Tirupati,Vadamalapet,Kallur
Andhra Pradesh,Tirupati,Vadamalapet,Kayam
Andhra Pradesh,Tirupati,Vadamalapet,K.G.Khandriga
Andhra Pradesh,Tirupati,Vadamalapet,Pachikalva
Andhra Pradesh,Tirupati,Vadamalapet,Padiredu
Andhra Pradesh,Tirupati,Vadamalapet,Padiredu Aranyam
Andhra Pradesh,Tirupati,Vadamalapet,Pathiputhuru
Andhra Pradesh,Tirupati,Vadamalapet,Pudi
Andhra Pradesh,Tirupati,Vadamalapet,Ramasamudram
Andhra Pradesh,Tirupati,Vadamalapet,Seethamma Agraharam
Andhra Pradesh,Tirupati,Vadamalapet,Seetharama Puram
Andhra Pradesh,Tirupati,Vadamalapet,Sri Bommaraju Puram
Andhra Pradesh,Tirupati,Vadamalapet,Srinivasapuram
Andhra Pradesh,Tirupati,Vadamalapet,S.V. Puram
Andhra Pradesh,Tirupati,Vadamalapet,T.C.Agraharam
Andhra Pradesh,Tirupati,Vadamalapet,Thatneri
Andhra Pradesh,Tirupati,Vadamalapet,Thirumandyam
Andhra Pradesh,Tirupati,Vadamalapet,Vadamala
Andhra Pradesh,Tirupati,Vadamalapet,Vemapuram
Andhra Pradesh,Tirupati,Vakadu,Andalamala
Andhra Pradesh,Tirupati,Vakadu,Budidalawagu
Andhra Pradesh,Tirupati,Vakadu,Cheemalapadu
Andhra Pradesh,Tirupati,Vakadu,Chennappagarimitta
Andhra Pradesh,Tirupati,Vakadu,Cherukumulam
Andhra Pradesh,Tirupati,Vakadu,Duggaraja Patnam
Andhra Pradesh,Tirupati,Vakadu,Durgavaram
Andhra Pradesh,Tirupati,Vakadu,Ganganapalem
Andhra Pradesh,Tirupati,Vakadu,Gundlu
Andhra Pradesh,Tirupati,Vakadu,Iskamattu
Andhra Pradesh,Tirupati,Vakadu,Jaminkothapalem
Andhra Pradesh,Tirupati,Vakadu,Juvvinattu
Andhra Pradesh,Tirupati,Vakadu,Kalluru
Andhra Pradesh,Tirupati,Vakadu,Kapparampadu
Andhra Pradesh,Tirupati,Vakadu,Kasipuram
Andhra Pradesh,Tirupati,Vakadu,Kodiwaka
Andhra Pradesh,Tirupati,Vakadu,Kondapuram
Andhra Pradesh,Tirupati,Vakadu,Konduru
Andhra Pradesh,Tirupati,Vakadu,Kotha Cheruvu @ Sahebulapalem
Andhra Pradesh,Tirupati,Vakadu,Manyalanattu
Andhra Pradesh,Tirupati,Vakadu,Molaganur
Andhra Pradesh,Tirupati,Vakadu,Muttembaka
Andhra Pradesh,Tirupati,Vakadu,Nagulamarri
Andhra Pradesh,Tirupati,Vakadu,Namkadu Bit - I
Andhra Pradesh,Tirupati,Vakadu,Namkadu Bit - II
Andhra Pradesh,Tirupati,Vakadu,Nellipudi
Andhra Pradesh,Tirupati,Vakadu,Pamanji
Andhra Pradesh,Tirupati,Vakadu,Pambali
Andhra Pradesh,Tirupati,Vakadu,Pathetipalem
Andhra Pradesh,Tirupati,Vakadu,Pedda Cheruvu
Andhra Pradesh,Tirupati,Vakadu,Pollakhandrika
Andhra Pradesh,Tirupati,Vakadu,Pudilayadoruvu
Andhra Pradesh,Tirupati,Vakadu,Pulikorru @ Balireddipalem
Andhra Pradesh,Tirupati,Vakadu,Reddipalem Bit - I
Andhra Pradesh,Tirupati,Vakadu,Reddipalem Bit - II
Andhra Pradesh,Tirupati,Vakadu,Tirumur
Andhra Pradesh,Tirupati,Vakadu,Uttara Polam
Andhra Pradesh,Tirupati,Vakadu,Vagarru @ Tupilipalem
Andhra Pradesh,Tirupati,Vakadu,Vakadu
Andhra Pradesh,Tirupati,Vakadu,Valamedu
Andhra Pradesh,Tirupati,Vakadu,Yaragatipalle
Andhra Pradesh,Tirupati,Varadaiahpalem,Ambur
Andhra Pradesh,Tirupati,Varadaiahpalem,Arudur
Andhra Pradesh,Tirupati,Varadaiahpalem,Ayyavaripalem
Andhra Pradesh,Tirupati,Varadaiahpalem,Chedulapakam
Andhra Pradesh,Tirupati,Varadaiahpalem,Chilamathur
Andhra Pradesh,Tirupati,Varadaiahpalem,Chinnapandur
Andhra Pradesh,Tirupati,Varadaiahpalem,C.L Naidu Palle
Andhra Pradesh,Tirupati,Varadaiahpalem,Gudalavaripalem
Andhra Pradesh,Tirupati,Varadaiahpalem,Isukapalem
Andhra Pradesh,Tirupati,Varadaiahpalem,Kadur
Andhra Pradesh,Tirupati,Varadaiahpalem,Kalathur
Andhra Pradesh,Tirupati,Varadaiahpalem,Kambakam
Andhra Pradesh,Tirupati,Varadaiahpalem,Karepakam
Andhra Pradesh,Tirupati,Varadaiahpalem,Kovurpadu
Andhra Pradesh,Tirupati,Varadaiahpalem,Kurinjalam
Andhra Pradesh,Tirupati,Varadaiahpalem,Kuvvakolli
Andhra Pradesh,Tirupati,Varadaiahpalem,Maradawada
Andhra Pradesh,Tirupati,Varadaiahpalem,Mopurapalle
Andhra Pradesh,Tirupati,Varadaiahpalem,Nellatur
Andhra Pradesh,Tirupati,Varadaiahpalem,Padirikuppam
Andhra Pradesh,Tirupati,Varadaiahpalem,Pandur
Andhra Pradesh,Tirupati,Varadaiahpalem,Racherla
Andhra Pradesh,Tirupati,Varadaiahpalem,Santhavellore
Andhra Pradesh,Tirupati,Varadaiahpalem,Sathambedu
Andhra Pradesh,Tirupati,Varadaiahpalem,Siddamma Agraharam
Andhra Pradesh,Tirupati,Varadaiahpalem,Thondambattu
Andhra Pradesh,Tirupati,Varadaiahpalem,Thondur
Andhra Pradesh,Tirupati,Varadaiahpalem,Varadaiahpalem
Andhra Pradesh,Tirupati,Varadaiahpalem,Vittaiah Palem
Andhra Pradesh,Tirupati,Varadaiahpalem,Yanadivettu
Andhra Pradesh,Tirupati,Venkatagiri,Akbarnivasa Khandrika
Andhra Pradesh,Tirupati,Venkatagiri,Akkamambapuram
Andhra Pradesh,Tirupati,Venkatagiri,Alivelu Mangapuram
Andhra Pradesh,Tirupati,Venkatagiri,Ammapalem
Andhra Pradesh,Tirupati,Venkatagiri,Ammavaripeta
Andhra Pradesh,Tirupati,Venkatagiri,Balasamudram
Andhra Pradesh,Tirupati,Venkatagiri,Bangarupeta
Andhra Pradesh,Tirupati,Venkatagiri,Bangaruyachasamudram
Andhra Pradesh,Tirupati,Venkatagiri,Basavayagunta
Andhra Pradesh,Tirupati,Venkatagiri,Bommagunta
Andhra Pradesh,Tirupati,Venkatagiri,Boppapuram
Andhra Pradesh,Tirupati,Venkatagiri,Busapalem
Andhra Pradesh,Tirupati,Venkatagiri,C.Guntavenganna Khandrika
Andhra Pradesh,Tirupati,Venkatagiri,Chelikampadu
Andhra Pradesh,Tirupati,Venkatagiri,Chelikampadu Mannegunta
Andhra Pradesh,Tirupati,Venkatagiri,Chevireddipalle
Andhra Pradesh,Tirupati,Venkatagiri,China Bandarupalle
Andhra Pradesh,Tirupati,Venkatagiri,China Gotlagunta
Andhra Pradesh,Tirupati,Venkatagiri,Chinnannapeta
Andhra Pradesh,Tirupati,Venkatagiri,Chintala Cheruvu Khandrika
Andhra Pradesh,Tirupati,Venkatagiri,Chinthagunta
Andhra Pradesh,Tirupati,Venkatagiri,Chinthalapallevari Khandrika
Andhra Pradesh,Tirupati,Venkatagiri,Dacheruvu
Andhra Pradesh,Tirupati,Venkatagiri,Dharmachatlavari Khandrika
Andhra Pradesh,Tirupati,Venkatagiri,Dharmapuram
Andhra Pradesh,Tirupati,Venkatagiri,Gotlagunta
Andhra Pradesh,Tirupati,Venkatagiri,Gundalasamudram
Andhra Pradesh,Tirupati,Venkatagiri,Jangalapalle
Andhra Pradesh,Tirupati,Venkatagiri,J.Appalacharyula Khandrika
Andhra Pradesh,Tirupati,Venkatagiri,Juvvimani Khandrika
Andhra Pradesh,Tirupati,Venkatagiri,Kalapadu
Andhra Pradesh,Tirupati,Venkatagiri,Kalavalapudi
Andhra Pradesh,Tirupati,Venkatagiri,Kammapalle
Andhra Pradesh,Tirupati,Venkatagiri,Kandanalapadu
Andhra Pradesh,Tirupati,Venkatagiri,Kummaragunta
Andhra Pradesh,Tirupati,Venkatagiri,Kummarapeta
Andhra Pradesh,Tirupati,Venkatagiri,Kuppampalle
Andhra Pradesh,Tirupati,Venkatagiri,Kurjagunta
Andhra Pradesh,Tirupati,Venkatagiri,Kylasanadhapuram
Andhra Pradesh,Tirupati,Venkatagiri,Lakshmirampalle
Andhra Pradesh,Tirupati,Venkatagiri,Lalapeta
Andhra Pradesh,Tirupati,Venkatagiri,Lingamanaidupalle
Andhra Pradesh,Tirupati,Venkatagiri,Madichenu Khandrika
Andhra Pradesh,Tirupati,Venkatagiri,Manigadaru Khandrika
Andhra Pradesh,Tirupati,Venkatagiri,Mannegunta
Andhra Pradesh,Tirupati,Venkatagiri,Mogallagunta
Andhra Pradesh,Tirupati,Venkatagiri,Mokkalapudi
Andhra Pradesh,Tirupati,Venkatagiri,Muddampalle
Andhra Pradesh,Tirupati,Venkatagiri,Palakonda Satram
Andhra Pradesh,Tirupati,Venkatagiri,Palemkota
Andhra Pradesh,Tirupati,Venkatagiri,Panjam
Andhra Pradesh,Tirupati,Venkatagiri,Papamambapuram
Andhra Pradesh,Tirupati,Venkatagiri,Papammacheruvu- Khandrika
Andhra Pradesh,Tirupati,Venkatagiri,Paravolu
Andhra Pradesh,Tirupati,Venkatagiri,Patrapalle
Andhra Pradesh,Tirupati,Venkatagiri,Peda Bandarupalle
Andhra Pradesh,Tirupati,Venkatagiri,Periyavaram
Andhra Pradesh,Tirupati,Venkatagiri,Petluru
Andhra Pradesh,Tirupati,Venkatagiri,Pogulavaripalle
Andhra Pradesh,Tirupati,Venkatagiri,Poolarangadupalle
Andhra Pradesh,Tirupati,Venkatagiri,Ramasastrulavari Khandrika
Andhra Pradesh,Tirupati,Venkatagiri,Siddavaram
Andhra Pradesh,Tirupati,Venkatagiri,Singamambapuram
Andhra Pradesh,Tirupati,Venkatagiri,Somasanigunta (Part)
Andhra Pradesh,Tirupati,Venkatagiri,Sunkaravaripalle
Andhra Pradesh,Tirupati,Venkatagiri,Thadikalapadu Khandrika
Andhra Pradesh,Tirupati,Venkatagiri,Thimmayagunta
Andhra Pradesh,Tirupati,Venkatagiri,Thripurantaka Bhatlapalle
Andhra Pradesh,Tirupati,Venkatagiri,Upparapalle
Andhra Pradesh,Tirupati,Venkatagiri,Vaddipalle
Andhra Pradesh,Tirupati,Venkatagiri,Vallivedu
Andhra Pradesh,Tirupati,Venkatagiri,Varadanapalle
Andhra Pradesh,Tirupati,Venkatagiri,Venkatagiri Town (U)
Andhra Pradesh,Tirupati,Venkatagiri,Vidwat Kumara Yachasamudram
Andhra Pradesh,Tirupati,Venkatagiri,Viswanadhapuram
Andhra Pradesh,Tirupati,Venkatagiri,Yachasamudram
Andhra Pradesh,Tirupati,Venkatagiri,Yathaluru
Andhra Pradesh,Tirupati,Yerpedu,Arugorla Khandriga
Andhra Pradesh,Tirupati,Yerpedu,Chellur
Andhra Pradesh,Tirupati,Yerpedu,Chindepalle
Andhra Pradesh,Tirupati,Yerpedu,Chinnajimedu
Andhra Pradesh,Tirupati,Yerpedu,Chintalapalem
Andhra Pradesh,Tirupati,Yerpedu,Durgiperi
Andhra Pradesh,Tirupati,Yerpedu,Gudimallam
Andhra Pradesh,Tirupati,Yerpedu,Isukathageli
Andhra Pradesh,Tirupati,Yerpedu,Kandadu
Andhra Pradesh,Tirupati,Yerpedu,Katrakayalagunta
Andhra Pradesh,Tirupati,Yerpedu,Kobaka
Andhra Pradesh,Tirupati,Yerpedu,Krishnampalle
Andhra Pradesh,Tirupati,Yerpedu,Madhavamala
Andhra Pradesh,Tirupati,Yerpedu,Mahankalideviputtur
Andhra Pradesh,Tirupati,Yerpedu,Mannasamudram
Andhra Pradesh,Tirupati,Yerpedu,Merlapaka
Andhra Pradesh,Tirupati,Yerpedu,Modugulapalem
Andhra Pradesh,Tirupati,Yerpedu,Munagalapalem
Andhra Pradesh,Tirupati,Yerpedu,Musalipedu
Andhra Pradesh,Tirupati,Yerpedu,Nachaneri
Andhra Pradesh,Tirupati,Yerpedu,Nagampalle
Andhra Pradesh,Tirupati,Yerpedu,Pagali
Andhra Pradesh,Tirupati,Yerpedu,Pallam
Andhra Pradesh,Tirupati,Yerpedu,Pangur
Andhra Pradesh,Tirupati,Yerpedu,Pathaveerapuram
Andhra Pradesh,Tirupati,Yerpedu,Peddanjimedu
Andhra Pradesh,Tirupati,Yerpedu,Pennagadam
Andhra Pradesh,Tirupati,Yerpedu,Penumallam
Andhra Pradesh,Tirupati,Yerpedu,Seetharampet
Andhra Pradesh,Tirupati,Yerpedu,Sreenivasapuram
Andhra Pradesh,Tirupati,Yerpedu,Vedulla Cheruvu
Andhra Pradesh,Tirupati,Yerpedu,Venkatapuram
Andhra Pradesh,Tirupati,Yerpedu,Vikruthamala
Andhra Pradesh,Tirupati,Yerpedu,Yerpedu
Andhra Pradesh,Tirupati,Yerravaripalem,Bodevandlapalle
Andhra Pradesh,Tirupati,Yerravaripalem,Chinthakunta
Andhra Pradesh,Tirupati,Yerravaripalem,Ellamanda
Andhra Pradesh,Tirupati,Yerravaripalem,Kamalayyavaripalle
Andhra Pradesh,Tirupati,Yerravaripalem,Nerabylu
Andhra Pradesh,Tirupati,Yerravaripalem,Udayamanikyam
Andhra Pradesh,Tirupati,Yerravaripalem,Udayamanikyam Agraharam
Andhra Pradesh,Tirupati,Yerravaripalem,Usthikayalapenta
Andhra Pradesh,Tirupati,Yerravaripalem,Venkataramarajupuram
Andhra Pradesh,Tirupati,Yerravaripalem,Yerravaripalem
Andhra Pradesh,Visakhapatnam,Anandapuram,Anandapuram
Andhra Pradesh,Visakhapatnam,Anandapuram,Bakurupalem
Andhra Pradesh,Visakhapatnam,Anandapuram,Bantupallivarikallalu
Andhra Pradesh,Visakhapatnam,Anandapuram,Bheemannadorapalem
Andhra Pradesh,Visakhapatnam,Anandapuram,Boni
Andhra Pradesh,Visakhapatnam,Anandapuram,Chandaka
Andhra Pradesh,Visakhapatnam,Anandapuram,Dabbanda
Andhra Pradesh,Visakhapatnam,Anandapuram,Gambheeram
Andhra Pradesh,Visakhapatnam,Anandapuram,Gandigundam
Andhra Pradesh,Visakhapatnam,Anandapuram,Gangasani Agraharam
Andhra Pradesh,Visakhapatnam,Anandapuram,Gidijala
Andhra Pradesh,Visakhapatnam,Anandapuram,Gorinta
Andhra Pradesh,Visakhapatnam,Anandapuram,Gottipalle
Andhra Pradesh,Visakhapatnam,Anandapuram,Gudilova
Andhra Pradesh,Visakhapatnam,Anandapuram,Jagannadhapuram
Andhra Pradesh,Visakhapatnam,Anandapuram,Kanamam
Andhra Pradesh,Visakhapatnam,Anandapuram,Kolavanipalem
Andhra Pradesh,Visakhapatnam,Anandapuram,Kusuluvada
Andhra Pradesh,Visakhapatnam,Anandapuram,Mamidilova
Andhra Pradesh,Visakhapatnam,Anandapuram,Mukundapuram
Andhra Pradesh,Visakhapatnam,Anandapuram,Mutcherla
Andhra Pradesh,Visakhapatnam,Anandapuram,Narayana Gajapathirajupuram
Andhra Pradesh,Visakhapatnam,Anandapuram,Palavalasa
Andhra Pradesh,Visakhapatnam,Anandapuram,Pandalapaka
Andhra Pradesh,Visakhapatnam,Anandapuram,Peddipalem
Andhra Pradesh,Visakhapatnam,Anandapuram,Pekeru
Andhra Pradesh,Visakhapatnam,Anandapuram,Ramavaram
Andhra Pradesh,Visakhapatnam,Anandapuram,Sirlapalem
Andhra Pradesh,Visakhapatnam,Anandapuram,Sontyam
Andhra Pradesh,Visakhapatnam,Anandapuram,Tangudubilli
Andhra Pradesh,Visakhapatnam,Anandapuram,Tarluvada
Andhra Pradesh,Visakhapatnam,Anandapuram,Vellanki
Andhra Pradesh,Visakhapatnam,Anandapuram,Vemulavalasa
Andhra Pradesh,Visakhapatnam,Bheemunipatnam,Amanam
Andhra Pradesh,Visakhapatnam,Bheemunipatnam,Annavaram
Andhra Pradesh,Visakhapatnam,Bheemunipatnam,Bhemmunipatnam
Andhra Pradesh,Visakhapatnam,Bheemunipatnam,Bodametlapalem
Andhra Pradesh,Visakhapatnam,Bheemunipatnam,Chepalappada
Andhra Pradesh,Visakhapatnam,Bheemunipatnam,Chippada
Andhra Pradesh,Visakhapatnam,Bheemunipatnam,Chittivalasa
Andhra Pradesh,Visakhapatnam,Bheemunipatnam,Dakamarri
Andhra Pradesh,Visakhapatnam,Bheemunipatnam,Jayanthivani Agraharam
Andhra Pradesh,Visakhapatnam,Bheemunipatnam,Kapuluppada
Andhra Pradesh,Visakhapatnam,Bheemunipatnam,K.Nagarapalem
Andhra Pradesh,Visakhapatnam,Bheemunipatnam,Kothavalasa
Andhra Pradesh,Visakhapatnam,Bheemunipatnam,Kummaripalem
Andhra Pradesh,Visakhapatnam,Bheemunipatnam,K V Bhumulu
Andhra Pradesh,Visakhapatnam,Bheemunipatnam,Laxmipuram
Andhra Pradesh,Visakhapatnam,Bheemunipatnam,Majjipeta
Andhra Pradesh,Visakhapatnam,Bheemunipatnam,Majjivalasa
Andhra Pradesh,Visakhapatnam,Bheemunipatnam,Mulakuddu (Ct)
Andhra Pradesh,Visakhapatnam,Bheemunipatnam,Nagarapalem
Andhra Pradesh,Visakhapatnam,Bheemunipatnam,Narayanarajupeta
Andhra Pradesh,Visakhapatnam,Bheemunipatnam,Nerellavalasa (Part)
Andhra Pradesh,Visakhapatnam,Bheemunipatnam,Nidigattu
Andhra Pradesh,Visakhapatnam,Bheemunipatnam,Peda Nagamayyapalem
Andhra Pradesh,Visakhapatnam,Bheemunipatnam,Ramayogi Agraharam
Andhra Pradesh,Visakhapatnam,Bheemunipatnam,Rekhavanipalem
Andhra Pradesh,Visakhapatnam,Bheemunipatnam,Singanabanda
Andhra Pradesh,Visakhapatnam,Bheemunipatnam,Singivalasa
Andhra Pradesh,Visakhapatnam,Bheemunipatnam,Tagarapuvalasa
Andhra Pradesh,Visakhapatnam,Bheemunipatnam,Tallavalasa (Part)
Andhra Pradesh,Visakhapatnam,Bheemunipatnam,Tatituru
Andhra Pradesh,Visakhapatnam,Gajuwaka,Aganampudi
Andhra Pradesh,Visakhapatnam,Gajuwaka,Akkireddypalem (U)
Andhra Pradesh,Visakhapatnam,Gajuwaka,Chinagantyada
Andhra Pradesh,Visakhapatnam,Gajuwaka,Dolphin Nose
Andhra Pradesh,Visakhapatnam,Gajuwaka,Duvvada
Andhra Pradesh,Visakhapatnam,Gajuwaka,Fakeertakya
Andhra Pradesh,Visakhapatnam,Gajuwaka,Gajuwaka
Andhra Pradesh,Visakhapatnam,Gajuwaka,Jaggarajupeta
Andhra Pradesh,Visakhapatnam,Gajuwaka,Kanithi
Andhra Pradesh,Visakhapatnam,Gajuwaka,Kondayavalasa
Andhra Pradesh,Visakhapatnam,Gajuwaka,Kurmannapalem
Andhra Pradesh,Visakhapatnam,Gajuwaka,Mindi
Andhra Pradesh,Visakhapatnam,Gajuwaka,Sanivada
Andhra Pradesh,Visakhapatnam,Gajuwaka,Talarivanipalem
Andhra Pradesh,Visakhapatnam,Gajuwaka,Thunglam (U)
Andhra Pradesh,Visakhapatnam,Gajuwaka,Vadlapudi
Andhra Pradesh,Visakhapatnam,Gajuwaka,Venkatapatirajupeta
Andhra Pradesh,Visakhapatnam,Gajuwaka,Yarada
Andhra Pradesh,Visakhapatnam,Gopalapatnam,Buchirajupalem
Andhra Pradesh,Visakhapatnam,Gopalapatnam,Gopalapathnam (1)
Andhra Pradesh,Visakhapatnam,Gopalapatnam,Kancharapalem
Andhra Pradesh,Visakhapatnam,Gopalapatnam,Kapparala
Andhra Pradesh,Visakhapatnam,Gopalapatnam,Madhavadhara
Andhra Pradesh,Visakhapatnam,Gopalapatnam,Marripalem
Andhra Pradesh,Visakhapatnam,Gopalapatnam,Pullambhattapalem
Andhra Pradesh,Visakhapatnam,Gopalapatnam,Venkatapuram
Andhra Pradesh,Visakhapatnam,Maharanipeta,Allipuram
Andhra Pradesh,Visakhapatnam,Mulagada,Gullalapalem
Andhra Pradesh,Visakhapatnam,Mulagada,Malkapuram
Andhra Pradesh,Visakhapatnam,Mulagada,Mulagaada
Andhra Pradesh,Visakhapatnam,Padmanabham,Ananthavaram
Andhra Pradesh,Visakhapatnam,Padmanabham,Ayinada
Andhra Pradesh,Visakhapatnam,Padmanabham,Bapirajutallavalasa
Andhra Pradesh,Visakhapatnam,Padmanabham,Bhandevupuram
Andhra Pradesh,Visakhapatnam,Padmanabham,Buddivalasa
Andhra Pradesh,Visakhapatnam,Padmanabham,Buddivalasa Agraharam
Andhra Pradesh,Visakhapatnam,Padmanabham,Chinnapuram
Andhra Pradesh,Visakhapatnam,Padmanabham,Gandhavaram
Andhra Pradesh,Visakhapatnam,Padmanabham,Janakidevipuram
Andhra Pradesh,Visakhapatnam,Padmanabham,Korada
Andhra Pradesh,Visakhapatnam,Padmanabham,Kovvada
Andhra Pradesh,Visakhapatnam,Padmanabham,Krishnapuram
Andhra Pradesh,Visakhapatnam,Padmanabham,Maddi
Andhra Pradesh,Visakhapatnam,Padmanabham,Narasapuram
Andhra Pradesh,Visakhapatnam,Padmanabham,Nerellavalasa
Andhra Pradesh,Visakhapatnam,Padmanabham,Padmanabham
Andhra Pradesh,Visakhapatnam,Padmanabham,Pandrangi
Andhra Pradesh,Visakhapatnam,Padmanabham,Penta
Andhra Pradesh,Visakhapatnam,Padmanabham,Potnuru
Andhra Pradesh,Visakhapatnam,Padmanabham,Reddipalle Agrahram
Andhra Pradesh,Visakhapatnam,Padmanabham,Revidi
Andhra Pradesh,Visakhapatnam,Padmanabham,Thimmapuram
Andhra Pradesh,Visakhapatnam,Padmanabham,Tunivalasa
Andhra Pradesh,Visakhapatnam,Padmanabham,Venkatapuram
Andhra Pradesh,Visakhapatnam,Padmanabham,Vijayarampuram
Andhra Pradesh,Visakhapatnam,Pedagantyada,Appikonda
Andhra Pradesh,Visakhapatnam,Pedagantyada,Desapatrunipalem
Andhra Pradesh,Visakhapatnam,Pedagantyada,Devada
Andhra Pradesh,Visakhapatnam,Pedagantyada,Kurada
Andhra Pradesh,Visakhapatnam,Pedagantyada,Nadipuru Part
Andhra Pradesh,Visakhapatnam,Pedagantyada,Nellimukku
Andhra Pradesh,Visakhapatnam,Pedagantyada,Pedagantyada (U)
Andhra Pradesh,Visakhapatnam,Pedagantyada,Siddeswaram
Andhra Pradesh,Visakhapatnam,Pendurthi,Cheemalapalle (R)
Andhra Pradesh,Visakhapatnam,Pendurthi,Chinnamushidivada
Andhra Pradesh,Visakhapatnam,Pendurthi,Chintagatla
Andhra Pradesh,Visakhapatnam,Pendurthi,Gorapalle
Andhra Pradesh,Visakhapatnam,Pendurthi,Gurrampalem
Andhra Pradesh,Visakhapatnam,Pendurthi,Jerripothulapalem
Andhra Pradesh,Visakhapatnam,Pendurthi,Juthada
Andhra Pradesh,Visakhapatnam,Pendurthi,Krishnarayapuram
Andhra Pradesh,Visakhapatnam,Pendurthi,Lakshmi Puram (R)
Andhra Pradesh,Visakhapatnam,Pendurthi,Mudapaka
Andhra Pradesh,Visakhapatnam,Pendurthi,Narava
Andhra Pradesh,Visakhapatnam,Pendurthi,Narayana Gajapati Rajapur 2
Andhra Pradesh,Visakhapatnam,Pendurthi,Peddagadi
Andhra Pradesh,Visakhapatnam,Pendurthi,Pinagadi
Andhra Pradesh,Visakhapatnam,Pendurthi,Porlupalem
Andhra Pradesh,Visakhapatnam,Pendurthi,Pulagalapalem
Andhra Pradesh,Visakhapatnam,Pendurthi,Purushothapuram
Andhra Pradesh,Visakhapatnam,Pendurthi,Rajayyapeta
Andhra Pradesh,Visakhapatnam,Pendurthi,Rampuram
Andhra Pradesh,Visakhapatnam,Pendurthi,Saripalle
Andhra Pradesh,Visakhapatnam,Pendurthi,Sowbhagya Rayapuram
Andhra Pradesh,Visakhapatnam,Pendurthi,Valimeraka
Andhra Pradesh,Visakhapatnam,Pendurthi,Vepagunta
Andhra Pradesh,Visakhapatnam,Seethammadhara,Chinnawaltair
Andhra Pradesh,Visakhapatnam,Seethammadhara,Dondaparthi
Andhra Pradesh,Visakhapatnam,Seethammadhara,Maddilapalem
Andhra Pradesh,Visakhapatnam,Seethammadhara,Peddavalteru
Andhra Pradesh,Visakhapatnam,Seethammadhara,Resapuvanipalem
Andhra Pradesh,Visakhapatnam,Seethammadhara,Venkojipalem
Andhra Pradesh,Visakhapatnam,Visakhapatnam (Rural),Adavivaram
Andhra Pradesh,Visakhapatnam,Visakhapatnam (Rural),Bakkannapalem
Andhra Pradesh,Visakhapatnam,Visakhapatnam (Rural),Chinagadila
Andhra Pradesh,Visakhapatnam,Visakhapatnam (Rural),Kommadi
Andhra Pradesh,Visakhapatnam,Visakhapatnam (Rural),Madhuravada (U)
Andhra Pradesh,Visakhapatnam,Visakhapatnam (Rural),Mudasallova
Andhra Pradesh,Visakhapatnam,Visakhapatnam (Rural),Paradesipalem
Andhra Pradesh,Visakhapatnam,Visakhapatnam (Rural),Potinamallayyapalem
Andhra Pradesh,Visakhapatnam,Visakhapatnam (Rural),Rushikonda
Andhra Pradesh,Visakhapatnam,Visakhapatnam (Rural),Yendada
Andhra Pradesh,Vizianagaram,Badangi,Akulakatta
Andhra Pradesh,Vizianagaram,Badangi,Anavaram
Andhra Pradesh,Vizianagaram,Badangi,Badangi
Andhra Pradesh,Vizianagaram,Badangi,Bheemavaram
Andhra Pradesh,Vizianagaram,Badangi,Butchampeta
Andhra Pradesh,Vizianagaram,Badangi,Donkinivalasa
Andhra Pradesh,Vizianagaram,Badangi,D.Venkayyapeta
Andhra Pradesh,Vizianagaram,Badangi,Gajarayunivalasa
Andhra Pradesh,Vizianagaram,Badangi,Golladi
Andhra Pradesh,Vizianagaram,Badangi,Gopalakrishnarangarayapuram
Andhra Pradesh,Vizianagaram,Badangi,Gudepuvalasa
Andhra Pradesh,Vizianagaram,Badangi,Kamannavalasa
Andhra Pradesh,Vizianagaram,Badangi,Koduru
Andhra Pradesh,Vizianagaram,Badangi,Kotipalle
Andhra Pradesh,Vizianagaram,Badangi,Krishnapuram
Andhra Pradesh,Vizianagaram,Badangi,Lakshmipuram
Andhra Pradesh,Vizianagaram,Badangi,Mallampeta
Andhra Pradesh,Vizianagaram,Badangi,Mugada
Andhra Pradesh,Vizianagaram,Badangi,Paltheru
Andhra Pradesh,Vizianagaram,Badangi,Pedapalle
Andhra Pradesh,Vizianagaram,Badangi,Pinapenki
Andhra Pradesh,Vizianagaram,Badangi,Pindrangivalasa
Andhra Pradesh,Vizianagaram,Badangi,Pudivalasa
Andhra Pradesh,Vizianagaram,Badangi,P.Venkampeta
Andhra Pradesh,Vizianagaram,Badangi,Ramachandra Puram
Andhra Pradesh,Vizianagaram,Badangi,Rejeru
Andhra Pradesh,Vizianagaram,Badangi,Tentuvalasa
Andhra Pradesh,Vizianagaram,Badangi,Vadada
Andhra Pradesh,Vizianagaram,Badangi,Veerasagaram
Andhra Pradesh,Vizianagaram,Bhogapuram,Amatam Ravivalasa
Andhra Pradesh,Vizianagaram,Bhogapuram,Basavapalem
Andhra Pradesh,Vizianagaram,Bhogapuram,Bhogapuram East
Andhra Pradesh,Vizianagaram,Bhogapuram,Bhogapuram West
Andhra Pradesh,Vizianagaram,Bhogapuram,Chakivalasa
Andhra Pradesh,Vizianagaram,Bhogapuram,Cherakupalle
Andhra Pradesh,Vizianagaram,Bhogapuram,Gudepuvalasa
Andhra Pradesh,Vizianagaram,Bhogapuram,Gudivada
Andhra Pradesh,Vizianagaram,Bhogapuram,Jaggayyapeta
Andhra Pradesh,Vizianagaram,Bhogapuram,Kancheru
Andhra Pradesh,Vizianagaram,Bhogapuram,Kancherupalem
Andhra Pradesh,Vizianagaram,Bhogapuram,Kavulavada
Andhra Pradesh,Vizianagaram,Bhogapuram,Kongavanipalem
Andhra Pradesh,Vizianagaram,Bhogapuram,Kotabhogapuram
Andhra Pradesh,Vizianagaram,Bhogapuram,Lakshmipuram
Andhra Pradesh,Vizianagaram,Bhogapuram,Munjeru
Andhra Pradesh,Vizianagaram,Bhogapuram,Nandigam
Andhra Pradesh,Vizianagaram,Bhogapuram,Polipalle
Andhra Pradesh,Vizianagaram,Bhogapuram,Rajapulova
Andhra Pradesh,Vizianagaram,Bhogapuram,Ravada
Andhra Pradesh,Vizianagaram,Bhogapuram,Savaravilli
Andhra Pradesh,Vizianagaram,Bhogapuram,Subbannapeta @ Pilakavani Agraharam
Andhra Pradesh,Vizianagaram,Bobbili,Alajangi
Andhra Pradesh,Vizianagaram,Bobbili,Bankuruvalasa
Andhra Pradesh,Vizianagaram,Bobbili,Bhojarajapuram
Andhra Pradesh,Vizianagaram,Bobbili,Bhubandavalasa
Andhra Pradesh,Vizianagaram,Bobbili,Bobbili
Andhra Pradesh,Vizianagaram,Bobbili,Burjavalasa (Near) Mettavalasa
Andhra Pradesh,Vizianagaram,Bobbili,Chintada
Andhra Pradesh,Vizianagaram,Bobbili,Chitrakota Boddavalasa
Andhra Pradesh,Vizianagaram,Bobbili,Donguruvalasa
Andhra Pradesh,Vizianagaram,Bobbili,Gollapalle
Andhra Pradesh,Vizianagaram,Bobbili,Gopalarayudupeta
Andhra Pradesh,Vizianagaram,Bobbili,Gorla Seetharampuram
Andhra Pradesh,Vizianagaram,Bobbili,Gunnathotavalasa
Andhra Pradesh,Vizianagaram,Bobbili,Jagannadhapuram (Near) Bobbili
Andhra Pradesh,Vizianagaram,Bobbili,Janardhana Ranga Rayapuram @ Kintalavanipeta
Andhra Pradesh,Vizianagaram,Bobbili,Janardhanarangarayapuram @ Kunukuvanivalasa
Andhra Pradesh,Vizianagaram,Bobbili,Kalavarai Agraharam
Andhra Pradesh,Vizianagaram,Bobbili,Kammavalasa
Andhra Pradesh,Vizianagaram,Bobbili,Karada
Andhra Pradesh,Vizianagaram,Bobbili,Kasidoravalasa
Andhra Pradesh,Vizianagaram,Bobbili,Komatipalle (Near) Bobbili
Andhra Pradesh,Vizianagaram,Bobbili,Kondadevupalle
Andhra Pradesh,Vizianagaram,Bobbili,Krishnapuram
Andhra Pradesh,Vizianagaram,Bobbili,Lingamvalasa
Andhra Pradesh,Vizianagaram,Bobbili,Mallampeta
Andhra Pradesh,Vizianagaram,Bobbili,Mettavalasa
Andhra Pradesh,Vizianagaram,Bobbili,Muttavalasa
Andhra Pradesh,Vizianagaram,Bobbili,Narayanappavalasa
Andhra Pradesh,Vizianagaram,Bobbili,Nimmalapadu
Andhra Pradesh,Vizianagaram,Bobbili,Pakki
Andhra Pradesh,Vizianagaram,Bobbili,Panukuvalasa (Near) Mettavalasa
Andhra Pradesh,Vizianagaram,Bobbili,Paradhi
Andhra Pradesh,Vizianagaram,Bobbili,Patha Bobbili (R)
Andhra Pradesh,Vizianagaram,Bobbili,Penta
Andhra Pradesh,Vizianagaram,Bobbili,Piridi
Andhra Pradesh,Vizianagaram,Bobbili,Rajupeta
Andhra Pradesh,Vizianagaram,Bobbili,Ramuduvalasa
Andhra Pradesh,Vizianagaram,Bobbili,Rangarayapuram
Andhra Pradesh,Vizianagaram,Bobbili,Seethayyapeta
Andhra Pradesh,Vizianagaram,Bobbili,Sivadavalasa
Andhra Pradesh,Vizianagaram,Bobbili,Vakadavalasa
Andhra Pradesh,Vizianagaram,Bobbili,Velagavalasa (Near) Addumanda
Andhra Pradesh,Vizianagaram,Bobbili,Venkatarayudu Peta
Andhra Pradesh,Vizianagaram,Bobbili,Vijayarampuram (Near) Mettavalasa
Andhra Pradesh,Vizianagaram,Bobbili,Yembanavalasa
Andhra Pradesh,Vizianagaram,Bondapalli,Ambativalasa
Andhra Pradesh,Vizianagaram,Bondapalli,Ayyanna Agraharam
Andhra Pradesh,Vizianagaram,Bondapalli,Billalavalasa
Andhra Pradesh,Vizianagaram,Bondapalli,Bondapalle
Andhra Pradesh,Vizianagaram,Bondapalli,Budatanapalle Rajeru
Andhra Pradesh,Vizianagaram,Bondapalli,Chamalavalasa
Andhra Pradesh,Vizianagaram,Bondapalli,Chintamarapalle
Andhra Pradesh,Vizianagaram,Bondapalli,Devupalle
Andhra Pradesh,Vizianagaram,Bondapalli,Garudabilli
Andhra Pradesh,Vizianagaram,Bondapalli,Gittupalle
Andhra Pradesh,Vizianagaram,Bondapalli,Gotlam
Andhra Pradesh,Vizianagaram,Bondapalli,Grahapati Agraharam
Andhra Pradesh,Vizianagaram,Bondapalli,Gumadam
Andhra Pradesh,Vizianagaram,Bondapalli,Inugantivenkanna Agraharam
Andhra Pradesh,Vizianagaram,Bondapalli,Jiyyannavalasa
Andhra Pradesh,Vizianagaram,Bondapalli,Kanimeraka
Andhra Pradesh,Vizianagaram,Bondapalli,Keratam
Andhra Pradesh,Vizianagaram,Bondapalli,Kindam Agraharam
Andhra Pradesh,Vizianagaram,Bondapalli,Kondakindam
Andhra Pradesh,Vizianagaram,Bondapalli,Kothapalem
Andhra Pradesh,Vizianagaram,Bondapalli,Kummarigunta Agraharam @ Mutyalammapeta
Andhra Pradesh,Vizianagaram,Bondapalli,Maruvada
Andhra Pradesh,Vizianagaram,Bondapalli,Maruvada Kothavalasa
Andhra Pradesh,Vizianagaram,Bondapalli,Mudduru
Andhra Pradesh,Vizianagaram,Bondapalli,Mulapadu Karrivanipalem
Andhra Pradesh,Vizianagaram,Bondapalli,Nelivada
Andhra Pradesh,Vizianagaram,Bondapalli,Ompilli
Andhra Pradesh,Vizianagaram,Bondapalli,Rachakindam
Andhra Pradesh,Vizianagaram,Bondapalli,Rayindram
Andhra Pradesh,Vizianagaram,Bondapalli,Rollavaka
Andhra Pradesh,Vizianagaram,Bondapalli,Tamatada
Andhra Pradesh,Vizianagaram,Bondapalli,Veduruvada
Andhra Pradesh,Vizianagaram,Bondapalli,Vendram
Andhra Pradesh,Vizianagaram,Cheepurupalli,Alajangi
Andhra Pradesh,Vizianagaram,Cheepurupalli,Anjaneyapuram
Andhra Pradesh,Vizianagaram,Cheepurupalli,Aridivalasa
Andhra Pradesh,Vizianagaram,Cheepurupalli,Bhoolokapathivarakattu
Andhra Pradesh,Vizianagaram,Cheepurupalli,Cheepurupalle (Ct)
Andhra Pradesh,Vizianagaram,Cheepurupalli,Chinanadipalle
Andhra Pradesh,Vizianagaram,Cheepurupalli,Devarapodilam
Andhra Pradesh,Vizianagaram,Cheepurupalli,Gatchalavalasa
Andhra Pradesh,Vizianagaram,Cheepurupalli,Gollalamulagam
Andhra Pradesh,Vizianagaram,Cheepurupalli,Gollalapalem
Andhra Pradesh,Vizianagaram,Cheepurupalli,Gulivindada Agraharam
Andhra Pradesh,Vizianagaram,Cheepurupalli,Gunidam
Andhra Pradesh,Vizianagaram,Cheepurupalli,Itikarlapalle
Andhra Pradesh,Vizianagaram,Cheepurupalli,Karakam
Andhra Pradesh,Vizianagaram,Cheepurupalli,Karlam
Andhra Pradesh,Vizianagaram,Cheepurupalli,Mettapalle
Andhra Pradesh,Vizianagaram,Cheepurupalli,Nimmalavalasa
Andhra Pradesh,Vizianagaram,Cheepurupalli,Palavalasa
Andhra Pradesh,Vizianagaram,Cheepurupalli,Parla
Andhra Pradesh,Vizianagaram,Cheepurupalli,Pathikayavalasa
Andhra Pradesh,Vizianagaram,Cheepurupalli,Peddanadi Palle
Andhra Pradesh,Vizianagaram,Cheepurupalli,Peripi
Andhra Pradesh,Vizianagaram,Cheepurupalli,Pothayavalasa (Itakarlapalle)
Andhra Pradesh,Vizianagaram,Cheepurupalli,Purreyavalasa
Andhra Pradesh,Vizianagaram,Cheepurupalli,Purushothama Swamivari Lakshmipuram
Andhra Pradesh,Vizianagaram,Cheepurupalli,Ramalingapuram
Andhra Pradesh,Vizianagaram,Cheepurupalli,Ravivalasa
Andhra Pradesh,Vizianagaram,Cheepurupalli,Sankupalem
Andhra Pradesh,Vizianagaram,Cheepurupalli,Sivarampuram
Andhra Pradesh,Vizianagaram,Cheepurupalli,Sumitrapuram
Andhra Pradesh,Vizianagaram,Cheepurupalli,Vijayarampuram
Andhra Pradesh,Vizianagaram,Cheepurupalli,Viswanadhapuram
Andhra Pradesh,Vizianagaram,Dattirajeru,Balabhadra Rajapuram
Andhra Pradesh,Vizianagaram,Dattirajeru,Bhojarajupuram
Andhra Pradesh,Vizianagaram,Dattirajeru,Bhupalarajapuram
Andhra Pradesh,Vizianagaram,Dattirajeru,Cherakupalle
Andhra Pradesh,Vizianagaram,Dattirajeru,China Chamalapalle
Andhra Pradesh,Vizianagaram,Dattirajeru,Chinakada
Andhra Pradesh,Vizianagaram,Dattirajeru,Chowdantivalasa
Andhra Pradesh,Vizianagaram,Dattirajeru,Dasupeta
Andhra Pradesh,Vizianagaram,Dattirajeru,Datti
Andhra Pradesh,Vizianagaram,Dattirajeru,Datti Rajeru
Andhra Pradesh,Vizianagaram,Dattirajeru,Datti Venkatapuram
Andhra Pradesh,Vizianagaram,Dattirajeru,Gadabavalasa
Andhra Pradesh,Vizianagaram,Dattirajeru,Gadasam
Andhra Pradesh,Vizianagaram,Dattirajeru,Gobhyam
Andhra Pradesh,Vizianagaram,Dattirajeru,Gutchimi
Andhra Pradesh,Vizianagaram,Dattirajeru,Ingilapalle
Andhra Pradesh,Vizianagaram,Dattirajeru,Kannam
Andhra Pradesh,Vizianagaram,Dattirajeru,Komatipalle
Andhra Pradesh,Vizianagaram,Dattirajeru,Korapa
Andhra Pradesh,Vizianagaram,Dattirajeru,Korapa Kothavalasa
Andhra Pradesh,Vizianagaram,Dattirajeru,Korapakrishna Puram
Andhra Pradesh,Vizianagaram,Dattirajeru,Lakshmipuram
Andhra Pradesh,Vizianagaram,Dattirajeru,Lingarajapuram
Andhra Pradesh,Vizianagaram,Dattirajeru,Maradam
Andhra Pradesh,Vizianagaram,Dattirajeru,Marrivalasa
Andhra Pradesh,Vizianagaram,Dattirajeru,M.Lingalavalasa
Andhra Pradesh,Vizianagaram,Dattirajeru,Neelakanta Rajapuram
Andhra Pradesh,Vizianagaram,Dattirajeru,Pachalavalasa
Andhra Pradesh,Vizianagaram,Dattirajeru,Pappala Lingalavalasa
Andhra Pradesh,Vizianagaram,Dattirajeru,Pedakada
Andhra Pradesh,Vizianagaram,Dattirajeru,Pedamanapuram
Andhra Pradesh,Vizianagaram,Dattirajeru,Porali
Andhra Pradesh,Vizianagaram,Dattirajeru,Sarayyavalasa
Andhra Pradesh,Vizianagaram,Dattirajeru,S. Burjavalasa
Andhra Pradesh,Vizianagaram,Dattirajeru,S.Chintalavalasa
Andhra Pradesh,Vizianagaram,Dattirajeru,Shikaruganji
Andhra Pradesh,Vizianagaram,Dattirajeru,Tadendoravalasa
Andhra Pradesh,Vizianagaram,Dattirajeru,Timiteru
Andhra Pradesh,Vizianagaram,Dattirajeru,Timiteru Burjavalasa
Andhra Pradesh,Vizianagaram,Dattirajeru,Vangara
Andhra Pradesh,Vizianagaram,Dattirajeru,Venkatakrishnaraja Puram
Andhra Pradesh,Vizianagaram,Dattirajeru,Vindhyavasi
Andhra Pradesh,Vizianagaram,Dattirajeru,Visweswararayapuram
Andhra Pradesh,Vizianagaram,Dattirajeru,Viziarama Gajapathi Rajapuram
Andhra Pradesh,Vizianagaram,Dattirajeru,Viziaramapuram
Andhra Pradesh,Vizianagaram,Dattirajeru,V. Krishnapuram
Andhra Pradesh,Vizianagaram,Denkada,Akkivaram
Andhra Pradesh,Vizianagaram,Denkada,Amakam
Andhra Pradesh,Vizianagaram,Denkada,Bangarrajupeta
Andhra Pradesh,Vizianagaram,Denkada,Bantupalle
Andhra Pradesh,Vizianagaram,Denkada,Bellam
Andhra Pradesh,Vizianagaram,Denkada,Boddavalasa
Andhra Pradesh,Vizianagaram,Denkada,Chintalavalasa (Ct)
Andhra Pradesh,Vizianagaram,Denkada,Chittigunkalam
Andhra Pradesh,Vizianagaram,Denkada,Chollangipeta
Andhra Pradesh,Vizianagaram,Denkada,Denkada
Andhra Pradesh,Vizianagaram,Denkada,Devunikollam
Andhra Pradesh,Vizianagaram,Denkada,D.Tallavalasa
Andhra Pradesh,Vizianagaram,Denkada,Dwarapureddi Palem
Andhra Pradesh,Vizianagaram,Denkada,Gantlam
Andhra Pradesh,Vizianagaram,Denkada,Golagam
Andhra Pradesh,Vizianagaram,Denkada,Gunupuru
Andhra Pradesh,Vizianagaram,Denkada,Jonnada
Andhra Pradesh,Vizianagaram,Denkada,Modavalasa
Andhra Pradesh,Vizianagaram,Denkada,Mopada
Andhra Pradesh,Vizianagaram,Denkada,Munginapalle
Andhra Pradesh,Vizianagaram,Denkada,Nathavalasa
Andhra Pradesh,Vizianagaram,Denkada,Pedada
Andhra Pradesh,Vizianagaram,Denkada,Pedatadivada
Andhra Pradesh,Vizianagaram,Denkada,Pinatadivada
Andhra Pradesh,Vizianagaram,Denkada,Raghumanda
Andhra Pradesh,Vizianagaram,Denkada,Rajula Tammapuram
Andhra Pradesh,Vizianagaram,Denkada,Singavaram
Andhra Pradesh,Vizianagaram,Denkada,Vedullavalasa
Andhra Pradesh,Vizianagaram,Gajapathinagaram,Bangarammapeta
Andhra Pradesh,Vizianagaram,Gajapathinagaram,Bhagiradhapuram
Andhra Pradesh,Vizianagaram,Gajapathinagaram,Bhudevipeta
Andhra Pradesh,Vizianagaram,Gajapathinagaram,Chittayyavalasa
Andhra Pradesh,Vizianagaram,Gajapathinagaram,Davalapeta
Andhra Pradesh,Vizianagaram,Gajapathinagaram,Dola Palem
Andhra Pradesh,Vizianagaram,Gajapathinagaram,Gajapathinagaram (Ct)
Andhra Pradesh,Vizianagaram,Gajapathinagaram,Gangachollapenta
Andhra Pradesh,Vizianagaram,Gajapathinagaram,Gudivada
Andhra Pradesh,Vizianagaram,Gajapathinagaram,Jinnam
Andhra Pradesh,Vizianagaram,Gajapathinagaram,Kalamrajupeta
Andhra Pradesh,Vizianagaram,Gajapathinagaram,Kenguva
Andhra Pradesh,Vizianagaram,Gajapathinagaram,Konisa
Andhra Pradesh,Vizianagaram,Gajapathinagaram,Kothabaggam
Andhra Pradesh,Vizianagaram,Gajapathinagaram,Lingalavalasa
Andhra Pradesh,Vizianagaram,Gajapathinagaram,Logisa
Andhra Pradesh,Vizianagaram,Gajapathinagaram,Madhupada
Andhra Pradesh,Vizianagaram,Gajapathinagaram,Marupalle
Andhra Pradesh,Vizianagaram,Gajapathinagaram,M.Kothavalasa
Andhra Pradesh,Vizianagaram,Gajapathinagaram,Mulakalagumadam
Andhra Pradesh,Vizianagaram,Gajapathinagaram,Mutcherla
Andhra Pradesh,Vizianagaram,Gajapathinagaram,M.Venkatapuram
Andhra Pradesh,Vizianagaram,Gajapathinagaram,Narayana Gajapathi Rajapuram
Andhra Pradesh,Vizianagaram,Gajapathinagaram,Pathabaggam
Andhra Pradesh,Vizianagaram,Gajapathinagaram,Patruvada
Andhra Pradesh,Vizianagaram,Gajapathinagaram,Pidiseela
Andhra Pradesh,Vizianagaram,Gajapathinagaram,Puritipenta
Andhra Pradesh,Vizianagaram,Gajapathinagaram,Ramannapeta
Andhra Pradesh,Vizianagaram,Gajapathinagaram,Rangupuram
Andhra Pradesh,Vizianagaram,Gajapathinagaram,Salipeta
Andhra Pradesh,Vizianagaram,Gajapathinagaram,Seetharamapuram
Andhra Pradesh,Vizianagaram,Gajapathinagaram,Sriranga Rajapuram
Andhra Pradesh,Vizianagaram,Gajapathinagaram,Thummikapalle
Andhra Pradesh,Vizianagaram,Gajapathinagaram,T.K.Seetharama Puram
Andhra Pradesh,Vizianagaram,Gajapathinagaram,Vemali
Andhra Pradesh,Vizianagaram,Gantyada,Addateega
Andhra Pradesh,Vizianagaram,Gantyada,Alaparthi
Andhra Pradesh,Vizianagaram,Gantyada,Bheemavaram
Andhra Pradesh,Vizianagaram,Gantyada,Bonangi
Andhra Pradesh,Vizianagaram,Gantyada,Budatanapalle
Andhra Pradesh,Vizianagaram,Gantyada,Buradapadu
Andhra Pradesh,Vizianagaram,Gantyada,Chandrampeta
Andhra Pradesh,Vizianagaram,Gantyada,Chinamanapuram
Andhra Pradesh,Vizianagaram,Gantyada,Diguvakondaparthi
Andhra Pradesh,Vizianagaram,Gantyada,Donkada
Andhra Pradesh,Vizianagaram,Gantyada,Eguvakondaparthi
Andhra Pradesh,Vizianagaram,Gantyada,Gantyada
Andhra Pradesh,Vizianagaram,Gantyada,Ginjeru
Andhra Pradesh,Vizianagaram,Gantyada,Godiyada
Andhra Pradesh,Vizianagaram,Gantyada,Jadderu
Andhra Pradesh,Vizianagaram,Gantyada,Jaggapuram
Andhra Pradesh,Vizianagaram,Gantyada,Karakavalasa
Andhra Pradesh,Vizianagaram,Gantyada,Kirtubarthi
Andhra Pradesh,Vizianagaram,Gantyada,Kondathamarapalle
Andhra Pradesh,Vizianagaram,Gantyada,Korlam
Andhra Pradesh,Vizianagaram,Gantyada,Kotarubilli
Andhra Pradesh,Vizianagaram,Gantyada,Kothavelagada
Andhra Pradesh,Vizianagaram,Gantyada,Lakhidam
Andhra Pradesh,Vizianagaram,Gantyada,Madhanapuram
Andhra Pradesh,Vizianagaram,Gantyada,Madhupada
Andhra Pradesh,Vizianagaram,Gantyada,Mokalapadu
Andhra Pradesh,Vizianagaram,Gantyada,Mosalikandi
Andhra Pradesh,Vizianagaram,Gantyada,Murapaka
Andhra Pradesh,Vizianagaram,Gantyada,Nandam
Andhra Pradesh,Vizianagaram,Gantyada,Narava
Andhra Pradesh,Vizianagaram,Gantyada,Neelavathi
Andhra Pradesh,Vizianagaram,Gantyada,Pedamajjipalem
Andhra Pradesh,Vizianagaram,Gantyada,Pedavemali
Andhra Pradesh,Vizianagaram,Gantyada,Penasam
Andhra Pradesh,Vizianagaram,Gantyada,Pentasrirampuram
Andhra Pradesh,Vizianagaram,Gantyada,Pollanki
Andhra Pradesh,Vizianagaram,Gantyada,Ramabhadrapuram
Andhra Pradesh,Vizianagaram,Gantyada,Ramavaram
Andhra Pradesh,Vizianagaram,Gantyada,Ravivalasa
Andhra Pradesh,Vizianagaram,Gantyada,Regubilli
Andhra Pradesh,Vizianagaram,Gantyada,Siripuram
Andhra Pradesh,Vizianagaram,Gantyada,Thatipudi
Andhra Pradesh,Vizianagaram,Gantyada,Vasadi
Andhra Pradesh,Vizianagaram,Gantyada,Vasantha
Andhra Pradesh,Vizianagaram,Gantyada,Yerakannamdora Seetharamapuram
Andhra Pradesh,Vizianagaram,Garividi,Appannavalasa
Andhra Pradesh,Vizianagaram,Garividi,Arthamuru
Andhra Pradesh,Vizianagaram,Garividi,Avagudem
Andhra Pradesh,Vizianagaram,Garividi,Baguvalasa
Andhra Pradesh,Vizianagaram,Garividi,Bondapalle
Andhra Pradesh,Vizianagaram,Garividi,Burravarigollala Palem
Andhra Pradesh,Vizianagaram,Garividi,Chandapuram
Andhra Pradesh,Vizianagaram,Garividi,Chukkavalasa
Andhra Pradesh,Vizianagaram,Garividi,Devada
Andhra Pradesh,Vizianagaram,Garividi,Dummeda
Andhra Pradesh,Vizianagaram,Garividi,Duvvam
Andhra Pradesh,Vizianagaram,Garividi,Gadabavalasa
Andhra Pradesh,Vizianagaram,Garividi,Gaddapuvalasa
Andhra Pradesh,Vizianagaram,Garividi,Garividi Town
Andhra Pradesh,Vizianagaram,Garividi,Gotnandi
Andhra Pradesh,Vizianagaram,Garividi,Itamvalasa
Andhra Pradesh,Vizianagaram,Garividi,Jagannadhapuram
Andhra Pradesh,Vizianagaram,Garividi,Kapusambham
Andhra Pradesh,Vizianagaram,Garividi,Kodur
Andhra Pradesh,Vizianagaram,Garividi,Kondadadi
Andhra Pradesh,Vizianagaram,Garividi,Konda Lakshmipuram
Andhra Pradesh,Vizianagaram,Garividi,Kondapalem At Sriramapuram
Andhra Pradesh,Vizianagaram,Garividi,Kondasambham
Andhra Pradesh,Vizianagaram,Garividi,Konuru
Andhra Pradesh,Vizianagaram,Garividi,K. Palavalasa
Andhra Pradesh,Vizianagaram,Garividi,Kumaram
Andhra Pradesh,Vizianagaram,Garividi,Mandiravalasa
Andhra Pradesh,Vizianagaram,Garividi,Mokhasaduggi Valasa
Andhra Pradesh,Vizianagaram,Garividi,Neeladripuram @ Surammapeta
Andhra Pradesh,Vizianagaram,Garividi,Regatiagraharam
Andhra Pradesh,Vizianagaram,Garividi,Seripeta
Andhra Pradesh,Vizianagaram,Garividi,Sivaram
Andhra Pradesh,Vizianagaram,Garividi,Sriramnagar (Ct)
Andhra Pradesh,Vizianagaram,Garividi,Thatiguda
Andhra Pradesh,Vizianagaram,Garividi,Thondrangi
Andhra Pradesh,Vizianagaram,Garividi,Vedullavalasa
Andhra Pradesh,Vizianagaram,Garividi,Venkupatrunirega
Andhra Pradesh,Vizianagaram,Garividi,Vijayarampuram (Near) Kumaram
Andhra Pradesh,Vizianagaram,Garividi,Yenuguvalasa
Andhra Pradesh,Vizianagaram,Gurla,Anandapuram
Andhra Pradesh,Vizianagaram,Gurla,Chinthalapeta
Andhra Pradesh,Vizianagaram,Gurla,Chinthapallipeta
Andhra Pradesh,Vizianagaram,Gurla,Chodavaram
Andhra Pradesh,Vizianagaram,Gurla,Damarasingi
Andhra Pradesh,Vizianagaram,Gurla,Devunikanapaka
Andhra Pradesh,Vizianagaram,Gurla,Garida
Andhra Pradesh,Vizianagaram,Gurla,Garikavalasa
Andhra Pradesh,Vizianagaram,Gurla,Golagam
Andhra Pradesh,Vizianagaram,Gurla,Gorlapeta Jagannadhapuram
Andhra Pradesh,Vizianagaram,Gurla,Goshada
Andhra Pradesh,Vizianagaram,Gurla,Gudem
Andhra Pradesh,Vizianagaram,Gurla,Gujjangivalasa
Andhra Pradesh,Vizianagaram,Gurla,Gurla
Andhra Pradesh,Vizianagaram,Gurla,Jammu
Andhra Pradesh,Vizianagaram,Gurla,Kalavacherla
Andhra Pradesh,Vizianagaram,Gurla,Kella
Andhra Pradesh,Vizianagaram,Gurla,Kondagandredu
Andhra Pradesh,Vizianagaram,Gurla,Kotagandredu
Andhra Pradesh,Vizianagaram,Gurla,Lavidam
Andhra Pradesh,Vizianagaram,Gurla,Manyapuripeta
Andhra Pradesh,Vizianagaram,Gurla,Meesalapeta
Andhra Pradesh,Vizianagaram,Gurla,Nadupuru
Andhra Pradesh,Vizianagaram,Gurla,Nagallavalasa
Andhra Pradesh,Vizianagaram,Gurla,Nakkalapeta
Andhra Pradesh,Vizianagaram,Gurla,Nallacheruvu
Andhra Pradesh,Vizianagaram,Gurla,Pakeerukittali
Andhra Pradesh,Vizianagaram,Gurla,Palavalasa
Andhra Pradesh,Vizianagaram,Gurla,Palligantredu
Andhra Pradesh,Vizianagaram,Gurla,Pedabantupalle
Andhra Pradesh,Vizianagaram,Gurla,Penubharthi
Andhra Pradesh,Vizianagaram,Gurla,Polayavalasa
Andhra Pradesh,Vizianagaram,Gurla,Ragolu
Andhra Pradesh,Vizianagaram,Gurla,Sadanandapuram
Andhra Pradesh,Vizianagaram,Gurla,Solipisomarajupeta
Andhra Pradesh,Vizianagaram,Gurla,Thathavarikittali
Andhra Pradesh,Vizianagaram,Gurla,Thatipudi
Andhra Pradesh,Vizianagaram,Gurla,Thettangi
Andhra Pradesh,Vizianagaram,Gurla,Vallapuram
Andhra Pradesh,Vizianagaram,Jami,Alamanda
Andhra Pradesh,Vizianagaram,Jami,Annamrajupeta
Andhra Pradesh,Vizianagaram,Jami,Attada
Andhra Pradesh,Vizianagaram,Jami,Bheemasingi
Andhra Pradesh,Vizianagaram,Jami,Chintada
Andhra Pradesh,Vizianagaram,Jami,Godikommu
Andhra Pradesh,Vizianagaram,Jami,Godikommu Singavaram
Andhra Pradesh,Vizianagaram,Jami,Jaddetivalasa
Andhra Pradesh,Vizianagaram,Jami,Jagaram
Andhra Pradesh,Vizianagaram,Jami,Jami
Andhra Pradesh,Vizianagaram,Jami,Jamiagraharam
Andhra Pradesh,Vizianagaram,Jami,Jannivalasa
Andhra Pradesh,Vizianagaram,Jami,Kalagada
Andhra Pradesh,Vizianagaram,Jami,Kirla
Andhra Pradesh,Vizianagaram,Jami,Kumaram
Andhra Pradesh,Vizianagaram,Jami,Lakshmipuram
Andhra Pradesh,Vizianagaram,Jami,Lotlapalle
Andhra Pradesh,Vizianagaram,Jami,Mamidipalle
Andhra Pradesh,Vizianagaram,Jami,Mokhasa Kothavalasa
Andhra Pradesh,Vizianagaram,Jami,Pavada
Andhra Pradesh,Vizianagaram,Jami,Ramabhadrapuram
Andhra Pradesh,Vizianagaram,Jami,Sasanapalle
Andhra Pradesh,Vizianagaram,Jami,Sirikipalem
Andhra Pradesh,Vizianagaram,Jami,Somayajulapalem
Andhra Pradesh,Vizianagaram,Jami,Thanavaram
Andhra Pradesh,Vizianagaram,Jami,Thandrangi
Andhra Pradesh,Vizianagaram,Jami,Venne
Andhra Pradesh,Vizianagaram,Jami,Vizinigiri
Andhra Pradesh,Vizianagaram,Kothavalasa,Ardhannapalem
Andhra Pradesh,Vizianagaram,Kothavalasa,Balighattam
Andhra Pradesh,Vizianagaram,Kothavalasa,Cheedivalasa
Andhra Pradesh,Vizianagaram,Kothavalasa,Cheepuruvalasa
Andhra Pradesh,Vizianagaram,Kothavalasa,Chinaraopalle
Andhra Pradesh,Vizianagaram,Kothavalasa,Chinnipalem
Andhra Pradesh,Vizianagaram,Kothavalasa,Chintalapalem
Andhra Pradesh,Vizianagaram,Kothavalasa,Dathi
Andhra Pradesh,Vizianagaram,Kothavalasa,Denderu
Andhra Pradesh,Vizianagaram,Kothavalasa,Devada
Andhra Pradesh,Vizianagaram,Kothavalasa,Ganisettipalem
Andhra Pradesh,Vizianagaram,Kothavalasa,Gulivindada
Andhra Pradesh,Vizianagaram,Kothavalasa,Kantakapalle
Andhra Pradesh,Vizianagaram,Kothavalasa,Katakapalle
Andhra Pradesh,Vizianagaram,Kothavalasa,Kothavalasa (Ct)
Andhra Pradesh,Vizianagaram,Kothavalasa,Mindivalasa Ramachandrapuram
Andhra Pradesh,Vizianagaram,Kothavalasa,Musiram
Andhra Pradesh,Vizianagaram,Kothavalasa,Narapam
Andhra Pradesh,Vizianagaram,Kothavalasa,Nimmalapalem
Andhra Pradesh,Vizianagaram,Kothavalasa,Pedaraopalle
Andhra Pradesh,Vizianagaram,Kothavalasa,Ramalingapuram
Andhra Pradesh,Vizianagaram,Kothavalasa,Rayapurajupeta
Andhra Pradesh,Vizianagaram,Kothavalasa,Relli
Andhra Pradesh,Vizianagaram,Kothavalasa,Santhapalem
Andhra Pradesh,Vizianagaram,Kothavalasa,Sundarayyapeta
Andhra Pradesh,Vizianagaram,Kothavalasa,Tummikapalle (Ct)
Andhra Pradesh,Vizianagaram,Kothavalasa,Uttarapalle
Andhra Pradesh,Vizianagaram,Kothavalasa,Veerabhadra Puram
Andhra Pradesh,Vizianagaram,Lakkavarapukota,Bheemali
Andhra Pradesh,Vizianagaram,Lakkavarapukota,Chanduluru
Andhra Pradesh,Vizianagaram,Lakkavarapukota,Dasullapalem
Andhra Pradesh,Vizianagaram,Lakkavarapukota,Gajapathinagarm
Andhra Pradesh,Vizianagaram,Lakkavarapukota,Gangubudi
Andhra Pradesh,Vizianagaram,Lakkavarapukota,Ganivada
Andhra Pradesh,Vizianagaram,Lakkavarapukota,Goljam
Andhra Pradesh,Vizianagaram,Lakkavarapukota,Kallampudi
Andhra Pradesh,Vizianagaram,Lakkavarapukota,Kallepalle
Andhra Pradesh,Vizianagaram,Lakkavarapukota,Khasapeta
Andhra Pradesh,Vizianagaram,Lakkavarapukota,Kithannapeta
Andhra Pradesh,Vizianagaram,Lakkavarapukota,Kotyada
Andhra Pradesh,Vizianagaram,Lakkavarapukota,Kudduvalasa
Andhra Pradesh,Vizianagaram,Lakkavarapukota,Kurmavaram
Andhra Pradesh,Vizianagaram,Lakkavarapukota,Lakkavarapukota
Andhra Pradesh,Vizianagaram,Lakkavarapukota,Lakkavarapukota Seetharampuram
Andhra Pradesh,Vizianagaram,Lakkavarapukota,Lakkavarapu Kota Talari
Andhra Pradesh,Vizianagaram,Lakkavarapukota,Latchampeta
Andhra Pradesh,Vizianagaram,Lakkavarapukota,Malliveedu
Andhra Pradesh,Vizianagaram,Lakkavarapukota,Marlapalle
Andhra Pradesh,Vizianagaram,Lakkavarapukota,Narasampeta
Andhra Pradesh,Vizianagaram,Lakkavarapukota,Neelakantapuram
Andhra Pradesh,Vizianagaram,Lakkavarapukota,Nidigattu
Andhra Pradesh,Vizianagaram,Lakkavarapukota,Pothampeta
Andhra Pradesh,Vizianagaram,Lakkavarapukota,Rangapuram
Andhra Pradesh,Vizianagaram,Lakkavarapukota,Rangarayapuram Agraharam
Andhra Pradesh,Vizianagaram,Lakkavarapukota,Rega
Andhra Pradesh,Vizianagaram,Lakkavarapukota,Relligavirammapeta
Andhra Pradesh,Vizianagaram,Lakkavarapukota,Sreerampuram
Andhra Pradesh,Vizianagaram,Lakkavarapukota,Tamarapalle
Andhra Pradesh,Vizianagaram,Lakkavarapukota,Veerabhadrapeta
Andhra Pradesh,Vizianagaram,Lakkavarapukota,Venkannapalem
Andhra Pradesh,Vizianagaram,Mentada,Aguru
Andhra Pradesh,Vizianagaram,Mentada,Amarayavalasa
Andhra Pradesh,Vizianagaram,Mentada,Andra
Andhra Pradesh,Vizianagaram,Mentada,Badevalasa
Andhra Pradesh,Vizianagaram,Mentada,Butchirajupeta
Andhra Pradesh,Vizianagaram,Mentada,Challapeta
Andhra Pradesh,Vizianagaram,Mentada,Chinamedapalle
Andhra Pradesh,Vizianagaram,Mentada,Chintalavalasa
Andhra Pradesh,Vizianagaram,Mentada,Gajamguddivalasa
Andhra Pradesh,Vizianagaram,Mentada,Gurlatammaraju Peta
Andhra Pradesh,Vizianagaram,Mentada,Gurramma Valasa
Andhra Pradesh,Vizianagaram,Mentada,Iddanavalasa
Andhra Pradesh,Vizianagaram,Mentada,Ippalavalasa
Andhra Pradesh,Vizianagaram,Mentada,Jakkuva
Andhra Pradesh,Vizianagaram,Mentada,Jayathi
Andhra Pradesh,Vizianagaram,Mentada,Khailam
Andhra Pradesh,Vizianagaram,Mentada,Kompangi
Andhra Pradesh,Vizianagaram,Mentada,Kondalingalavalasa
Andhra Pradesh,Vizianagaram,Mentada,Kuneru
Andhra Pradesh,Vizianagaram,Mentada,Kuntinavalasa
Andhra Pradesh,Vizianagaram,Mentada,Lothugedda
Andhra Pradesh,Vizianagaram,Mentada,Meesalapeta
Andhra Pradesh,Vizianagaram,Mentada,Mentada
Andhra Pradesh,Vizianagaram,Mentada,Mirthivalasa
Andhra Pradesh,Vizianagaram,Mentada,Nikkalavalasa
Andhra Pradesh,Vizianagaram,Mentada,Pedachamalapalle
Andhra Pradesh,Vizianagaram,Mentada,Pedamedapalle
Andhra Pradesh,Vizianagaram,Mentada,Pittada
Andhra Pradesh,Vizianagaram,Mentada,Poram
Andhra Pradesh,Vizianagaram,Mentada,Poramlova
Andhra Pradesh,Vizianagaram,Mentada,Puligummi
Andhra Pradesh,Vizianagaram,Mentada,Rabanda
Andhra Pradesh,Vizianagaram,Mentada,Seelavalasa
Andhra Pradesh,Vizianagaram,Mentada,Thimuruvalasa
Andhra Pradesh,Vizianagaram,Mentada,Uddangi
Andhra Pradesh,Vizianagaram,Mentada,Vankasomidi
Andhra Pradesh,Vizianagaram,Mentada,Vonija
Andhra Pradesh,Vizianagaram,Merakamudidam,Badam
Andhra Pradesh,Vizianagaram,Merakamudidam,Bhagirathipuram Agraharam
Andhra Pradesh,Vizianagaram,Merakamudidam,Bheemavaram
Andhra Pradesh,Vizianagaram,Merakamudidam,Bhyripuram
Andhra Pradesh,Vizianagaram,Merakamudidam,Billalavalasa
Andhra Pradesh,Vizianagaram,Merakamudidam,Budarayavalasa
Andhra Pradesh,Vizianagaram,Merakamudidam,Chellapuram
Andhra Pradesh,Vizianagaram,Merakamudidam,Chinabantupalle
Andhra Pradesh,Vizianagaram,Merakamudidam,Chinaravyam
Andhra Pradesh,Vizianagaram,Merakamudidam,Dasumanthapuram
Andhra Pradesh,Vizianagaram,Merakamudidam,Garbham
Andhra Pradesh,Vizianagaram,Merakamudidam,Garugubilli
Andhra Pradesh,Vizianagaram,Merakamudidam,Gathada @ Sriran Garaja Puram
Andhra Pradesh,Vizianagaram,Merakamudidam,Gollalavalasa
Andhra Pradesh,Vizianagaram,Merakamudidam,Gopannavalasa
Andhra Pradesh,Vizianagaram,Merakamudidam,Gottipalle
Andhra Pradesh,Vizianagaram,Merakamudidam,Ippalavalasa
Andhra Pradesh,Vizianagaram,Merakamudidam,Kondalaveru
Andhra Pradesh,Vizianagaram,Merakamudidam,Korlam
Andhra Pradesh,Vizianagaram,Merakamudidam,Kothakarra
Andhra Pradesh,Vizianagaram,Merakamudidam,Kunchigumadam
Andhra Pradesh,Vizianagaram,Merakamudidam,Marrivalasa
Andhra Pradesh,Vizianagaram,Merakamudidam,Merakamudidam
Andhra Pradesh,Vizianagaram,Merakamudidam,Pedaravyam
Andhra Pradesh,Vizianagaram,Merakamudidam,Potteduvalasa
Andhra Pradesh,Vizianagaram,Merakamudidam,Puligummi
Andhra Pradesh,Vizianagaram,Merakamudidam,Puthikavalasa
Andhra Pradesh,Vizianagaram,Merakamudidam,Rachagumadam
Andhra Pradesh,Vizianagaram,Merakamudidam,Ramayavalasa
Andhra Pradesh,Vizianagaram,Merakamudidam,Ravivalasa (Near) Mudidam
Andhra Pradesh,Vizianagaram,Merakamudidam,Sathamvalasa
Andhra Pradesh,Vizianagaram,Merakamudidam,Singavaram
Andhra Pradesh,Vizianagaram,Merakamudidam,Siridevipuram
Andhra Pradesh,Vizianagaram,Merakamudidam,Sivvamdoravalasa
Andhra Pradesh,Vizianagaram,Merakamudidam,Somalingapuram
Andhra Pradesh,Vizianagaram,Merakamudidam,Syamayavalasa
Andhra Pradesh,Vizianagaram,Merakamudidam,Uttaravilli
Andhra Pradesh,Vizianagaram,Merakamudidam,Vasudevapuram
Andhra Pradesh,Vizianagaram,Merakamudidam,Vishwanadha Puram
Andhra Pradesh,Vizianagaram,Merakamudidam,Vootapalle
Andhra Pradesh,Vizianagaram,Merakamudidam,Yadiki
Andhra Pradesh,Vizianagaram,Nellimarla,Alugolu
Andhra Pradesh,Vizianagaram,Nellimarla,Atmaramuni Agraharam
Andhra Pradesh,Vizianagaram,Nellimarla,Boppadam
Andhra Pradesh,Vizianagaram,Nellimarla,Buradapeta
Andhra Pradesh,Vizianagaram,Nellimarla,Dannanapeta
Andhra Pradesh,Vizianagaram,Nellimarla,D. Nelivada
Andhra Pradesh,Vizianagaram,Nellimarla,Garikapeta
Andhra Pradesh,Vizianagaram,Nellimarla,Gorlapeta
Andhra Pradesh,Vizianagaram,Nellimarla,Gushini
Andhra Pradesh,Vizianagaram,Nellimarla,Jarjapupeta (Ct)
Andhra Pradesh,Vizianagaram,Nellimarla,Kondagumpam
Andhra Pradesh,Vizianagaram,Nellimarla,Kondavelagada
Andhra Pradesh,Vizianagaram,Nellimarla,Koradapeta
Andhra Pradesh,Vizianagaram,Nellimarla,Lakshminarasimha Puram
Andhra Pradesh,Vizianagaram,Nellimarla,Madhupada
Andhra Pradesh,Vizianagaram,Nellimarla,Malyada
Andhra Pradesh,Vizianagaram,Nellimarla,Moidavijayaram Puram
Andhra Pradesh,Vizianagaram,Nellimarla,Nandigama Altipalem
Andhra Pradesh,Vizianagaram,Nellimarla,Neelamrajupeta
Andhra Pradesh,Vizianagaram,Nellimarla,Nellimarla (Ct)
Andhra Pradesh,Vizianagaram,Nellimarla,Parasam
Andhra Pradesh,Vizianagaram,Nellimarla,Pedatharimi
Andhra Pradesh,Vizianagaram,Nellimarla,Pinatharimi
Andhra Pradesh,Vizianagaram,Nellimarla,Puthikapeta
Andhra Pradesh,Vizianagaram,Nellimarla,Ramathirtham
Andhra Pradesh,Vizianagaram,Nellimarla,Saripalle
Andhra Pradesh,Vizianagaram,Nellimarla,Sathivada
Andhra Pradesh,Vizianagaram,Nellimarla,Seetharamunipeta
Andhra Pradesh,Vizianagaram,Nellimarla,Tekkali
Andhra Pradesh,Vizianagaram,Nellimarla,Thammapuram
Andhra Pradesh,Vizianagaram,Nellimarla,Thangudubilli
Andhra Pradesh,Vizianagaram,Nellimarla,Valluru
Andhra Pradesh,Vizianagaram,Nellimarla,Vommi
Andhra Pradesh,Vizianagaram,Poosapatirega,Alladapalem
Andhra Pradesh,Vizianagaram,Poosapatirega,Bharanikam
Andhra Pradesh,Vizianagaram,Poosapatirega,Borravanipalem
Andhra Pradesh,Vizianagaram,Poosapatirega,Chinabattivalasa
Andhra Pradesh,Vizianagaram,Poosapatirega,Chintapalle
Andhra Pradesh,Vizianagaram,Poosapatirega,Chodamma Agraharam
Andhra Pradesh,Vizianagaram,Poosapatirega,Chowduvada
Andhra Pradesh,Vizianagaram,Poosapatirega,Gaitula Chodavaram
Andhra Pradesh,Vizianagaram,Poosapatirega,Govindapuram
Andhra Pradesh,Vizianagaram,Poosapatirega,Gumpam
Andhra Pradesh,Vizianagaram,Poosapatirega,Kamavaram
Andhra Pradesh,Vizianagaram,Poosapatirega,Kandivalasa
Andhra Pradesh,Vizianagaram,Poosapatirega,Kanimella
Andhra Pradesh,Vizianagaram,Poosapatirega,Kanimetta
Andhra Pradesh,Vizianagaram,Poosapatirega,Kollayavalasa
Andhra Pradesh,Vizianagaram,Poosapatirega,Konada
Andhra Pradesh,Vizianagaram,Poosapatirega,Konayyapalem
Andhra Pradesh,Vizianagaram,Poosapatirega,Kopperla
Andhra Pradesh,Vizianagaram,Poosapatirega,Kovvada Agraharam
Andhra Pradesh,Vizianagaram,Poosapatirega,Krishnapuram
Andhra Pradesh,Vizianagaram,Poosapatirega,Kumili
Andhra Pradesh,Vizianagaram,Poosapatirega,Lankalapallipalem
Andhra Pradesh,Vizianagaram,Poosapatirega,Lova Jagannadha Puram
Andhra Pradesh,Vizianagaram,Poosapatirega,Nadipalle
Andhra Pradesh,Vizianagaram,Poosapatirega,Palanki
Andhra Pradesh,Vizianagaram,Poosapatirega,Pasupam
Andhra Pradesh,Vizianagaram,Poosapatirega,Pathivada
Andhra Pradesh,Vizianagaram,Poosapatirega,Pedabattivalasa
Andhra Pradesh,Vizianagaram,Poosapatirega,Perapuram
Andhra Pradesh,Vizianagaram,Poosapatirega,Poram
Andhra Pradesh,Vizianagaram,Poosapatirega,Pusapatipalem
Andhra Pradesh,Vizianagaram,Poosapatirega,Pusapatirega
Andhra Pradesh,Vizianagaram,Poosapatirega,Rellivalasa
Andhra Pradesh,Vizianagaram,Poosapatirega,Roluchappidi
Andhra Pradesh,Vizianagaram,Poosapatirega,Thottadam
Andhra Pradesh,Vizianagaram,Poosapatirega,Vempadam
Andhra Pradesh,Vizianagaram,Poosapatirega,Yerukonda
Andhra Pradesh,Vizianagaram,Rajam,Aguru
Andhra Pradesh,Vizianagaram,Rajam,Amaram
Andhra Pradesh,Vizianagaram,Rajam,Anthakapalli
Andhra Pradesh,Vizianagaram,Rajam,Boddam
Andhra Pradesh,Vizianagaram,Rajam,Boddavalasa
Andhra Pradesh,Vizianagaram,Rajam,Bomminaidu Valasa
Andhra Pradesh,Vizianagaram,Rajam,D.R.N. Valasa
Andhra Pradesh,Vizianagaram,Rajam,Gadimudidam
Andhra Pradesh,Vizianagaram,Rajam,Garraju Cheepurupalli
Andhra Pradesh,Vizianagaram,Rajam,Gopalapuram
Andhra Pradesh,Vizianagaram,Rajam,Guravam
Andhra Pradesh,Vizianagaram,Rajam,Guyyanna Valasa
Andhra Pradesh,Vizianagaram,Rajam,Illamnaidu Valasa
Andhra Pradesh,Vizianagaram,Rajam,Kancharam
Andhra Pradesh,Vizianagaram,Rajam,Kondampeta
Andhra Pradesh,Vizianagaram,Rajam,Kotaripuram
Andhra Pradesh,Vizianagaram,Rajam,Kothavalasa
Andhra Pradesh,Vizianagaram,Rajam,Maredubaka
Andhra Pradesh,Vizianagaram,Rajam,Muddadajogi Valasa
Andhra Pradesh,Vizianagaram,Rajam,Nandabalaga
Andhra Pradesh,Vizianagaram,Rajam,Ommi
Andhra Pradesh,Vizianagaram,Rajam,Penubaka
Andhra Pradesh,Vizianagaram,Rajam,Pogiri
Andhra Pradesh,Vizianagaram,Rajam,Rajam
Andhra Pradesh,Vizianagaram,Rajam,Rajayyapeta
Andhra Pradesh,Vizianagaram,Rajam,Ramanujulapeta
Andhra Pradesh,Vizianagaram,Rajam,Saradhi
Andhra Pradesh,Vizianagaram,Rajam,Soperu
Andhra Pradesh,Vizianagaram,Rajam,Syampuram
Andhra Pradesh,Vizianagaram,Rajam,Vijayaramapuram
Andhra Pradesh,Vizianagaram,Rajam,V R Agraharam
Andhra Pradesh,Vizianagaram,Ramabhadrapuram,Appalarajupeta
Andhra Pradesh,Vizianagaram,Ramabhadrapuram,Arikatota
Andhra Pradesh,Vizianagaram,Ramabhadrapuram,Busayavalasa
Andhra Pradesh,Vizianagaram,Ramabhadrapuram,Chandapuram
Andhra Pradesh,Vizianagaram,Ramabhadrapuram,Chintalavalasa
Andhra Pradesh,Vizianagaram,Ramabhadrapuram,Duppalapudi
Andhra Pradesh,Vizianagaram,Ramabhadrapuram,Enubaruvu
Andhra Pradesh,Vizianagaram,Ramabhadrapuram,Gangannapalavalasa @ Tatavaripalavalasa
Andhra Pradesh,Vizianagaram,Ramabhadrapuram,Gollapeta
Andhra Pradesh,Vizianagaram,Ramabhadrapuram,Itlamamidipalle
Andhra Pradesh,Vizianagaram,Ramabhadrapuram,Jannivalasa
Andhra Pradesh,Vizianagaram,Ramabhadrapuram,Kondakenguva
Andhra Pradesh,Vizianagaram,Ramabhadrapuram,Kondapalavalasa
Andhra Pradesh,Vizianagaram,Ramabhadrapuram,Kotasirlam
Andhra Pradesh,Vizianagaram,Ramabhadrapuram,Kottakki
Andhra Pradesh,Vizianagaram,Ramabhadrapuram,Lollarapadu
Andhra Pradesh,Vizianagaram,Ramabhadrapuram,Mamidivalasa
Andhra Pradesh,Vizianagaram,Ramabhadrapuram,Marrivalasa
Andhra Pradesh,Vizianagaram,Ramabhadrapuram,Mulachelagam
Andhra Pradesh,Vizianagaram,Ramabhadrapuram,Mutcherlavalasa
Andhra Pradesh,Vizianagaram,Ramabhadrapuram,Naiduvalasa
Andhra Pradesh,Vizianagaram,Ramabhadrapuram,Narasapuram
Andhra Pradesh,Vizianagaram,Ramabhadrapuram,Patarega
Andhra Pradesh,Vizianagaram,Ramabhadrapuram,Pedachelagam
Andhra Pradesh,Vizianagaram,Ramabhadrapuram,Ramabhadrapuram
Andhra Pradesh,Vizianagaram,Ramabhadrapuram,Ravivalasa
Andhra Pradesh,Vizianagaram,Ramabhadrapuram,Rompalle
Andhra Pradesh,Vizianagaram,Ramabhadrapuram,Rompallivalasa
Andhra Pradesh,Vizianagaram,Ramabhadrapuram,Samarthula Chintalavalasa
Andhra Pradesh,Vizianagaram,Ramabhadrapuram,Seetharampuram
Andhra Pradesh,Vizianagaram,Ramabhadrapuram,Sompuram
Andhra Pradesh,Vizianagaram,Ramabhadrapuram,Tarapuram
Andhra Pradesh,Vizianagaram,Regidi Amadalavalasa,Adavaram
Andhra Pradesh,Vizianagaram,Regidi Amadalavalasa,Akkanna Agraharam
Andhra Pradesh,Vizianagaram,Regidi Amadalavalasa,Amadalavalasa
Andhra Pradesh,Vizianagaram,Regidi Amadalavalasa,Ambada
Andhra Pradesh,Vizianagaram,Regidi Amadalavalasa,Ambakhandi
Andhra Pradesh,Vizianagaram,Regidi Amadalavalasa,Appapuram
Andhra Pradesh,Vizianagaram,Regidi Amadalavalasa,Balakavi Valasa
Andhra Pradesh,Vizianagaram,Regidi Amadalavalasa,Boddavalasa
Andhra Pradesh,Vizianagaram,Regidi Amadalavalasa,Burada
Andhra Pradesh,Vizianagaram,Regidi Amadalavalasa,Chatayya Valasa
Andhra Pradesh,Vizianagaram,Regidi Amadalavalasa,Cheli Gani Valasa
Andhra Pradesh,Vizianagaram,Regidi Amadalavalasa,China Sirlam
Andhra Pradesh,Vizianagaram,Regidi Amadalavalasa,Devudala
Andhra Pradesh,Vizianagaram,Regidi Amadalavalasa,Gopem Peta
Andhra Pradesh,Vizianagaram,Regidi Amadalavalasa,Gulla Padu
Andhra Pradesh,Vizianagaram,Regidi Amadalavalasa,Jodu Bandala
Andhra Pradesh,Vizianagaram,Regidi Amadalavalasa,Kandisa
Andhra Pradesh,Vizianagaram,Regidi Amadalavalasa,Khandyam
Andhra Pradesh,Vizianagaram,Regidi Amadalavalasa,Kodisa
Andhra Pradesh,Vizianagaram,Regidi Amadalavalasa,Komera
Andhra Pradesh,Vizianagaram,Regidi Amadalavalasa,Kondala Mamidi Valasa
Andhra Pradesh,Vizianagaram,Regidi Amadalavalasa,Konda Valasa
Andhra Pradesh,Vizianagaram,Regidi Amadalavalasa,Korla Valasa
Andhra Pradesh,Vizianagaram,Regidi Amadalavalasa,Latchanna Valasa
Andhra Pradesh,Vizianagaram,Regidi Amadalavalasa,Latcha Rayapuram
Andhra Pradesh,Vizianagaram,Regidi Amadalavalasa,Laxmipuram
Andhra Pradesh,Vizianagaram,Regidi Amadalavalasa,Lingala Valasa
Andhra Pradesh,Vizianagaram,Regidi Amadalavalasa,Mulakala Valasa
Andhra Pradesh,Vizianagaram,Regidi Amadalavalasa,Nairalu Valasa
Andhra Pradesh,Vizianagaram,Regidi Amadalavalasa,Panasala Valasa
Andhra Pradesh,Vizianagaram,Regidi Amadalavalasa,Parampeta
Andhra Pradesh,Vizianagaram,Regidi Amadalavalasa,Peda Sirlam
Andhra Pradesh,Vizianagaram,Regidi Amadalavalasa,Poram
Andhra Pradesh,Vizianagaram,Regidi Amadalavalasa,Purli
Andhra Pradesh,Vizianagaram,Regidi Amadalavalasa,Ranga Rayapuram
Andhra Pradesh,Vizianagaram,Regidi Amadalavalasa,Regidi
Andhra Pradesh,Vizianagaram,Regidi Amadalavalasa,Sankili
Andhra Pradesh,Vizianagaram,Regidi Amadalavalasa,Sarasana Palle
Andhra Pradesh,Vizianagaram,Regidi Amadalavalasa,Somarajupeta
Andhra Pradesh,Vizianagaram,Regidi Amadalavalasa,Tatipadu
Andhra Pradesh,Vizianagaram,Regidi Amadalavalasa,Tunivada
Andhra Pradesh,Vizianagaram,Regidi Amadalavalasa,Ungarada
Andhra Pradesh,Vizianagaram,Regidi Amadalavalasa,Unukuru
Andhra Pradesh,Vizianagaram,Regidi Amadalavalasa,Uppara Naiduvalasa
Andhra Pradesh,Vizianagaram,Regidi Amadalavalasa,Vandanapeta
Andhra Pradesh,Vizianagaram,Regidi Amadalavalasa,Vannali
Andhra Pradesh,Vizianagaram,Regidi Amadalavalasa,Vavila Valasa
Andhra Pradesh,Vizianagaram,Regidi Amadalavalasa,Venkam Peta
Andhra Pradesh,Vizianagaram,Regidi Amadalavalasa,Venkatapuram
Andhra Pradesh,Vizianagaram,Regidi Amadalavalasa,Venkata Rangaraya Puram
Andhra Pradesh,Vizianagaram,Regidi Amadalavalasa,Voppangi
Andhra Pradesh,Vizianagaram,Santhakaviti,Akkarapalle
Andhra Pradesh,Vizianagaram,Santhakaviti,Appalaagraharam
Andhra Pradesh,Vizianagaram,Santhakaviti,Billani
Andhra Pradesh,Vizianagaram,Santhakaviti,Bodduru
Andhra Pradesh,Vizianagaram,Santhakaviti,Chennaiahpeta
Andhra Pradesh,Vizianagaram,Santhakaviti,Chintalapeta
Andhra Pradesh,Vizianagaram,Santhakaviti,Chittaripuram
Andhra Pradesh,Vizianagaram,Santhakaviti,Garanaidupeta
Andhra Pradesh,Vizianagaram,Santhakaviti,Garikipadu
Andhra Pradesh,Vizianagaram,Santhakaviti,Geddavalasa Narasimha Puram
Andhra Pradesh,Vizianagaram,Santhakaviti,Gollavalasa
Andhra Pradesh,Vizianagaram,Santhakaviti,Govindapuram
Andhra Pradesh,Vizianagaram,Santhakaviti,Gullaseetharama Puram
Andhra Pradesh,Vizianagaram,Santhakaviti,Honjaram
Andhra Pradesh,Vizianagaram,Santhakaviti,Janakipuram
Andhra Pradesh,Vizianagaram,Santhakaviti,Javam
Andhra Pradesh,Vizianagaram,Santhakaviti,Kakarapalle
Andhra Pradesh,Vizianagaram,Santhakaviti,Kavali
Andhra Pradesh,Vizianagaram,Santhakaviti,Kondagudem
Andhra Pradesh,Vizianagaram,Santhakaviti,Kothuru Ramachandrapuram
Andhra Pradesh,Vizianagaram,Santhakaviti,Krishnamvalasa
Andhra Pradesh,Vizianagaram,Santhakaviti,Krishnasastrula Peta
Andhra Pradesh,Vizianagaram,Santhakaviti,Lingapuram
Andhra Pradesh,Vizianagaram,Santhakaviti,Maddururamayyaagraharam
Andhra Pradesh,Vizianagaram,Santhakaviti,Madhavarayapuram
Andhra Pradesh,Vizianagaram,Santhakaviti,Madhavarayapu Ra Mayya Agraharam
Andhra Pradesh,Vizianagaram,Santhakaviti,Mamidipalle
Andhra Pradesh,Vizianagaram,Santhakaviti,Mandarada
Andhra Pradesh,Vizianagaram,Santhakaviti,Mandavakuriti
Andhra Pradesh,Vizianagaram,Santhakaviti,Manthina
Andhra Pradesh,Vizianagaram,Santhakaviti,Medamarthi
Andhra Pradesh,Vizianagaram,Santhakaviti,Mirthivalasa
Andhra Pradesh,Vizianagaram,Santhakaviti,Modugulapeta
Andhra Pradesh,Vizianagaram,Santhakaviti,Mokshaseetharamapuram
Andhra Pradesh,Vizianagaram,Santhakaviti,Mukundapuram
Andhra Pradesh,Vizianagaram,Santhakaviti,Narayanarajupuram
Andhra Pradesh,Vizianagaram,Santhakaviti,Panasapeta
Andhra Pradesh,Vizianagaram,Santhakaviti,Podali
Andhra Pradesh,Vizianagaram,Santhakaviti,Ponugutivalasa
Andhra Pradesh,Vizianagaram,Santhakaviti,Pullita
Andhra Pradesh,Vizianagaram,Santhakaviti,Ramarayapuram
Andhra Pradesh,Vizianagaram,Santhakaviti,Sankaruni Agraharam
Andhra Pradesh,Vizianagaram,Santhakaviti,Santhakaviti
Andhra Pradesh,Vizianagaram,Santhakaviti,Seshadripuram
Andhra Pradesh,Vizianagaram,Santhakaviti,Shalipeta
Andhra Pradesh,Vizianagaram,Santhakaviti,Siripuram
Andhra Pradesh,Vizianagaram,Santhakaviti,Suravaram
Andhra Pradesh,Vizianagaram,Santhakaviti,Talada
Andhra Pradesh,Vizianagaram,Santhakaviti,Thalatampara
Andhra Pradesh,Vizianagaram,Santhakaviti,Thamaram
Andhra Pradesh,Vizianagaram,Santhakaviti,Valtair
Andhra Pradesh,Vizianagaram,Santhakaviti,Vasudevapatnam
Andhra Pradesh,Vizianagaram,Srungavarapukota,Alugubilli
Andhra Pradesh,Vizianagaram,Srungavarapukota,Balakrishna -Rajapuram
Andhra Pradesh,Vizianagaram,Srungavarapukota,Chamalapalle
Andhra Pradesh,Vizianagaram,Srungavarapukota,Cheedipalem
Andhra Pradesh,Vizianagaram,Srungavarapukota,Chinakhandepalle
Andhra Pradesh,Vizianagaram,Srungavarapukota,Dampuram
Andhra Pradesh,Vizianagaram,Srungavarapukota,Daraparthi
Andhra Pradesh,Vizianagaram,Srungavarapukota,Dharmavaram
Andhra Pradesh,Vizianagaram,Srungavarapukota,Gopalapalle
Andhra Pradesh,Vizianagaram,Srungavarapukota,Gunapadu
Andhra Pradesh,Vizianagaram,Srungavarapukota,Jirayathi Kumaram
Andhra Pradesh,Vizianagaram,Srungavarapukota,Jirayathi Mukundapuram
Andhra Pradesh,Vizianagaram,Srungavarapukota,Kapusompuram
Andhra Pradesh,Vizianagaram,Srungavarapukota,Kasipathi Rajapuram
Andhra Pradesh,Vizianagaram,Srungavarapukota,Kiltampalem
Andhra Pradesh,Vizianagaram,Srungavarapukota,Kondamallipudi
Andhra Pradesh,Vizianagaram,Srungavarapukota,Kothakota
Andhra Pradesh,Vizianagaram,Srungavarapukota,Kothavooru
Andhra Pradesh,Vizianagaram,Srungavarapukota,Kottam
Andhra Pradesh,Vizianagaram,Srungavarapukota,Krishnamahanti Puram
Andhra Pradesh,Vizianagaram,Srungavarapukota,Krishnapuram
Andhra Pradesh,Vizianagaram,Srungavarapukota,Kuridi
Andhra Pradesh,Vizianagaram,Srungavarapukota,Mallipudi
Andhra Pradesh,Vizianagaram,Srungavarapukota,Mamidipalle
Andhra Pradesh,Vizianagaram,Srungavarapukota,Marupalle
Andhra Pradesh,Vizianagaram,Srungavarapukota,Moolaboddavara
Andhra Pradesh,Vizianagaram,Srungavarapukota,Mushidipalle
Andhra Pradesh,Vizianagaram,Srungavarapukota,Pedakhandepalle
Andhra Pradesh,Vizianagaram,Srungavarapukota,Pothanapalle
Andhra Pradesh,Vizianagaram,Srungavarapukota,Santagavarampeta
Andhra Pradesh,Vizianagaram,Srungavarapukota,S. Kotatalari
Andhra Pradesh,Vizianagaram,Srungavarapukota,Srungavarapukota
Andhra Pradesh,Vizianagaram,Srungavarapukota,Tennuboddavara
Andhra Pradesh,Vizianagaram,Srungavarapukota,Thimidi
Andhra Pradesh,Vizianagaram,Srungavarapukota,Usiri
Andhra Pradesh,Vizianagaram,Srungavarapukota,Vasi
Andhra Pradesh,Vizianagaram,Srungavarapukota,Veeranarayanam
Andhra Pradesh,Vizianagaram,Srungavarapukota,Vemulapalle
Andhra Pradesh,Vizianagaram,Srungavarapukota,Vinayakapalle
Andhra Pradesh,Vizianagaram,Srungavarapukota,Viswanadhapuram
Andhra Pradesh,Vizianagaram,Therlam,Amity
Andhra Pradesh,Vizianagaram,Therlam,Antlavara
Andhra Pradesh,Vizianagaram,Therlam,Appalammapeta
Andhra Pradesh,Vizianagaram,Therlam,Arasabalaga
Andhra Pradesh,Vizianagaram,Therlam,Burjavalasa (Near) Amity
Andhra Pradesh,Vizianagaram,Therlam,Chinapalavalasa
Andhra Pradesh,Vizianagaram,Therlam,Chinnayyapeta
Andhra Pradesh,Vizianagaram,Therlam,Chukkavalasa
Andhra Pradesh,Vizianagaram,Therlam,Dommigani Gadabavalasa
Andhra Pradesh,Vizianagaram,Therlam,Gangannapadu
Andhra Pradesh,Vizianagaram,Therlam,Goluguvalasa
Andhra Pradesh,Vizianagaram,Therlam,Jadavari Kothavalasa
Andhra Pradesh,Vizianagaram,Therlam,Jannivalasa
Andhra Pradesh,Vizianagaram,Therlam,Kagam
Andhra Pradesh,Vizianagaram,Therlam,Kavirayanivalasa
Andhra Pradesh,Vizianagaram,Therlam,Kollivalasa
Andhra Pradesh,Vizianagaram,Therlam,Koratam
Andhra Pradesh,Vizianagaram,Therlam,Kunayavalasa
Andhra Pradesh,Vizianagaram,Therlam,Kusumuru
Andhra Pradesh,Vizianagaram,Therlam,Lingapuram
Andhra Pradesh,Vizianagaram,Therlam,Locherla
Andhra Pradesh,Vizianagaram,Therlam,Madhavarangarayapura Agraharam
Andhra Pradesh,Vizianagaram,Therlam,Nandabalaga
Andhra Pradesh,Vizianagaram,Therlam,Nandigam
Andhra Pradesh,Vizianagaram,Therlam,Nemalam
Andhra Pradesh,Vizianagaram,Therlam,Panukuvalasa
Andhra Pradesh,Vizianagaram,Therlam,Pedapalavalasa
Andhra Pradesh,Vizianagaram,Therlam,Perumali
Andhra Pradesh,Vizianagaram,Therlam,Pulleruvalasa
Andhra Pradesh,Vizianagaram,Therlam,Punuvalasa
Andhra Pradesh,Vizianagaram,Therlam,Rajayyapeta
Andhra Pradesh,Vizianagaram,Therlam,Ramachandrapuram (Near) Amity
Andhra Pradesh,Vizianagaram,Therlam,Ramachandrapuram (Near) Perumal
Andhra Pradesh,Vizianagaram,Therlam,Ramachandrapuram (Near) Velagavalasa
Andhra Pradesh,Vizianagaram,Therlam,Ramanna Agraharam
Andhra Pradesh,Vizianagaram,Therlam,Rangappavalasa
Andhra Pradesh,Vizianagaram,Therlam,Ravimanu Gadabavalasa
Andhra Pradesh,Vizianagaram,Therlam,Sathivada
Andhra Pradesh,Vizianagaram,Therlam,Seetharampuram (Near) Amity
Andhra Pradesh,Vizianagaram,Therlam,Seetharampuram (Near) Koratam
Andhra Pradesh,Vizianagaram,Therlam,Somidavalasa
Andhra Pradesh,Vizianagaram,Therlam,Sundarada
Andhra Pradesh,Vizianagaram,Therlam,Tekkalivalasa
Andhra Pradesh,Vizianagaram,Therlam,Therlam
Andhra Pradesh,Vizianagaram,Therlam,Uddavolu
Andhra Pradesh,Vizianagaram,Therlam,Velagavalasa
Andhra Pradesh,Vizianagaram,Therlam,Venkampeta @ Kummaripeta
Andhra Pradesh,Vizianagaram,Therlam,Venkatapuram
Andhra Pradesh,Vizianagaram,Therlam,Viziarampuram @ Buripeta
Andhra Pradesh,Vizianagaram,Therlam,Viziarampuram(Near) Koratam
Andhra Pradesh,Vizianagaram,Vangara,Arasada
Andhra Pradesh,Vizianagaram,Vangara,Bangaruvalasa
Andhra Pradesh,Vizianagaram,Vangara,Bhagempeta
Andhra Pradesh,Vizianagaram,Vangara,Chandrampeta
Andhra Pradesh,Vizianagaram,Vangara,Devakivada
Andhra Pradesh,Vizianagaram,Vangara,Geethanapalle
Andhra Pradesh,Vizianagaram,Vangara,Iruvada
Andhra Pradesh,Vizianagaram,Vangara,Jagannadhavalasa
Andhra Pradesh,Vizianagaram,Vangara,J K Gumada
Andhra Pradesh,Vizianagaram,Vangara,K. Ch. Palle
Andhra Pradesh,Vizianagaram,Vangara,Kinjangi
Andhra Pradesh,Vizianagaram,Vangara,Konangipadu
Andhra Pradesh,Vizianagaram,Vangara,Koppara
Andhra Pradesh,Vizianagaram,Vangara,Kopparavalasa
Andhra Pradesh,Vizianagaram,Vangara,Kottisa
Andhra Pradesh,Vizianagaram,Vangara,Laxmipeta
Andhra Pradesh,Vizianagaram,Vangara,Maddivalasa
Andhra Pradesh,Vizianagaram,Vangara,Madduvalasa
Andhra Pradesh,Vizianagaram,Vangara,Maruvada
Andhra Pradesh,Vizianagaram,Vangara,M S Puram
Andhra Pradesh,Vizianagaram,Vangara,Mugguru
Andhra Pradesh,Vizianagaram,Vangara,Narendrapuram
Andhra Pradesh,Vizianagaram,Vangara,Neelayyavalasa
Andhra Pradesh,Vizianagaram,Vangara,Patuvardhanam
Andhra Pradesh,Vizianagaram,Vangara,Rajulagumada
Andhra Pradesh,Vizianagaram,Vangara,Rushingi
Andhra Pradesh,Vizianagaram,Vangara,Sangam
Andhra Pradesh,Vizianagaram,Vangara,Seethadevipuram
Andhra Pradesh,Vizianagaram,Vangara,Sivvam
Andhra Pradesh,Vizianagaram,Vangara,Sreeharipuram
Andhra Pradesh,Vizianagaram,Vangara,Talagam
Andhra Pradesh,Vizianagaram,Vangara,T.D.Krishnaraya Puram
Andhra Pradesh,Vizianagaram,Vangara,U.Venkatapathi Raju Peta
Andhra Pradesh,Vizianagaram,Vangara,Vangara
Andhra Pradesh,Vizianagaram,Vangara,Voni Agraharam
Andhra Pradesh,Vizianagaram,Vangara,V P R Peta
Andhra Pradesh,Vizianagaram,Vepada,Ankajosyulapalem
Andhra Pradesh,Vizianagaram,Vepada,Arigipalem
Andhra Pradesh,Vizianagaram,Vepada,Athava
Andhra Pradesh,Vizianagaram,Vepada,Ballanki
Andhra Pradesh,Vizianagaram,Vepada,Ballanki Tuni K.P.Rajapuram
Andhra Pradesh,Vizianagaram,Vepada,Banadi
Andhra Pradesh,Vizianagaram,Vepada,Boddam
Andhra Pradesh,Vizianagaram,Vepada,Chamaladivia Graharam
Andhra Pradesh,Vizianagaram,Vepada,Chamalapalle
Andhra Pradesh,Vizianagaram,Vepada,Chinagudipala
Andhra Pradesh,Vizianagaram,Vepada,Dabbirajupeta
Andhra Pradesh,Vizianagaram,Vepada,Gudivada
Andhra Pradesh,Vizianagaram,Vepada,Jakeru
Andhra Pradesh,Vizianagaram,Vepada,Jammadevipeta
Andhra Pradesh,Vizianagaram,Vepada,Karakavalasa
Andhra Pradesh,Vizianagaram,Vepada,Kondagangupudi
Andhra Pradesh,Vizianagaram,Vepada,Krishnarayudupeta
Andhra Pradesh,Vizianagaram,Vepada,Kummapalle
Andhra Pradesh,Vizianagaram,Vepada,Marika
Andhra Pradesh,Vizianagaram,Vepada,Mukundapuram
Andhra Pradesh,Vizianagaram,Vepada,Mukundarajapuram
Andhra Pradesh,Vizianagaram,Vepada,Mycherlasingavaram
Andhra Pradesh,Vizianagaram,Vepada,Nallabilli Kasipathirajapuram
Andhra Pradesh,Vizianagaram,Vepada,Neelakantarajapuram Agraharam
Andhra Pradesh,Vizianagaram,Vepada,Paturu
Andhra Pradesh,Vizianagaram,Vepada,Pedadungada
Andhra Pradesh,Vizianagaram,Vepada,Pedagudipala
Andhra Pradesh,Vizianagaram,Vepada,Pedakrishnaraja Puram
Andhra Pradesh,Vizianagaram,Vepada,Ramaswamipeta
Andhra Pradesh,Vizianagaram,Vepada,Rayudupeta
Andhra Pradesh,Vizianagaram,Vepada,Singarai
Andhra Pradesh,Vizianagaram,Vepada,Sompuram
Andhra Pradesh,Vizianagaram,Vepada,Srungavarapukota Seetharampuram
Andhra Pradesh,Vizianagaram,Vepada,Vallampudi
Andhra Pradesh,Vizianagaram,Vepada,Vavilapadu
Andhra Pradesh,Vizianagaram,Vepada,Veeluparthi
Andhra Pradesh,Vizianagaram,Vepada,Veldam
Andhra Pradesh,Vizianagaram,Vepada,Vepada
Andhra Pradesh,Vizianagaram,Vepada,Vobulaiah Palem
Andhra Pradesh,Vizianagaram,Vizianagaram Rural,Cheluvuru
Andhra Pradesh,Vizianagaram,Vizianagaram Rural,Dharmapuri (R)
Andhra Pradesh,Vizianagaram,Vizianagaram Rural,Duppada
Andhra Pradesh,Vizianagaram,Vizianagaram Rural,Dwarapudi
Andhra Pradesh,Vizianagaram,Vizianagaram Rural,Gajularega
Andhra Pradesh,Vizianagaram,Vizianagaram Rural,Gunkalam
Andhra Pradesh,Vizianagaram,Vizianagaram Rural,Jagannadhapuram @ Jonnavalasa
Andhra Pradesh,Vizianagaram,Vizianagaram Rural,Jammu Narayana Puram (R) (Part)
Andhra Pradesh,Vizianagaram,Vizianagaram Rural,Kanapaka (Ct)
Andhra Pradesh,Vizianagaram,Vizianagaram Rural,Kondakarakam
Andhra Pradesh,Vizianagaram,Vizianagaram Rural,Korukonda
Andhra Pradesh,Vizianagaram,Vizianagaram Rural,Kukalametta Lakshmipuram
Andhra Pradesh,Vizianagaram,Vizianagaram Rural,Malicherla (Ct)
Andhra Pradesh,Vizianagaram,Vizianagaram Rural,Pinavemali
Andhra Pradesh,Vizianagaram,Vizianagaram Rural,Rakodu
Andhra Pradesh,Vizianagaram,Vizianagaram Rural,Sarika
Andhra Pradesh,Vizianagaram,Vizianagaram Rural,Siriyalapeta
Andhra Pradesh,Vizianagaram,Vizianagaram Rural,Vantitadi Agraharam
Andhra Pradesh,Vizianagaram,Vizianagaram Rural,Venugopalapuram
Andhra Pradesh,Vizianagaram,Vizianagaram Rural,Venugopalapuram Bit 2
Andhra Pradesh,Vizianagaram,Vizianagaram Rural,Vizianagaram Bit 1
Andhra Pradesh,Vizianagaram,Vizianagaram Rural,Vizianagaram Bit 2
Andhra Pradesh,Vizianagaram,Vizianagaram Urban,Hajisahebpeta
Andhra Pradesh,West Godavari,Achanta,Achanta
Andhra Pradesh,West Godavari,Achanta,Achanta Vemavaram
Andhra Pradesh,West Godavari,Achanta,Bhimalapuram
Andhra Pradesh,West Godavari,Achanta,Kadamanchili
Andhra Pradesh,West Godavari,Achanta,Kandaravalli
Andhra Pradesh,West Godavari,Achanta,Karugorumilli
Andhra Pradesh,West Godavari,Achanta,Kodamanchili
Andhra Pradesh,West Godavari,Achanta,Koderu
Andhra Pradesh,West Godavari,Achanta,Pedamallam
Andhra Pradesh,West Godavari,Achanta,Penumanchili
Andhra Pradesh,West Godavari,Achanta,Valluru
Andhra Pradesh,West Godavari,Akividu,A.I.Bheemavaram
Andhra Pradesh,West Godavari,Akividu,Ajjamuru
Andhra Pradesh,West Godavari,Akividu,Akividu
Andhra Pradesh,West Godavari,Akividu,Cherukumilli
Andhra Pradesh,West Godavari,Akividu,Chinakapavaram
Andhra Pradesh,West Godavari,Akividu,Dharmapuram
Andhra Pradesh,West Godavari,Akividu,Dumpagadapa
Andhra Pradesh,West Godavari,Akividu,Gummuluru
Andhra Pradesh,West Godavari,Akividu,Kollaparru
Andhra Pradesh,West Godavari,Akividu,Kolleru
Andhra Pradesh,West Godavari,Akividu,Kuppanapudi
Andhra Pradesh,West Godavari,Akividu,Madivada
Andhra Pradesh,West Godavari,Akividu,Pedakapavaram
Andhra Pradesh,West Godavari,Akividu,Siddapuram
Andhra Pradesh,West Godavari,Akividu,Taratava
Andhra Pradesh,West Godavari,Attili,Aravalli
Andhra Pradesh,West Godavari,Attili,Attili
Andhra Pradesh,West Godavari,Attili,Ballipadu
Andhra Pradesh,West Godavari,Attili,Eduru
Andhra Pradesh,West Godavari,Attili,Gummampadu
Andhra Pradesh,West Godavari,Attili,Kanchumarru
Andhra Pradesh,West Godavari,Attili,Kommara
Andhra Pradesh,West Godavari,Attili,Manchili
Andhra Pradesh,West Godavari,Attili,Pali
Andhra Pradesh,West Godavari,Attili,Paluru
Andhra Pradesh,West Godavari,Attili,Skinnerapuram
Andhra Pradesh,West Godavari,Attili,Tirupatipuram
Andhra Pradesh,West Godavari,Attili,Unikili
Andhra Pradesh,West Godavari,Attili,Varighedu
Andhra Pradesh,West Godavari,Bhimavaram,Anakoderu
Andhra Pradesh,West Godavari,Bhimavaram,Annavaram
Andhra Pradesh,West Godavari,Bhimavaram,Bethapudi
Andhra Pradesh,West Godavari,Bhimavaram,Bheemavaram
Andhra Pradesh,West Godavari,Bhimavaram,Chinamiram (Part)
Andhra Pradesh,West Godavari,Bhimavaram,Dirusumarru
Andhra Pradesh,West Godavari,Bhimavaram,Gunupudi
Andhra Pradesh,West Godavari,Bhimavaram,Komarada
Andhra Pradesh,West Godavari,Bhimavaram,Kovvada
Andhra Pradesh,West Godavari,Bhimavaram,Losarigutlapadu
Andhra Pradesh,West Godavari,Bhimavaram,Narasimhapuram
Andhra Pradesh,West Godavari,Bhimavaram,Rayalam (R) (Part)
Andhra Pradesh,West Godavari,Bhimavaram,Taderu
Andhra Pradesh,West Godavari,Bhimavaram,Tundurru
Andhra Pradesh,West Godavari,Bhimavaram,Vempa
Andhra Pradesh,West Godavari,Bhimavaram,Yenamadurru
Andhra Pradesh,West Godavari,Ganapavaram,Agraharagopavaram
Andhra Pradesh,West Godavari,Ganapavaram,Ardhavaram
Andhra Pradesh,West Godavari,Ganapavaram,Cherukuganuma Agraharam
Andhra Pradesh,West Godavari,Ganapavaram,Chinaramachandrapuram
Andhra Pradesh,West Godavari,Ganapavaram,Dasulakumudavalli
Andhra Pradesh,West Godavari,Ganapavaram,Ganapavaram
Andhra Pradesh,West Godavari,Ganapavaram,Jagannadhapuram
Andhra Pradesh,West Godavari,Ganapavaram,Jallikakinada
Andhra Pradesh,West Godavari,Ganapavaram,Kasipadu
Andhra Pradesh,West Godavari,Ganapavaram,Kesavaram
Andhra Pradesh,West Godavari,Ganapavaram,Komarru
Andhra Pradesh,West Godavari,Ganapavaram,Kommara
Andhra Pradesh,West Godavari,Ganapavaram,Kothapalle
Andhra Pradesh,West Godavari,Ganapavaram,Moyyeru
Andhra Pradesh,West Godavari,Ganapavaram,Muggula
Andhra Pradesh,West Godavari,Ganapavaram,Mupparthipadu
Andhra Pradesh,West Godavari,Ganapavaram,Pippara
Andhra Pradesh,West Godavari,Ganapavaram,Saripalle
Andhra Pradesh,West Godavari,Ganapavaram,Seethalamkonde Padu
Andhra Pradesh,West Godavari,Ganapavaram,Vakapalle
Andhra Pradesh,West Godavari,Ganapavaram,Valluru
Andhra Pradesh,West Godavari,Ganapavaram,Varadarajapuram
Andhra Pradesh,West Godavari,Ganapavaram,Veereswarapuram
Andhra Pradesh,West Godavari,Ganapavaram,Velagapalle
Andhra Pradesh,West Godavari,Ganapavaram,Venkatrajapuram
Andhra Pradesh,West Godavari,Iragavaram,Eletipadu
Andhra Pradesh,West Godavari,Iragavaram,Garuvuguntakhandrika
Andhra Pradesh,West Godavari,Iragavaram,Goteru
Andhra Pradesh,West Godavari,Iragavaram,Inaparru
Andhra Pradesh,West Godavari,Iragavaram,Iragavaram
Andhra Pradesh,West Godavari,Iragavaram,Itempudi
Andhra Pradesh,West Godavari,Iragavaram,Kakileru
Andhra Pradesh,West Godavari,Iragavaram,Kakulaillindalaparru
Andhra Pradesh,West Godavari,Iragavaram,Kannayakumudavalli
Andhra Pradesh,West Godavari,Iragavaram,Kantheru
Andhra Pradesh,West Godavari,Iragavaram,Kathavapadu
Andhra Pradesh,West Godavari,Iragavaram,Kavalipuram
Andhra Pradesh,West Godavari,Iragavaram,Kothapadu
Andhra Pradesh,West Godavari,Iragavaram,Ogidi
Andhra Pradesh,West Godavari,Iragavaram,Pekeru
Andhra Pradesh,West Godavari,Iragavaram,Podalada
Andhra Pradesh,West Godavari,Iragavaram,Rapaka
Andhra Pradesh,West Godavari,Iragavaram,Relangi
Andhra Pradesh,West Godavari,Iragavaram,Repakakhandrika
Andhra Pradesh,West Godavari,Iragavaram,Surampudi
Andhra Pradesh,West Godavari,Iragavaram,Thurupuvipparru
Andhra Pradesh,West Godavari,Kalla,Bondada
Andhra Pradesh,West Godavari,Kalla,Doddanapudi
Andhra Pradesh,West Godavari,Kalla,Elurupadu
Andhra Pradesh,West Godavari,Kalla,Jakkaram
Andhra Pradesh,West Godavari,Kalla,Kalavapudi
Andhra Pradesh,West Godavari,Kalla,Kalla
Andhra Pradesh,West Godavari,Kalla,Kallakuru
Andhra Pradesh,West Godavari,Kalla,Kolanapalle
Andhra Pradesh,West Godavari,Kalla,Kopalle
Andhra Pradesh,West Godavari,Kalla,Pedamiram
Andhra Pradesh,West Godavari,Kalla,Prathallameraka
Andhra Pradesh,West Godavari,Kalla,Seesali
Andhra Pradesh,West Godavari,Kalla,Vempadu
Andhra Pradesh,West Godavari,Mogalthur,Kalipatnam
Andhra Pradesh,West Godavari,Mogalthur,Kummarapurugupalem
Andhra Pradesh,West Godavari,Mogalthur,Mogalthur
Andhra Pradesh,West Godavari,Mogalthur,Mutyalapalle
Andhra Pradesh,West Godavari,Mogalthur,Perupalem
Andhra Pradesh,West Godavari,Mogalthur,Seripalem
Andhra Pradesh,West Godavari,Narasapuram,Chinamamidipalle (R)
Andhra Pradesh,West Godavari,Narasapuram,Chittavaram
Andhra Pradesh,West Godavari,Narasapuram,Gondi
Andhra Pradesh,West Godavari,Narasapuram,Kamsalibethapudi
Andhra Pradesh,West Godavari,Narasapuram,Kopparru
Andhra Pradesh,West Godavari,Narasapuram,Lakshmaneswaram
Andhra Pradesh,West Godavari,Narasapuram,Likhithapudi
Andhra Pradesh,West Godavari,Narasapuram,Lingana Boinacherla
Andhra Pradesh,West Godavari,Narasapuram,Madhavaipalem
Andhra Pradesh,West Godavari,Narasapuram,Mallavaram
Andhra Pradesh,West Godavari,Narasapuram,Narasapuram
Andhra Pradesh,West Godavari,Narasapuram,Navarasapuram
Andhra Pradesh,West Godavari,Narasapuram,Rustumbada (R)
Andhra Pradesh,West Godavari,Narasapuram,Saripalle
Andhra Pradesh,West Godavari,Narasapuram,Seetharamapuram
Andhra Pradesh,West Godavari,Narasapuram,Thurputallu
Andhra Pradesh,West Godavari,Narasapuram,Vemuladeevi
Andhra Pradesh,West Godavari,Palacoderu,Garagaparru
Andhra Pradesh,West Godavari,Palacoderu,Gollalakoderu
Andhra Pradesh,West Godavari,Palacoderu,Goraganamudi
Andhra Pradesh,West Godavari,Palacoderu,Kondepudi
Andhra Pradesh,West Godavari,Palacoderu,Korukollu
Andhra Pradesh,West Godavari,Palacoderu,Kumudavalli
Andhra Pradesh,West Godavari,Palacoderu,Mogallu
Andhra Pradesh,West Godavari,Palacoderu,Mypa
Andhra Pradesh,West Godavari,Palacoderu,Palakoderu
Andhra Pradesh,West Godavari,Palacoderu,Pennada Agraharam
Andhra Pradesh,West Godavari,Palacoderu,Srungavruksham
Andhra Pradesh,West Godavari,Palacoderu,Vendra
Andhra Pradesh,West Godavari,Palacoderu,Vendra Agraharam
Andhra Pradesh,West Godavari,Palacoderu,Vissakoderu
Andhra Pradesh,West Godavari,Palacole,Agarru
Andhra Pradesh,West Godavari,Palacole,Aratlakatla
Andhra Pradesh,West Godavari,Palacole,Ballipadu
Andhra Pradesh,West Godavari,Palacole,Chandaparru
Andhra Pradesh,West Godavari,Palacole,Chintaparru
Andhra Pradesh,West Godavari,Palacole,Dagguluru
Andhra Pradesh,West Godavari,Palacole,Digamarru
Andhra Pradesh,West Godavari,Palacole,Gorintada
Andhra Pradesh,West Godavari,Palacole,Kapavaram
Andhra Pradesh,West Godavari,Palacole,Lankalakoderu
Andhra Pradesh,West Godavari,Palacole,Palacole (R) (Og)
Andhra Pradesh,West Godavari,Palacole,Palamuru
Andhra Pradesh,West Godavari,Palacole,Pedamamidipalle
Andhra Pradesh,West Godavari,Palacole,Poolapalle (Og)
Andhra Pradesh,West Godavari,Palacole,Sivadevunichikkala
Andhra Pradesh,West Godavari,Palacole,Tillapudi
Andhra Pradesh,West Godavari,Palacole,Ullamparru (Og)
Andhra Pradesh,West Godavari,Palacole,Varidhanam
Andhra Pradesh,West Godavari,Palacole,Velivela
Andhra Pradesh,West Godavari,Pentapadu,Akuteegapadu
Andhra Pradesh,West Godavari,Pentapadu,Alampuram
Andhra Pradesh,West Godavari,Pentapadu,B.Kondepadu
Andhra Pradesh,West Godavari,Pentapadu,Bodapadu
Andhra Pradesh,West Godavari,Pentapadu,Chintapalle
Andhra Pradesh,West Godavari,Pentapadu,Darsiparru (R)
Andhra Pradesh,West Godavari,Pentapadu,Devaracheruvukhandrika
Andhra Pradesh,West Godavari,Pentapadu,Jatlapalem
Andhra Pradesh,West Godavari,Pentapadu,Kaspapentapadu
Andhra Pradesh,West Godavari,Pentapadu,Korumilli
Andhra Pradesh,West Godavari,Pentapadu,Meena Valluru
Andhra Pradesh,West Godavari,Pentapadu,Mudunuru
Andhra Pradesh,West Godavari,Pentapadu,Narasimha Apparaopuram
Andhra Pradesh,West Godavari,Pentapadu,Padamara Vipparru
Andhra Pradesh,West Godavari,Pentapadu,Parimella
Andhra Pradesh,West Godavari,Pentapadu,Pentapadu
Andhra Pradesh,West Godavari,Pentapadu,Prathipadu
Andhra Pradesh,West Godavari,Pentapadu,Racharla
Andhra Pradesh,West Godavari,Pentapadu,Ravipadu
Andhra Pradesh,West Godavari,Pentapadu,Umamaheswaram
Andhra Pradesh,West Godavari,Pentapadu,Vallurupalle
Andhra Pradesh,West Godavari,Pentapadu,Yanalapalle
Andhra Pradesh,West Godavari,Penugonda,Cherukuwada
Andhra Pradesh,West Godavari,Penugonda,Chinamallam
Andhra Pradesh,West Godavari,Penugonda,Deva
Andhra Pradesh,West Godavari,Penugonda,Ilaparru
Andhra Pradesh,West Godavari,Penugonda,Kothalaparru
Andhra Pradesh,West Godavari,Penugonda,Mulaparru
Andhra Pradesh,West Godavari,Penugonda,Munamarru
Andhra Pradesh,West Godavari,Penugonda,Nadipudi
Andhra Pradesh,West Godavari,Penugonda,Penugonda
Andhra Pradesh,West Godavari,Penugonda,Ramannapalem
Andhra Pradesh,West Godavari,Penugonda,Sidhantham
Andhra Pradesh,West Godavari,Penugonda,Tamarada
Andhra Pradesh,West Godavari,Penugonda,Vadali
Andhra Pradesh,West Godavari,Penugonda,Venkatramapuram
Andhra Pradesh,West Godavari,Penumantra,Alamuru
Andhra Pradesh,West Godavari,Penumantra,Bhatlamagutur
Andhra Pradesh,West Godavari,Penumantra,Juttiga
Andhra Pradesh,West Godavari,Penumantra,Koyyetipadu
Andhra Pradesh,West Godavari,Penumantra,Mallipudi
Andhra Pradesh,West Godavari,Penumantra,Mamuduru
Andhra Pradesh,West Godavari,Penumantra,Marteru
Andhra Pradesh,West Godavari,Penumantra,Nattarameswaram
Andhra Pradesh,West Godavari,Penumantra,Neggipudi
Andhra Pradesh,West Godavari,Penumantra,Nelamuru
Andhra Pradesh,West Godavari,Penumantra,Oduru
Andhra Pradesh,West Godavari,Penumantra,Penumantra
Andhra Pradesh,West Godavari,Penumantra,Polamuru
Andhra Pradesh,West Godavari,Penumantra,Satyavaram
Andhra Pradesh,West Godavari,Penumantra,Somarajuillindalaparru
Andhra Pradesh,West Godavari,Penumantra,Velagaleru
Andhra Pradesh,West Godavari,Poduru,Gummaluru
Andhra Pradesh,West Godavari,Poduru,Jagannadhapuram
Andhra Pradesh,West Godavari,Poduru,Jinnuru
Andhra Pradesh,West Godavari,Poduru,Kavitam
Andhra Pradesh,West Godavari,Poduru,Kommuchikkala
Andhra Pradesh,West Godavari,Poduru,Mettaparru
Andhra Pradesh,West Godavari,Poduru,Miniminchilipadu
Andhra Pradesh,West Godavari,Poduru,Pandithavilluru
Andhra Pradesh,West Godavari,Poduru,Pemmarajupolavaram
Andhra Pradesh,West Godavari,Poduru,Penumadam
Andhra Pradesh,West Godavari,Poduru,Poduru
Andhra Pradesh,West Godavari,Poduru,Ravipadu
Andhra Pradesh,West Godavari,Poduru,Vaddiparru
Andhra Pradesh,West Godavari,Poduru,Vedangi
Andhra Pradesh,West Godavari,Tadepalligudem,Apparaopeta
Andhra Pradesh,West Godavari,Tadepalligudem,Arugolanu
Andhra Pradesh,West Godavari,Tadepalligudem,Arulla
Andhra Pradesh,West Godavari,Tadepalligudem,Jagannadhapuram
Andhra Pradesh,West Godavari,Tadepalligudem,Jaggannapeta
Andhra Pradesh,West Godavari,Tadepalligudem,Kadakatla
Andhra Pradesh,West Godavari,Tadepalligudem,Kadiyedda
Andhra Pradesh,West Godavari,Tadepalligudem,Kommugudem
Andhra Pradesh,West Godavari,Tadepalligudem,Kondruprolu
Andhra Pradesh,West Godavari,Tadepalligudem,Krishnayapalem
Andhra Pradesh,West Godavari,Tadepalligudem,Kunavaram
Andhra Pradesh,West Godavari,Tadepalligudem,Kunchanapalle (Part)
Andhra Pradesh,West Godavari,Tadepalligudem,Madhavaram
Andhra Pradesh,West Godavari,Tadepalligudem,Nandamuru
Andhra Pradesh,West Godavari,Tadepalligudem,Nawabpalem
Andhra Pradesh,West Godavari,Tadepalligudem,Padala
Andhra Pradesh,West Godavari,Tadepalligudem,Tadepalle
Andhra Pradesh,West Godavari,Tadepalligudem,Tadepalligudem
Andhra Pradesh,West Godavari,Tadepalligudem,Tallamuddunurupadu
Andhra Pradesh,West Godavari,Tadepalligudem,Veerampalem
Andhra Pradesh,West Godavari,Tadepalligudem,Venkatramannagudem
Andhra Pradesh,West Godavari,Tadepalligudem,Yagarlapalle
Andhra Pradesh,West Godavari,Tanuku,Duvva
Andhra Pradesh,West Godavari,Tanuku,Komaravaram
Andhra Pradesh,West Godavari,Tanuku,Konala
Andhra Pradesh,West Godavari,Tanuku,Mandapaka (Part)
Andhra Pradesh,West Godavari,Tanuku,Muddapuram
Andhra Pradesh,West Godavari,Tanuku,Pydiparru
Andhra Pradesh,West Godavari,Tanuku,Sajjapuram
Andhra Pradesh,West Godavari,Tanuku,Tanuku
Andhra Pradesh,West Godavari,Tanuku,Tanuku Vemavaram
Andhra Pradesh,West Godavari,Tanuku,Tetali
Andhra Pradesh,West Godavari,Tanuku,Velpuru
Andhra Pradesh,West Godavari,Undi,Aredu
Andhra Pradesh,West Godavari,Undi,Arthamuru
Andhra Pradesh,West Godavari,Undi,Cherukuwada
Andhra Pradesh,West Godavari,Undi,Chilukuru
Andhra Pradesh,West Godavari,Undi,Chinapulluru
Andhra Pradesh,West Godavari,Undi,Kaligotla
Andhra Pradesh,West Godavari,Undi,Kalisipudi
Andhra Pradesh,West Godavari,Undi,Kolamuru
Andhra Pradesh,West Godavari,Undi,Mahadevapatnam
Andhra Pradesh,West Godavari,Undi,Narasimharajapura Agraharam
Andhra Pradesh,West Godavari,Undi,Pamulaparru
Andhra Pradesh,West Godavari,Undi,Panduvva
Andhra Pradesh,West Godavari,Undi,Panduvvakhandrika
Andhra Pradesh,West Godavari,Undi,Pedapulleru
Andhra Pradesh,West Godavari,Undi,Undi
Andhra Pradesh,West Godavari,Undi,Unudurru
Andhra Pradesh,West Godavari,Undi,Uppuluru
Andhra Pradesh,West Godavari,Undi,Vandrum
Andhra Pradesh,West Godavari,Undi,Velivarru
Andhra Pradesh,West Godavari,Undi,Yendagandi
Andhra Pradesh,West Godavari,Veeravasaram,Andaluru
Andhra Pradesh,West Godavari,Veeravasaram,Bobbanapalle
Andhra Pradesh,West Godavari,Veeravasaram,Konithiwada
Andhra Pradesh,West Godavari,Veeravasaram,Machipuri
Andhra Pradesh,West Godavari,Veeravasaram,Machipuripalem
Andhra Pradesh,West Godavari,Veeravasaram,Madugupolavaram
Andhra Pradesh,West Godavari,Veeravasaram,Mentepudi
Andhra Pradesh,West Godavari,Veeravasaram,Navuduru
Andhra Pradesh,West Godavari,Veeravasaram,Nelapogula
Andhra Pradesh,West Godavari,Veeravasaram,Panjavemavaram
Andhra Pradesh,West Godavari,Veeravasaram,Rayakuduru
Andhra Pradesh,West Godavari,Veeravasaram,Thokalapudi
Andhra Pradesh,West Godavari,Veeravasaram,Tholeru
Andhra Pradesh,West Godavari,Veeravasaram,Veeravasaram
Andhra Pradesh,West Godavari,Yelamanchili,Burugupalle
Andhra Pradesh,West Godavari,Yelamanchili,Chinchinada
Andhra Pradesh,West Godavari,Yelamanchili,Doddipatla
Andhra Pradesh,West Godavari,Yelamanchili,Gumparru
Andhra Pradesh,West Godavari,Yelamanchili,Ilapakurru
Andhra Pradesh,West Godavari,Yelamanchili,Kalagampudi
Andhra Pradesh,West Godavari,Yelamanchili,Kaza
Andhra Pradesh,West Godavari,Yelamanchili,Kontheru
Andhra Pradesh,West Godavari,Yelamanchili,Medapadu
Andhra Pradesh,West Godavari,Yelamanchili,Neredumilli
Andhra Pradesh,West Godavari,Yelamanchili,Penumarru
Andhra Pradesh,West Godavari,Yelamanchili,Siragalapalle
Andhra Pradesh,West Godavari,Yelamanchili,Utada
Andhra Pradesh,West Godavari,Yelamanchili,Yelamanchili
Andhra Pradesh,West Godavari,Yelamanchili,Yenuguvanilanka
Andhra Pradesh,Y.S.R. Kadapa,Atlur,Atlur
Andhra Pradesh,Y.S.R. Kadapa,Atlur,Chenduvoy
Andhra Pradesh,Y.S.R. Kadapa,Atlur,Gujjalavaripalle
Andhra Pradesh,Y.S.R. Kadapa,Atlur,Jonnavaram
Andhra Pradesh,Y.S.R. Kadapa,Atlur,Kamalakuru
Andhra Pradesh,Y.S.R. Kadapa,Atlur,Kamasamudram
Andhra Pradesh,Y.S.R. Kadapa,Atlur,Kondur
Andhra Pradesh,Y.S.R. Kadapa,Atlur,Kumbhagiri
Andhra Pradesh,Y.S.R. Kadapa,Atlur,Madapur
Andhra Pradesh,Y.S.R. Kadapa,Atlur,Maddur
Andhra Pradesh,Y.S.R. Kadapa,Atlur,Malinenipatnam
Andhra Pradesh,Y.S.R. Kadapa,Atlur,Muthukur
Andhra Pradesh,Y.S.R. Kadapa,Atlur,Nallayapalle
Andhra Pradesh,Y.S.R. Kadapa,Atlur,Pidathalaveerayapalle
Andhra Pradesh,Y.S.R. Kadapa,Atlur,Rangampalle
Andhra Pradesh,Y.S.R. Kadapa,Atlur,Shrotriya Venkatapuram
Andhra Pradesh,Y.S.R. Kadapa,Atlur,Thamballagondi
Andhra Pradesh,Y.S.R. Kadapa,Atlur,Thudur
Andhra Pradesh,Y.S.R. Kadapa,Atlur,Uppatur
Andhra Pradesh,Y.S.R. Kadapa,Atlur,Varikunta
Andhra Pradesh,Y.S.R. Kadapa,Atlur,Vemalur
Andhra Pradesh,Y.S.R. Kadapa,Atlur,Viruru
Andhra Pradesh,Y.S.R. Kadapa,Atlur,Yerraballe
Andhra Pradesh,Y.S.R. Kadapa,Badvel,Abbusahebpeta
Andhra Pradesh,Y.S.R. Kadapa,Badvel,Anantharajupuram
Andhra Pradesh,Y.S.R. Kadapa,Badvel,Appajipeta
Andhra Pradesh,Y.S.R. Kadapa,Badvel,Badvel (P) (U)
Andhra Pradesh,Y.S.R. Kadapa,Badvel,Bayanapalle
Andhra Pradesh,Y.S.R. Kadapa,Badvel,Chennampalli
Andhra Pradesh,Y.S.R. Kadapa,Badvel,Chintalacheruvu
Andhra Pradesh,Y.S.R. Kadapa,Badvel,C.Kothapalle
Andhra Pradesh,Y.S.R. Kadapa,Badvel,Ethirajupalle
Andhra Pradesh,Y.S.R. Kadapa,Badvel,Godugunur
Andhra Pradesh,Y.S.R. Kadapa,Badvel,Gopalapuram
Andhra Pradesh,Y.S.R. Kadapa,Badvel,Guntapalle
Andhra Pradesh,Y.S.R. Kadapa,Badvel,Imadapuram @ Pedakesampalle
Andhra Pradesh,Y.S.R. Kadapa,Badvel,Konasamudram
Andhra Pradesh,Y.S.R. Kadapa,Badvel,Kondugaripalle
Andhra Pradesh,Y.S.R. Kadapa,Badvel,Kongalaveedu
Andhra Pradesh,Y.S.R. Kadapa,Badvel,Mohinuddinpuram
Andhra Pradesh,Y.S.R. Kadapa,Badvel,Puttayapalle
Andhra Pradesh,Y.S.R. Kadapa,Badvel,Rajupalem
Andhra Pradesh,Y.S.R. Kadapa,Badvel,Thippanapalle
Andhra Pradesh,Y.S.R. Kadapa,Badvel,Tiruvengalapuram
Andhra Pradesh,Y.S.R. Kadapa,Badvel,Vanampula
Andhra Pradesh,Y.S.R. Kadapa,Badvel,Veerapalle
Andhra Pradesh,Y.S.R. Kadapa,Badvel,Venkatasettipalle
Andhra Pradesh,Y.S.R. Kadapa,B.Kodur,A.Kothapalle
Andhra Pradesh,Y.S.R. Kadapa,B.Kodur,Ankanagodu Gunuru
Andhra Pradesh,Y.S.R. Kadapa,B.Kodur,Bodugundupalle
Andhra Pradesh,Y.S.R. Kadapa,B.Kodur,Channakesapuram
Andhra Pradesh,Y.S.R. Kadapa,B.Kodur,Kamakunta
Andhra Pradesh,Y.S.R. Kadapa,B.Kodur,Kodur
Andhra Pradesh,Y.S.R. Kadapa,B.Kodur,Kondampalle
Andhra Pradesh,Y.S.R. Kadapa,B.Kodur,Madhavarayunipalle
Andhra Pradesh,Y.S.R. Kadapa,B.Kodur,Maratipalle
Andhra Pradesh,Y.S.R. Kadapa,B.Kodur,Mekavaripalle
Andhra Pradesh,Y.S.R. Kadapa,B.Kodur,M.Narasimhapuram
Andhra Pradesh,Y.S.R. Kadapa,B.Kodur,Munnelli
Andhra Pradesh,Y.S.R. Kadapa,B.Kodur,Papanapalle
Andhra Pradesh,Y.S.R. Kadapa,B.Kodur,Peddullapalle
Andhra Pradesh,Y.S.R. Kadapa,B.Kodur,Prabhalaveedu
Andhra Pradesh,Y.S.R. Kadapa,B.Kodur,Thangedupalle
Andhra Pradesh,Y.S.R. Kadapa,B.Kodur,Thipparajupalle
Andhra Pradesh,Y.S.R. Kadapa,B.Kodur,Vemakunta
Andhra Pradesh,Y.S.R. Kadapa,B.Kodur,Venkatapuram
Andhra Pradesh,Y.S.R. Kadapa,Brahmamgarimattam,Boodavada
Andhra Pradesh,Y.S.R. Kadapa,Brahmamgarimattam,Darbhavariagraharam
Andhra Pradesh,Y.S.R. Kadapa,Brahmamgarimattam,Diguva Nelatur
Andhra Pradesh,Y.S.R. Kadapa,Brahmamgarimattam,Dirasavancha
Andhra Pradesh,Y.S.R. Kadapa,Brahmamgarimattam,D.Lingampalle
Andhra Pradesh,Y.S.R. Kadapa,Brahmamgarimattam,D.Narasimhapuram
Andhra Pradesh,Y.S.R. Kadapa,Brahmamgarimattam,Eguvanelatur
Andhra Pradesh,Y.S.R. Kadapa,Brahmamgarimattam,G.Narasimhapuram
Andhra Pradesh,Y.S.R. Kadapa,Brahmamgarimattam,Godlaveedu
Andhra Pradesh,Y.S.R. Kadapa,Brahmamgarimattam,Gundapuram
Andhra Pradesh,Y.S.R. Kadapa,Brahmamgarimattam,Jangamrajupalle
Andhra Pradesh,Y.S.R. Kadapa,Brahmamgarimattam,Mallepalle
Andhra Pradesh,Y.S.R. Kadapa,Brahmamgarimattam,Mudumala
Andhra Pradesh,Y.S.R. Kadapa,Brahmamgarimattam,Nagisettipalle
Andhra Pradesh,Y.S.R. Kadapa,Brahmamgarimattam,Palugurallapalle
Andhra Pradesh,Y.S.R. Kadapa,Brahmamgarimattam,Palugurallapalle (Part Iv)
Andhra Pradesh,Y.S.R. Kadapa,Brahmamgarimattam,Papireddipalle
Andhra Pradesh,Y.S.R. Kadapa,Brahmamgarimattam,Rekalakunta
Andhra Pradesh,Y.S.R. Kadapa,Brahmamgarimattam,Somireddipalle
Andhra Pradesh,Y.S.R. Kadapa,Brahmamgarimattam,T.Soudaravaripalle
Andhra Pradesh,Y.S.R. Kadapa,Chakrayapet,Addalamarri
Andhra Pradesh,Y.S.R. Kadapa,Chakrayapet,Anjaneyapuram
Andhra Pradesh,Y.S.R. Kadapa,Chakrayapet,Chakrayapet
Andhra Pradesh,Y.S.R. Kadapa,Chakrayapet,Chilekampalle
Andhra Pradesh,Y.S.R. Kadapa,Chakrayapet,Errabommanapalle
Andhra Pradesh,Y.S.R. Kadapa,Chakrayapet,Gandikovvur
Andhra Pradesh,Y.S.R. Kadapa,Chakrayapet,Gotlamitta
Andhra Pradesh,Y.S.R. Kadapa,Chakrayapet,Kallurupalle
Andhra Pradesh,Y.S.R. Kadapa,Chakrayapet,Kateneniyerragudi
Andhra Pradesh,Y.S.R. Kadapa,Chakrayapet,Kondappagaripalle
Andhra Pradesh,Y.S.R. Kadapa,Chakrayapet,Kumarakalva
Andhra Pradesh,Y.S.R. Kadapa,Chakrayapet,Kuppam
Andhra Pradesh,Y.S.R. Kadapa,Chakrayapet,Mahadevapalle
Andhra Pradesh,Y.S.R. Kadapa,Chakrayapet,Marellamadaka
Andhra Pradesh,Y.S.R. Kadapa,Chakrayapet,Nersupalle
Andhra Pradesh,Y.S.R. Kadapa,Chakrayapet,Rajupalle
Andhra Pradesh,Y.S.R. Kadapa,Chakrayapet,Surabhi
Andhra Pradesh,Y.S.R. Kadapa,Chapad,Alladupalle
Andhra Pradesh,Y.S.R. Kadapa,Chapad,Ananthapuram
Andhra Pradesh,Y.S.R. Kadapa,Chapad,Bhadripalle
Andhra Pradesh,Y.S.R. Kadapa,Chapad,Budidapadu
Andhra Pradesh,Y.S.R. Kadapa,Chapad,Chapad
Andhra Pradesh,Y.S.R. Kadapa,Chapad,Chinnagurvalur
Andhra Pradesh,Y.S.R. Kadapa,Chapad,Chiyyapadu
Andhra Pradesh,Y.S.R. Kadapa,Chapad,Kethavaram
Andhra Pradesh,Y.S.R. Kadapa,Chapad,Kutchupapa
Andhra Pradesh,Y.S.R. Kadapa,Chapad,Madur
Andhra Pradesh,Y.S.R. Kadapa,Chapad,Morrayapalle
Andhra Pradesh,Y.S.R. Kadapa,Chapad,Nerrawada
Andhra Pradesh,Y.S.R. Kadapa,Chapad,Pallavolu
Andhra Pradesh,Y.S.R. Kadapa,Chapad,Peddaguruvalur
Andhra Pradesh,Y.S.R. Kadapa,Chapad,Pitchapadu
Andhra Pradesh,Y.S.R. Kadapa,Chapad,Somapuram
Andhra Pradesh,Y.S.R. Kadapa,Chapad,Thummalapadu
Andhra Pradesh,Y.S.R. Kadapa,Chapad,Vedurur
Andhra Pradesh,Y.S.R. Kadapa,Chapad,Vengannagaripalle
Andhra Pradesh,Y.S.R. Kadapa,Chennur,Bayanapalle
Andhra Pradesh,Y.S.R. Kadapa,Chennur,Chennur
Andhra Pradesh,Y.S.R. Kadapa,Chennur,Chinnamachupalle
Andhra Pradesh,Y.S.R. Kadapa,Chennur,Doulathapuram
Andhra Pradesh,Y.S.R. Kadapa,Chennur,Dugganapalle
Andhra Pradesh,Y.S.R. Kadapa,Chennur,Gurrampadu
Andhra Pradesh,Y.S.R. Kadapa,Chennur,Kanuparthi
Andhra Pradesh,Y.S.R. Kadapa,Chennur,Kokkarayapalle
Andhra Pradesh,Y.S.R. Kadapa,Chennur,Mundlapalle
Andhra Pradesh,Y.S.R. Kadapa,Chennur,Nazeerbegpalle
Andhra Pradesh,Y.S.R. Kadapa,Chennur,Rachinnayapalle
Andhra Pradesh,Y.S.R. Kadapa,Chennur,Ramanapalle (Part)
Andhra Pradesh,Y.S.R. Kadapa,Chennur,Rudra Bharathi Peta
Andhra Pradesh,Y.S.R. Kadapa,Chennur,Sivalapalle
Andhra Pradesh,Y.S.R. Kadapa,Chennur,Upparapalle
Andhra Pradesh,Y.S.R. Kadapa,Chinthakommadinne,Apparajupalle
Andhra Pradesh,Y.S.R. Kadapa,Chinthakommadinne,Balupalle
Andhra Pradesh,Y.S.R. Kadapa,Chinthakommadinne,Boggalapalle (Part)
Andhra Pradesh,Y.S.R. Kadapa,Chinthakommadinne,Buggaletipalle
Andhra Pradesh,Y.S.R. Kadapa,Chinthakommadinne,Cherlopalle
Andhra Pradesh,Y.S.R. Kadapa,Chinthakommadinne,Chinnakampalle
Andhra Pradesh,Y.S.R. Kadapa,Chinthakommadinne,Chinthakommadinne (Part)
Andhra Pradesh,Y.S.R. Kadapa,Chinthakommadinne,Ippapenta
Andhra Pradesh,Y.S.R. Kadapa,Chinthakommadinne,Jamal Palle
Andhra Pradesh,Y.S.R. Kadapa,Chinthakommadinne,Kammavaripalle
Andhra Pradesh,Y.S.R. Kadapa,Chinthakommadinne,Kolumulapalle
Andhra Pradesh,Y.S.R. Kadapa,Chinthakommadinne,Kopparthi
Andhra Pradesh,Y.S.R. Kadapa,Chinthakommadinne,K.Ramachandrapuram
Andhra Pradesh,Y.S.R. Kadapa,Chinthakommadinne,Krishnapuram
Andhra Pradesh,Y.S.R. Kadapa,Chinthakommadinne,Mamillapalle
Andhra Pradesh,Y.S.R. Kadapa,Chinthakommadinne,Pabbapuram
Andhra Pradesh,Y.S.R. Kadapa,Chinthakommadinne,Papasahebpet
Andhra Pradesh,Y.S.R. Kadapa,Chinthakommadinne,Peddakampalle
Andhra Pradesh,Y.S.R. Kadapa,Chinthakommadinne,Rayalapantula Palle
Andhra Pradesh,Y.S.R. Kadapa,Chinthakommadinne,Rudrayagaripalle
Andhra Pradesh,Y.S.R. Kadapa,Chinthakommadinne,Thadigotla
Andhra Pradesh,Y.S.R. Kadapa,Chinthakommadinne,T Ramachandrapuram
Andhra Pradesh,Y.S.R. Kadapa,Chinthakommadinne,Utukur
Andhra Pradesh,Y.S.R. Kadapa,Chinthakommadinne,Viswanathapuram
Andhra Pradesh,Y.S.R. Kadapa,Duvvur,Annapusastrula Palle
Andhra Pradesh,Y.S.R. Kadapa,Duvvur,Ballakkivaripalle
Andhra Pradesh,Y.S.R. Kadapa,Duvvur,Chinna Singanapalle
Andhra Pradesh,Y.S.R. Kadapa,Duvvur,Chintakunta
Andhra Pradesh,Y.S.R. Kadapa,Duvvur,Dasaripalle
Andhra Pradesh,Y.S.R. Kadapa,Duvvur,Duvvur
Andhra Pradesh,Y.S.R. Kadapa,Duvvur,Gollapalle
Andhra Pradesh,Y.S.R. Kadapa,Duvvur,Gudipadu
Andhra Pradesh,Y.S.R. Kadapa,Duvvur,Idamadaka
Andhra Pradesh,Y.S.R. Kadapa,Duvvur,Jillela
Andhra Pradesh,Y.S.R. Kadapa,Duvvur,Kanagudur
Andhra Pradesh,Y.S.R. Kadapa,Duvvur,Machanapalle
Andhra Pradesh,Y.S.R. Kadapa,Duvvur,Madirepalle
Andhra Pradesh,Y.S.R. Kadapa,Duvvur,Manerampalle
Andhra Pradesh,Y.S.R. Kadapa,Duvvur,Neelapuram
Andhra Pradesh,Y.S.R. Kadapa,Duvvur,Nelaturu
Andhra Pradesh,Y.S.R. Kadapa,Duvvur,Pedda Jonnavaram
Andhra Pradesh,Y.S.R. Kadapa,Duvvur,Rajupalem
Andhra Pradesh,Y.S.R. Kadapa,Duvvur,Ramachandrapuram
Andhra Pradesh,Y.S.R. Kadapa,Duvvur,T.Sallabasayapalle
Andhra Pradesh,Y.S.R. Kadapa,Gopavaram,Boddecharla
Andhra Pradesh,Y.S.R. Kadapa,Gopavaram,Brahmanapalle
Andhra Pradesh,Y.S.R. Kadapa,Gopavaram,Bukkayapalle
Andhra Pradesh,Y.S.R. Kadapa,Gopavaram,Eppirala
Andhra Pradesh,Y.S.R. Kadapa,Gopavaram,Gopavaram
Andhra Pradesh,Y.S.R. Kadapa,Gopavaram,Juvvalapalle
Andhra Pradesh,Y.S.R. Kadapa,Gopavaram,Kalvapalle
Andhra Pradesh,Y.S.R. Kadapa,Gopavaram,Lakkavaripalle
Andhra Pradesh,Y.S.R. Kadapa,Gopavaram,Madakalavaripalle
Andhra Pradesh,Y.S.R. Kadapa,Gopavaram,Nemallagondi
Andhra Pradesh,Y.S.R. Kadapa,Gopavaram,North Ramapuram
Andhra Pradesh,Y.S.R. Kadapa,Gopavaram,Obulam
Andhra Pradesh,Y.S.R. Kadapa,Gopavaram,Oguru
Andhra Pradesh,Y.S.R. Kadapa,Gopavaram,Pattapurai
Andhra Pradesh,Y.S.R. Kadapa,Gopavaram,Ramapuram
Andhra Pradesh,Y.S.R. Kadapa,Gopavaram,Ravalakollu
Andhra Pradesh,Y.S.R. Kadapa,Gopavaram,Rekalakunta
Andhra Pradesh,Y.S.R. Kadapa,Gopavaram,South Ramapuram
Andhra Pradesh,Y.S.R. Kadapa,Gopavaram,Vakamada
Andhra Pradesh,Y.S.R. Kadapa,Gopavaram,Viswanathapuram
Andhra Pradesh,Y.S.R. Kadapa,Jammalamadugu,Ambavaram
Andhra Pradesh,Y.S.R. Kadapa,Jammalamadugu,Danavulapadu
Andhra Pradesh,Y.S.R. Kadapa,Jammalamadugu,Devagudi
Andhra Pradesh,Y.S.R. Kadapa,Jammalamadugu,Dharmapuram
Andhra Pradesh,Y.S.R. Kadapa,Jammalamadugu,Diguvapatnam
Andhra Pradesh,Y.S.R. Kadapa,Jammalamadugu,Gandikota
Andhra Pradesh,Y.S.R. Kadapa,Jammalamadugu,Goriganur
Andhra Pradesh,Y.S.R. Kadapa,Jammalamadugu,Gudemcheruvu
Andhra Pradesh,Y.S.R. Kadapa,Jammalamadugu,Jammalamadugu
Andhra Pradesh,Y.S.R. Kadapa,Jammalamadugu,Kannelur
Andhra Pradesh,Y.S.R. Kadapa,Jammalamadugu,Kothaguntapalle
Andhra Pradesh,Y.S.R. Kadapa,Jammalamadugu,Moragudi (Ct)
Andhra Pradesh,Y.S.R. Kadapa,Jammalamadugu,Peddandlur
Andhra Pradesh,Y.S.R. Kadapa,Jammalamadugu,Ponnathota
Andhra Pradesh,Y.S.R. Kadapa,Jammalamadugu,Poorva Bommepalle
Andhra Pradesh,Y.S.R. Kadapa,Jammalamadugu,Poorvapu Sugumanchipalle
Andhra Pradesh,Y.S.R. Kadapa,Jammalamadugu,Salevariuppalapadu
Andhra Pradesh,Y.S.R. Kadapa,Jammalamadugu,Sanjeevapalle
Andhra Pradesh,Y.S.R. Kadapa,Jammalamadugu,Sirigepalle
Andhra Pradesh,Y.S.R. Kadapa,Jammalamadugu,Sunnapurallapalle
Andhra Pradesh,Y.S.R. Kadapa,Jammalamadugu,Thugutlapalle
Andhra Pradesh,Y.S.R. Kadapa,Jammalamadugu,Vemaguntapalle
Andhra Pradesh,Y.S.R. Kadapa,Kadapa,Akkayapalle
Andhra Pradesh,Y.S.R. Kadapa,Kadapa,Chemmumiapeta
Andhra Pradesh,Y.S.R. Kadapa,Kadapa,Chinnachowk
Andhra Pradesh,Y.S.R. Kadapa,Kadapa,Gudur
Andhra Pradesh,Y.S.R. Kadapa,Kadapa,Kadapa Urban
Andhra Pradesh,Y.S.R. Kadapa,Kadapa,Nagarajupeta
Andhra Pradesh,Y.S.R. Kadapa,Kadapa,Palempalle
Andhra Pradesh,Y.S.R. Kadapa,Kadapa,Patha Kadapa
Andhra Pradesh,Y.S.R. Kadapa,Kadapa,Putlampalle
Andhra Pradesh,Y.S.R. Kadapa,Kadapa,Ramarajupalle
Andhra Pradesh,Y.S.R. Kadapa,Kadapa,Ukkayapalle
Andhra Pradesh,Y.S.R. Kadapa,Kalasapadu,Ayyavaripalle
Andhra Pradesh,Y.S.R. Kadapa,Kalasapadu,Brahmanapalle
Andhra Pradesh,Y.S.R. Kadapa,Kalasapadu,Chennupalle
Andhra Pradesh,Y.S.R. Kadapa,Kalasapadu,Diguva Thamballapalle
Andhra Pradesh,Y.S.R. Kadapa,Kalasapadu,Dulamvaripalle
Andhra Pradesh,Y.S.R. Kadapa,Kalasapadu,Eguva Thamballapalle
Andhra Pradesh,Y.S.R. Kadapa,Kalasapadu,Gangayapalle
Andhra Pradesh,Y.S.R. Kadapa,Kalasapadu,Gopavarampalle
Andhra Pradesh,Y.S.R. Kadapa,Kalasapadu,Kalasapadu
Andhra Pradesh,Y.S.R. Kadapa,Kalasapadu,Kondapeta
Andhra Pradesh,Y.S.R. Kadapa,Kalasapadu,Kothakota
Andhra Pradesh,Y.S.R. Kadapa,Kalasapadu,Mahanandipalle
Andhra Pradesh,Y.S.R. Kadapa,Kalasapadu,Malluvaripalle
Andhra Pradesh,Y.S.R. Kadapa,Kalasapadu,Mamillapalle (Rural)
Andhra Pradesh,Y.S.R. Kadapa,Kalasapadu,Musalareddipalle
Andhra Pradesh,Y.S.R. Kadapa,Kalasapadu,Patha Ramapuram
Andhra Pradesh,Y.S.R. Kadapa,Kalasapadu,Pendlimarri
Andhra Pradesh,Y.S.R. Kadapa,Kalasapadu,Pullareddypalle
Andhra Pradesh,Y.S.R. Kadapa,Kalasapadu,Rajupalem
Andhra Pradesh,Y.S.R. Kadapa,Kalasapadu,Reddypalle
Andhra Pradesh,Y.S.R. Kadapa,Kalasapadu,Sankavaram
Andhra Pradesh,Y.S.R. Kadapa,Kalasapadu,Siddamurthypalle
Andhra Pradesh,Y.S.R. Kadapa,Kalasapadu,Singarayapalle
Andhra Pradesh,Y.S.R. Kadapa,Kalasapadu,Tellapadu
Andhra Pradesh,Y.S.R. Kadapa,Kamalapuram,Apparaopalle
Andhra Pradesh,Y.S.R. Kadapa,Kamalapuram,C.Gopalapuram
Andhra Pradesh,Y.S.R. Kadapa,Kamalapuram,Chinnachepalle
Andhra Pradesh,Y.S.R. Kadapa,Kamalapuram,Dadireddipalle
Andhra Pradesh,Y.S.R. Kadapa,Kamalapuram,Gangavaram
Andhra Pradesh,Y.S.R. Kadapa,Kamalapuram,Gollapalle
Andhra Pradesh,Y.S.R. Kadapa,Kamalapuram,Jambapuram
Andhra Pradesh,Y.S.R. Kadapa,Kamalapuram,Kamalapuram
Andhra Pradesh,Y.S.R. Kadapa,Kamalapuram,Kokatam
Andhra Pradesh,Y.S.R. Kadapa,Kamalapuram,Letapalle
Andhra Pradesh,Y.S.R. Kadapa,Kamalapuram,Mirapuram
Andhra Pradesh,Y.S.R. Kadapa,Kamalapuram,Nallingayapalle
Andhra Pradesh,Y.S.R. Kadapa,Kamalapuram,Pachikalapadu
Andhra Pradesh,Y.S.R. Kadapa,Kamalapuram,Pandillapalle
Andhra Pradesh,Y.S.R. Kadapa,Kamalapuram,Peddacheppalle
Andhra Pradesh,Y.S.R. Kadapa,Kamalapuram,Podadurthi
Andhra Pradesh,Y.S.R. Kadapa,Kamalapuram,Ramachandrapuram
Andhra Pradesh,Y.S.R. Kadapa,Kamalapuram,Sambatur
Andhra Pradesh,Y.S.R. Kadapa,Kamalapuram,Thurakapalle
Andhra Pradesh,Y.S.R. Kadapa,Kamalapuram,T.Sadipirala
Andhra Pradesh,Y.S.R. Kadapa,Kamalapuram,Vankamada
Andhra Pradesh,Y.S.R. Kadapa,Kamalapuram,Vibharampuram
Andhra Pradesh,Y.S.R. Kadapa,Kamalapuram,Yellareddipalle
Andhra Pradesh,Y.S.R. Kadapa,Kamalapuram,Yerragudipadu
Andhra Pradesh,Y.S.R. Kadapa,Khajipeta,Bhumayapalle
Andhra Pradesh,Y.S.R. Kadapa,Khajipeta,Buddayapalem
Andhra Pradesh,Y.S.R. Kadapa,Khajipeta,Chemullapalle
Andhra Pradesh,Y.S.R. Kadapa,Khajipeta,Chennamukkapalle
Andhra Pradesh,Y.S.R. Kadapa,Khajipeta,Dumpalagattu
Andhra Pradesh,Y.S.R. Kadapa,Khajipeta,Eturu
Andhra Pradesh,Y.S.R. Kadapa,Khajipeta,Khajipet Sunkesula
Andhra Pradesh,Y.S.R. Kadapa,Khajipeta,Kommaluru
Andhra Pradesh,Y.S.R. Kadapa,Khajipeta,Machupalle
Andhra Pradesh,Y.S.R. Kadapa,Khajipeta,Miduthuru
Andhra Pradesh,Y.S.R. Kadapa,Khajipeta,Nagasanipalle
Andhra Pradesh,Y.S.R. Kadapa,Khajipeta,Pathur
Andhra Pradesh,Y.S.R. Kadapa,Khajipeta,Pullur
Andhra Pradesh,Y.S.R. Kadapa,Khajipeta,Ravulapalle
Andhra Pradesh,Y.S.R. Kadapa,Khajipeta,Thavvaripalle
Andhra Pradesh,Y.S.R. Kadapa,Khajipeta,Thripuravaram
Andhra Pradesh,Y.S.R. Kadapa,Khajipeta,Thudumuladinne
Andhra Pradesh,Y.S.R. Kadapa,Kondapuram,Anantapuram
Andhra Pradesh,Y.S.R. Kadapa,Kondapuram,Bedaduru
Andhra Pradesh,Y.S.R. Kadapa,Kondapuram,Bukkapatnam
Andhra Pradesh,Y.S.R. Kadapa,Kondapuram,Burujupalli
Andhra Pradesh,Y.S.R. Kadapa,Kondapuram,Chamaluru
Andhra Pradesh,Y.S.R. Kadapa,Kondapuram,Chennamanenipalle
Andhra Pradesh,Y.S.R. Kadapa,Kondapuram,Chowtapalli
Andhra Pradesh,Y.S.R. Kadapa,Kondapuram,Donkupalli
Andhra Pradesh,Y.S.R. Kadapa,Kondapuram,Eturu
Andhra Pradesh,Y.S.R. Kadapa,Kondapuram,Fakhirpeta
Andhra Pradesh,Y.S.R. Kadapa,Kondapuram,Gandaluru
Andhra Pradesh,Y.S.R. Kadapa,Kondapuram,Gangapuram
Andhra Pradesh,Y.S.R. Kadapa,Kondapuram,Jogapuram
Andhra Pradesh,Y.S.R. Kadapa,Kondapuram,K.Bommepalli
Andhra Pradesh,Y.S.R. Kadapa,Kondapuram,K.Brahmanapalle
Andhra Pradesh,Y.S.R. Kadapa,Kondapuram,Koduru
Andhra Pradesh,Y.S.R. Kadapa,Kondapuram,Konavaripalli
Andhra Pradesh,Y.S.R. Kadapa,Kondapuram,Kondapuram
Andhra Pradesh,Y.S.R. Kadapa,Kondapuram,Koppolu
Andhra Pradesh,Y.S.R. Kadapa,Kondapuram,K.Sugumanchipalle
Andhra Pradesh,Y.S.R. Kadapa,Kondapuram,K.Venkatapuram
Andhra Pradesh,Y.S.R. Kadapa,Kondapuram,Lavanuru
Andhra Pradesh,Y.S.R. Kadapa,Kondapuram,Lingamanenipalle
Andhra Pradesh,Y.S.R. Kadapa,Kondapuram,Murugampalli
Andhra Pradesh,Y.S.R. Kadapa,Kondapuram,Mutchumarri
Andhra Pradesh,Y.S.R. Kadapa,Kondapuram,Nagamalla Dinne
Andhra Pradesh,Y.S.R. Kadapa,Kondapuram,Neknampeta
Andhra Pradesh,Y.S.R. Kadapa,Kondapuram,Obannapeta
Andhra Pradesh,Y.S.R. Kadapa,Kondapuram,Penjuvvi
Andhra Pradesh,Y.S.R. Kadapa,Kondapuram,Pottipadu
Andhra Pradesh,Y.S.R. Kadapa,Kondapuram,Regadipally
Andhra Pradesh,Y.S.R. Kadapa,Kondapuram,Sankepalli
Andhra Pradesh,Y.S.R. Kadapa,Kondapuram,Sivapuram
Andhra Pradesh,Y.S.R. Kadapa,Kondapuram,S.Timmapuram
Andhra Pradesh,Y.S.R. Kadapa,Kondapuram,Thallaproddatur
Andhra Pradesh,Y.S.R. Kadapa,Kondapuram,Venkaiah Kalva
Andhra Pradesh,Y.S.R. Kadapa,Kondapuram,Yenamalachintala
Andhra Pradesh,Y.S.R. Kadapa,Kondapuram,Yerragudi
Andhra Pradesh,Y.S.R. Kadapa,Lingala,Ambakapalle
Andhra Pradesh,Y.S.R. Kadapa,Lingala,Bonala
Andhra Pradesh,Y.S.R. Kadapa,Lingala,Chinnakudala
Andhra Pradesh,Y.S.R. Kadapa,Lingala,Dondlavagu
Andhra Pradesh,Y.S.R. Kadapa,Lingala,Gunakanepalle
Andhra Pradesh,Y.S.R. Kadapa,Lingala,Herojipuram
Andhra Pradesh,Y.S.R. Kadapa,Lingala,Ippatla
Andhra Pradesh,Y.S.R. Kadapa,Lingala,Kamasamudram
Andhra Pradesh,Y.S.R. Kadapa,Lingala,Kommanuthala
Andhra Pradesh,Y.S.R. Kadapa,Lingala,Lingala
Andhra Pradesh,Y.S.R. Kadapa,Lingala,Lopatnuthala
Andhra Pradesh,Y.S.R. Kadapa,Lingala,Murarichintala
Andhra Pradesh,Y.S.R. Kadapa,Lingala,Narsingaraopalle
Andhra Pradesh,Y.S.R. Kadapa,Lingala,Parnapalle
Andhra Pradesh,Y.S.R. Kadapa,Lingala,Peddakudala
Andhra Pradesh,Y.S.R. Kadapa,Lingala,Ramanuthalapalle
Andhra Pradesh,Y.S.R. Kadapa,Lingala,Vadlavaripalle
Andhra Pradesh,Y.S.R. Kadapa,Lingala,Velidandla
Andhra Pradesh,Y.S.R. Kadapa,Muddanur,Aravetipalle
Andhra Pradesh,Y.S.R. Kadapa,Muddanur,Bondalakunta
Andhra Pradesh,Y.S.R. Kadapa,Muddanur,Chinnadudyala
Andhra Pradesh,Y.S.R. Kadapa,Muddanur,Chintakunta
Andhra Pradesh,Y.S.R. Kadapa,Muddanur,Denepalle
Andhra Pradesh,Y.S.R. Kadapa,Muddanur,Diguva Brahmanapalle
Andhra Pradesh,Y.S.R. Kadapa,Muddanur,Kadasani Kothapalle
Andhra Pradesh,Y.S.R. Kadapa,Muddanur,Kibili Raghavapuram
Andhra Pradesh,Y.S.R. Kadapa,Muddanur,Kolavali
Andhra Pradesh,Y.S.R. Kadapa,Muddanur,Korrapadu
Andhra Pradesh,Y.S.R. Kadapa,Muddanur,Kosinepalle
Andhra Pradesh,Y.S.R. Kadapa,Muddanur,K.Thimmapuram
Andhra Pradesh,Y.S.R. Kadapa,Muddanur,Mangapatnam
Andhra Pradesh,Y.S.R. Kadapa,Muddanur,Muddanur (Ct)
Andhra Pradesh,Y.S.R. Kadapa,Muddanur,Nallaballe
Andhra Pradesh,Y.S.R. Kadapa,Muddanur,Obulapuram
Andhra Pradesh,Y.S.R. Kadapa,Muddanur,Peddadudyala
Andhra Pradesh,Y.S.R. Kadapa,Muddanur,Penikalapadu
Andhra Pradesh,Y.S.R. Kadapa,Muddanur,Rajulaguruvaiahpalle
Andhra Pradesh,Y.S.R. Kadapa,Muddanur,Uppalur
Andhra Pradesh,Y.S.R. Kadapa,Muddanur,Velpucherla
Andhra Pradesh,Y.S.R. Kadapa,Muddanur,V.Raghavapuram
Andhra Pradesh,Y.S.R. Kadapa,Muddanur,Yamavaram
Andhra Pradesh,Y.S.R. Kadapa,Mylavaram,Ayyavari Kambala Dinne
Andhra Pradesh,Y.S.R. Kadapa,Mylavaram,Bestavemula
Andhra Pradesh,Y.S.R. Kadapa,Mylavaram,Bestavemula Venkatapuram
Andhra Pradesh,Y.S.R. Kadapa,Mylavaram,Chinna Komerla
Andhra Pradesh,Y.S.R. Kadapa,Mylavaram,Chinna Venthurla
Andhra Pradesh,Y.S.R. Kadapa,Mylavaram,Dhannavada
Andhra Pradesh,Y.S.R. Kadapa,Mylavaram,Dhodium
Andhra Pradesh,Y.S.R. Kadapa,Mylavaram,Dommara Nandyala (Ct)
Andhra Pradesh,Y.S.R. Kadapa,Mylavaram,Duggana Palle
Andhra Pradesh,Y.S.R. Kadapa,Mylavaram,Gollapalle
Andhra Pradesh,Y.S.R. Kadapa,Mylavaram,Golla Uppalapadu
Andhra Pradesh,Y.S.R. Kadapa,Mylavaram,Kallutla
Andhra Pradesh,Y.S.R. Kadapa,Mylavaram,Khaderabad
Andhra Pradesh,Y.S.R. Kadapa,Mylavaram,Kona Annathapuram
Andhra Pradesh,Y.S.R. Kadapa,Mylavaram,Lingapuram
Andhra Pradesh,Y.S.R. Kadapa,Mylavaram,Madhavapuram
Andhra Pradesh,Y.S.R. Kadapa,Mylavaram,Malameedi Kambala Dinne
Andhra Pradesh,Y.S.R. Kadapa,Mylavaram,Murapandi
Andhra Pradesh,Y.S.R. Kadapa,Mylavaram,Mylavaram
Andhra Pradesh,Y.S.R. Kadapa,Mylavaram,Nakkavanipalle
Andhra Pradesh,Y.S.R. Kadapa,Mylavaram,Nawabpet
Andhra Pradesh,Y.S.R. Kadapa,Mylavaram,Nelanuthala
Andhra Pradesh,Y.S.R. Kadapa,Mylavaram,Ponnampalle
Andhra Pradesh,Y.S.R. Kadapa,Mylavaram,Ramachandrayapalle
Andhra Pradesh,Y.S.R. Kadapa,Mylavaram,Talamanchi Patnam
Andhra Pradesh,Y.S.R. Kadapa,Mylavaram,Thorrivemula
Andhra Pradesh,Y.S.R. Kadapa,Mylavaram,Vaddirala
Andhra Pradesh,Y.S.R. Kadapa,Mylavaram,Veparala (Ct)
Andhra Pradesh,Y.S.R. Kadapa,Peddamudiam,Balapana Gudur
Andhra Pradesh,Y.S.R. Kadapa,Peddamudiam,Bheemagundam
Andhra Pradesh,Y.S.R. Kadapa,Peddamudiam,Bhutamapuram
Andhra Pradesh,Y.S.R. Kadapa,Peddamudiam,Boditippanapadu
Andhra Pradesh,Y.S.R. Kadapa,Peddamudiam,B.Venkatapuram
Andhra Pradesh,Y.S.R. Kadapa,Peddamudiam,Chidipiralladinne
Andhra Pradesh,Y.S.R. Kadapa,Peddamudiam,Chinamudium
Andhra Pradesh,Y.S.R. Kadapa,Peddamudiam,Chinnapasupula
Andhra Pradesh,Y.S.R. Kadapa,Peddamudiam,Diguva Kalvatala
Andhra Pradesh,Y.S.R. Kadapa,Peddamudiam,Garisaluru
Andhra Pradesh,Y.S.R. Kadapa,Peddamudiam,G. Kothapalle
Andhra Pradesh,Y.S.R. Kadapa,Peddamudiam,Gopalapuram
Andhra Pradesh,Y.S.R. Kadapa,Peddamudiam,Gundlakunta
Andhra Pradesh,Y.S.R. Kadapa,Peddamudiam,Jangalapalle
Andhra Pradesh,Y.S.R. Kadapa,Peddamudiam,J.Kottalapalle
Andhra Pradesh,Y.S.R. Kadapa,Peddamudiam,Kondasunkesula
Andhra Pradesh,Y.S.R. Kadapa,Peddamudiam,Medidinne
Andhra Pradesh,Y.S.R. Kadapa,Peddamudiam,Nagarajupalle
Andhra Pradesh,Y.S.R. Kadapa,Peddamudiam,Nagireddypalle
Andhra Pradesh,Y.S.R. Kadapa,Peddamudiam,Nemalladinne
Andhra Pradesh,Y.S.R. Kadapa,Peddamudiam,N.Kottalapalle
Andhra Pradesh,Y.S.R. Kadapa,Peddamudiam,Palur
Andhra Pradesh,Y.S.R. Kadapa,Peddamudiam,Papayapalle
Andhra Pradesh,Y.S.R. Kadapa,Peddamudiam,Peddamudium
Andhra Pradesh,Y.S.R. Kadapa,Peddamudiam,Peddapasupula
Andhra Pradesh,Y.S.R. Kadapa,Peddamudiam,Suddapalle
Andhra Pradesh,Y.S.R. Kadapa,Peddamudiam,Ulavapalle
Andhra Pradesh,Y.S.R. Kadapa,Peddamudiam,Uppalur
Andhra Pradesh,Y.S.R. Kadapa,Pendlimarry,Amaniviswanathapuram
Andhra Pradesh,Y.S.R. Kadapa,Pendlimarry,A.Ramachandrapuram
Andhra Pradesh,Y.S.R. Kadapa,Pendlimarry,Binduraopalle
Andhra Pradesh,Y.S.R. Kadapa,Pendlimarry,Chabali
Andhra Pradesh,Y.S.R. Kadapa,Pendlimarry,Cheemalapenta
Andhra Pradesh,Y.S.R. Kadapa,Pendlimarry,Chennamraju Palle
Andhra Pradesh,Y.S.R. Kadapa,Pendlimarry,Chinna Dasaripalle
Andhra Pradesh,Y.S.R. Kadapa,Pendlimarry,Eguva Palle
Andhra Pradesh,Y.S.R. Kadapa,Pendlimarry,Ganganapalle
Andhra Pradesh,Y.S.R. Kadapa,Pendlimarry,Gondipalle
Andhra Pradesh,Y.S.R. Kadapa,Pendlimarry,Konayapalle
Andhra Pradesh,Y.S.R. Kadapa,Pendlimarry,Konduru
Andhra Pradesh,Y.S.R. Kadapa,Pendlimarry,Kothagiriapalle
Andhra Pradesh,Y.S.R. Kadapa,Pendlimarry,Kothapeta
Andhra Pradesh,Y.S.R. Kadapa,Pendlimarry,Machanur
Andhra Pradesh,Y.S.R. Kadapa,Pendlimarry,Moillakalava
Andhra Pradesh,Y.S.R. Kadapa,Pendlimarry,Nandimandalam
Andhra Pradesh,Y.S.R. Kadapa,Pendlimarry,Pagadalapalle
Andhra Pradesh,Y.S.R. Kadapa,Pendlimarry,Pedda Dasaripalle
Andhra Pradesh,Y.S.R. Kadapa,Pendlimarry,Pendlimarri
Andhra Pradesh,Y.S.R. Kadapa,Pendlimarry,Ramapuram @ Mittameedapalle
Andhra Pradesh,Y.S.R. Kadapa,Pendlimarry,Rampathadu
Andhra Pradesh,Y.S.R. Kadapa,Pendlimarry,Sangatipalle
Andhra Pradesh,Y.S.R. Kadapa,Pendlimarry,Thippireddipalle
Andhra Pradesh,Y.S.R. Kadapa,Pendlimarry,Tummalur
Andhra Pradesh,Y.S.R. Kadapa,Pendlimarry,Vellatur
Andhra Pradesh,Y.S.R. Kadapa,Porumamilla,Akkalreddipalle
Andhra Pradesh,Y.S.R. Kadapa,Porumamilla,Boppapuram
Andhra Pradesh,Y.S.R. Kadapa,Porumamilla,Buchampalle
Andhra Pradesh,Y.S.R. Kadapa,Porumamilla,Challagirigella
Andhra Pradesh,Y.S.R. Kadapa,Porumamilla,Chennakrishnapuram
Andhra Pradesh,Y.S.R. Kadapa,Porumamilla,Chennareddipeta
Andhra Pradesh,Y.S.R. Kadapa,Porumamilla,Cherlopalle
Andhra Pradesh,Y.S.R. Kadapa,Porumamilla,Chinayerasala
Andhra Pradesh,Y.S.R. Kadapa,Porumamilla,Chinnayapalle
Andhra Pradesh,Y.S.R. Kadapa,Porumamilla,Dammanapalle
Andhra Pradesh,Y.S.R. Kadapa,Porumamilla,Ganugapenta
Andhra Pradesh,Y.S.R. Kadapa,Porumamilla,Kavalakuntla
Andhra Pradesh,Y.S.R. Kadapa,Porumamilla,Korrapatupalle
Andhra Pradesh,Y.S.R. Kadapa,Porumamilla,Lachampalle
Andhra Pradesh,Y.S.R. Kadapa,Porumamilla,Markapuram
Andhra Pradesh,Y.S.R. Kadapa,Porumamilla,Middepadu
Andhra Pradesh,Y.S.R. Kadapa,Porumamilla,Musalreddipalle
Andhra Pradesh,Y.S.R. Kadapa,Porumamilla,Perammagaripalle
Andhra Pradesh,Y.S.R. Kadapa,Porumamilla,Porumamilla
Andhra Pradesh,Y.S.R. Kadapa,Porumamilla,Pulliveedu
Andhra Pradesh,Y.S.R. Kadapa,Porumamilla,Ranga Samudram
Andhra Pradesh,Y.S.R. Kadapa,Porumamilla,Rowthupalle
Andhra Pradesh,Y.S.R. Kadapa,Porumamilla,Sancharala
Andhra Pradesh,Y.S.R. Kadapa,Porumamilla,Siddanakitchayapalle
Andhra Pradesh,Y.S.R. Kadapa,Porumamilla,Siddavaram
Andhra Pradesh,Y.S.R. Kadapa,Porumamilla,S.Lingampalle
Andhra Pradesh,Y.S.R. Kadapa,Porumamilla,S.Seshampalle
Andhra Pradesh,Y.S.R. Kadapa,Porumamilla,S.Veerlapalle
Andhra Pradesh,Y.S.R. Kadapa,Porumamilla,T.Seshampalle
Andhra Pradesh,Y.S.R. Kadapa,Porumamilla,Venkataramapuram
Andhra Pradesh,Y.S.R. Kadapa,Porumamilla,Yellapalle
Andhra Pradesh,Y.S.R. Kadapa,Proddutur,Bollavaram (R ) (Og)
Andhra Pradesh,Y.S.R. Kadapa,Proddutur,Chowdur
Andhra Pradesh,Y.S.R. Kadapa,Proddutur,Dorasanipalle
Andhra Pradesh,Y.S.R. Kadapa,Proddutur,Gopavaram (Ct)
Andhra Pradesh,Y.S.R. Kadapa,Proddutur,Kallur
Andhra Pradesh,Y.S.R. Kadapa,Proddutur,Kamanur
Andhra Pradesh,Y.S.R. Kadapa,Proddutur,Kothapalle
Andhra Pradesh,Y.S.R. Kadapa,Proddutur,Modameedipalle (Ct)
Andhra Pradesh,Y.S.R. Kadapa,Proddutur,Nanganurpalle
Andhra Pradesh,Y.S.R. Kadapa,Proddutur,Peddasettipalle
Andhra Pradesh,Y.S.R. Kadapa,Proddutur,Proddatur
Andhra Pradesh,Y.S.R. Kadapa,Proddutur,Rameswaram (Ct)
Andhra Pradesh,Y.S.R. Kadapa,Proddutur,Rangasayapuram
Andhra Pradesh,Y.S.R. Kadapa,Proddutur,Regulapalle
Andhra Pradesh,Y.S.R. Kadapa,Proddutur,Sarvireddipalle
Andhra Pradesh,Y.S.R. Kadapa,Proddutur,Thallamapuram
Andhra Pradesh,Y.S.R. Kadapa,Proddutur,Upparapalle
Andhra Pradesh,Y.S.R. Kadapa,Proddutur,Yerraguntlapalle
Andhra Pradesh,Y.S.R. Kadapa,Pulivendula,Ahobilapuram
Andhra Pradesh,Y.S.R. Kadapa,Pulivendula,Atchavalle
Andhra Pradesh,Y.S.R. Kadapa,Pulivendula,Bakarapuram
Andhra Pradesh,Y.S.R. Kadapa,Pulivendula,Boggudupalli
Andhra Pradesh,Y.S.R. Kadapa,Pulivendula,Brahmanapalle
Andhra Pradesh,Y.S.R. Kadapa,Pulivendula,Chinnarangapuram
Andhra Pradesh,Y.S.R. Kadapa,Pulivendula,Erraballe
Andhra Pradesh,Y.S.R. Kadapa,Pulivendula,Kachivaripalle
Andhra Pradesh,Y.S.R. Kadapa,Pulivendula,Konampalle
Andhra Pradesh,Y.S.R. Kadapa,Pulivendula,Korrapadu
Andhra Pradesh,Y.S.R. Kadapa,Pulivendula,K Velamanavanipalle
Andhra Pradesh,Y.S.R. Kadapa,Pulivendula,Peddarangapuram
Andhra Pradesh,Y.S.R. Kadapa,Pulivendula,Polepalle
Andhra Pradesh,Y.S.R. Kadapa,Pulivendula,Pulivendula (P) Urban
Andhra Pradesh,Y.S.R. Kadapa,Pulivendula,Rachumarripalle
Andhra Pradesh,Y.S.R. Kadapa,Pulivendula,Ragimanupalle
Andhra Pradesh,Y.S.R. Kadapa,Pulivendula,Rayalapuram
Andhra Pradesh,Y.S.R. Kadapa,Pulivendula,Ulimella (R)
Andhra Pradesh,Y.S.R. Kadapa,Pulivendula,Venkatampalle
Andhra Pradesh,Y.S.R. Kadapa,Pulivendula,Yerragudipalle
Andhra Pradesh,Y.S.R. Kadapa,Rajupalem,Arakatavemula
Andhra Pradesh,Y.S.R. Kadapa,Rajupalem,Chinna Jonnavaram
Andhra Pradesh,Y.S.R. Kadapa,Rajupalem,Chinnasettipalle
Andhra Pradesh,Y.S.R. Kadapa,Rajupalem,Doddanala
Andhra Pradesh,Y.S.R. Kadapa,Rajupalem,Eruvapalem
Andhra Pradesh,Y.S.R. Kadapa,Rajupalem,Gadegudur
Andhra Pradesh,Y.S.R. Kadapa,Rajupalem,Gopayapalle
Andhra Pradesh,Y.S.R. Kadapa,Rajupalem,Korrapadu
Andhra Pradesh,Y.S.R. Kadapa,Rajupalem,Kulur
Andhra Pradesh,Y.S.R. Kadapa,Rajupalem,Paidala
Andhra Pradesh,Y.S.R. Kadapa,Rajupalem,Parlapadu
Andhra Pradesh,Y.S.R. Kadapa,Rajupalem,Pottipadu
Andhra Pradesh,Y.S.R. Kadapa,Rajupalem,Rajupalem
Andhra Pradesh,Y.S.R. Kadapa,Rajupalem,Tangatur
Andhra Pradesh,Y.S.R. Kadapa,Rajupalem,Thondaladinne
Andhra Pradesh,Y.S.R. Kadapa,Rajupalem,Velavali
Andhra Pradesh,Y.S.R. Kadapa,Rajupalem,Vellala
Andhra Pradesh,Y.S.R. Kadapa,Sidhout,Gundlamoola
Andhra Pradesh,Y.S.R. Kadapa,Sidhout,Jangalapalle
Andhra Pradesh,Y.S.R. Kadapa,Sidhout,Jyothi
Andhra Pradesh,Y.S.R. Kadapa,Sidhout,Kadapayapalle
Andhra Pradesh,Y.S.R. Kadapa,Sidhout,Kanumalapalle
Andhra Pradesh,Y.S.R. Kadapa,Sidhout,Lingampalle
Andhra Pradesh,Y.S.R. Kadapa,Sidhout,Machupalle
Andhra Pradesh,Y.S.R. Kadapa,Sidhout,Mandapalle
Andhra Pradesh,Y.S.R. Kadapa,Sidhout,Mulapalle
Andhra Pradesh,Y.S.R. Kadapa,Sidhout,Nekanapuram
Andhra Pradesh,Y.S.R. Kadapa,Sidhout,Peddapalle
Andhra Pradesh,Y.S.R. Kadapa,Sidhout,Ponnavolu
Andhra Pradesh,Y.S.R. Kadapa,Sidhout,Shakarajupalle
Andhra Pradesh,Y.S.R. Kadapa,Sidhout,Sidhout
Andhra Pradesh,Y.S.R. Kadapa,Sidhout,S.Rajampeta
Andhra Pradesh,Y.S.R. Kadapa,Sidhout,Tokkolu
Andhra Pradesh,Y.S.R. Kadapa,Sidhout,Velugupalle
Andhra Pradesh,Y.S.R. Kadapa,Sidhout,Vontithatipalle
Andhra Pradesh,Y.S.R. Kadapa,Simhadripuram,Agraharam
Andhra Pradesh,Y.S.R. Kadapa,Simhadripuram,Ankalammagudur
Andhra Pradesh,Y.S.R. Kadapa,Simhadripuram,Balapanur
Andhra Pradesh,Y.S.R. Kadapa,Simhadripuram,Bidinamcherla
Andhra Pradesh,Y.S.R. Kadapa,Simhadripuram,Chavvaripalle
Andhra Pradesh,Y.S.R. Kadapa,Simhadripuram,Devathapuram
Andhra Pradesh,Y.S.R. Kadapa,Simhadripuram,Duddekunta
Andhra Pradesh,Y.S.R. Kadapa,Simhadripuram,Gurjala
Andhra Pradesh,Y.S.R. Kadapa,Simhadripuram,Himakuntla
Andhra Pradesh,Y.S.R. Kadapa,Simhadripuram,Jangamreddipalle
Andhra Pradesh,Y.S.R. Kadapa,Simhadripuram,Kasanur
Andhra Pradesh,Y.S.R. Kadapa,Simhadripuram,Lomada
Andhra Pradesh,Y.S.R. Kadapa,Simhadripuram,Maddulapaya
Andhra Pradesh,Y.S.R. Kadapa,Simhadripuram,Nandyalampalle
Andhra Pradesh,Y.S.R. Kadapa,Simhadripuram,Nidivelagala
Andhra Pradesh,Y.S.R. Kadapa,Simhadripuram,Pydipalem
Andhra Pradesh,Y.S.R. Kadapa,Simhadripuram,Ravulakolanu
Andhra Pradesh,Y.S.R. Kadapa,Simhadripuram,Simhadripuram
Andhra Pradesh,Y.S.R. Kadapa,Simhadripuram,Sunkesula
Andhra Pradesh,Y.S.R. Kadapa,Simhadripuram,Theliki
Andhra Pradesh,Y.S.R. Kadapa,S.Mydukur,Annalur
Andhra Pradesh,Y.S.R. Kadapa,S.Mydukur,Audireddipalle
Andhra Pradesh,Y.S.R. Kadapa,S.Mydukur,Gaddamayapalle
Andhra Pradesh,Y.S.R. Kadapa,S.Mydukur,Ganjikunta
Andhra Pradesh,Y.S.R. Kadapa,S.Mydukur,Lingaladinne
Andhra Pradesh,Y.S.R. Kadapa,S.Mydukur,Mittamanipalle
Andhra Pradesh,Y.S.R. Kadapa,S.Mydukur,Mudireddipalle
Andhra Pradesh,Y.S.R. Kadapa,S.Mydukur,Nandyalampeta
Andhra Pradesh,Y.S.R. Kadapa,S.Mydukur,N.Mydukur
Andhra Pradesh,Y.S.R. Kadapa,S.Mydukur,Onipenta
Andhra Pradesh,Y.S.R. Kadapa,S.Mydukur,Settivaripalle
Andhra Pradesh,Y.S.R. Kadapa,S.Mydukur,Sivapuram
Andhra Pradesh,Y.S.R. Kadapa,S.Mydukur,S.Mydukur
Andhra Pradesh,Y.S.R. Kadapa,S.Mydukur,Somayajulapalle
Andhra Pradesh,Y.S.R. Kadapa,S.Mydukur,Thippireddipalle
Andhra Pradesh,Y.S.R. Kadapa,S.Mydukur,Yakarlapalem
Andhra Pradesh,Y.S.R. Kadapa,Sri Avadhutha Kasinayana,Akkampet
Andhra Pradesh,Y.S.R. Kadapa,Sri Avadhutha Kasinayana,Akkemgundla
Andhra Pradesh,Y.S.R. Kadapa,Sri Avadhutha Kasinayana,Balayapalle
Andhra Pradesh,Y.S.R. Kadapa,Sri Avadhutha Kasinayana,Ganganapalle
Andhra Pradesh,Y.S.R. Kadapa,Sri Avadhutha Kasinayana,Guntuvaripalle
Andhra Pradesh,Y.S.R. Kadapa,Sri Avadhutha Kasinayana,Itigullapadu
Andhra Pradesh,Y.S.R. Kadapa,Sri Avadhutha Kasinayana,Katheragandla
Andhra Pradesh,Y.S.R. Kadapa,Sri Avadhutha Kasinayana,Moolapalle
Andhra Pradesh,Y.S.R. Kadapa,Sri Avadhutha Kasinayana,Narasapuram
Andhra Pradesh,Y.S.R. Kadapa,Sri Avadhutha Kasinayana,Nayunipalle
Andhra Pradesh,Y.S.R. Kadapa,Sri Avadhutha Kasinayana,Obulapuram
Andhra Pradesh,Y.S.R. Kadapa,Sri Avadhutha Kasinayana,Pagadalapalle
Andhra Pradesh,Y.S.R. Kadapa,Sri Avadhutha Kasinayana,Pittigunta
Andhra Pradesh,Y.S.R. Kadapa,Sri Avadhutha Kasinayana,Rampadu
Andhra Pradesh,Y.S.R. Kadapa,Sri Avadhutha Kasinayana,Savisettipalle
Andhra Pradesh,Y.S.R. Kadapa,Sri Avadhutha Kasinayana,Uppalur
Andhra Pradesh,Y.S.R. Kadapa,Sri Avadhutha Kasinayana,Vankamarri
Andhra Pradesh,Y.S.R. Kadapa,Sri Avadhutha Kasinayana,Varikunta
Andhra Pradesh,Y.S.R. Kadapa,Sri Avadhutha Kasinayana,Vasudevapuram
Andhra Pradesh,Y.S.R. Kadapa,Sri Avadhutha Kasinayana,Vengalampalle
Andhra Pradesh,Y.S.R. Kadapa,Thondur,Agadur
Andhra Pradesh,Y.S.R. Kadapa,Thondur,Bhadrampalle
Andhra Pradesh,Y.S.R. Kadapa,Thondur,Buchupalle
Andhra Pradesh,Y.S.R. Kadapa,Thondur,Gotur
Andhra Pradesh,Y.S.R. Kadapa,Thondur,Gundlamadugu
Andhra Pradesh,Y.S.R. Kadapa,Thondur,Inagalur
Andhra Pradesh,Y.S.R. Kadapa,Thondur,Jalaparthi
Andhra Pradesh,Y.S.R. Kadapa,Thondur,Madur
Andhra Pradesh,Y.S.R. Kadapa,Thondur,Mallela
Andhra Pradesh,Y.S.R. Kadapa,Thondur,Palur
Andhra Pradesh,Y.S.R. Kadapa,Thondur,Santhakovvur
Andhra Pradesh,Y.S.R. Kadapa,Thondur,Sydapuram
Andhra Pradesh,Y.S.R. Kadapa,Thondur,Thellur
Andhra Pradesh,Y.S.R. Kadapa,Thondur,Thimmapurampeta
Andhra Pradesh,Y.S.R. Kadapa,Thondur,Thondur
Andhra Pradesh,Y.S.R. Kadapa,Thondur,Udavagandla
Andhra Pradesh,Y.S.R. Kadapa,Thondur,Yadavakunta
Andhra Pradesh,Y.S.R. Kadapa,Vallur,Ambavaram
Andhra Pradesh,Y.S.R. Kadapa,Vallur,Ankayapalle
Andhra Pradesh,Y.S.R. Kadapa,Vallur,Chinnaputha
Andhra Pradesh,Y.S.R. Kadapa,Vallur,Gotur
Andhra Pradesh,Y.S.R. Kadapa,Vallur,Isukapalle
Andhra Pradesh,Y.S.R. Kadapa,Vallur,Jangampalle
Andhra Pradesh,Y.S.R. Kadapa,Vallur,Kodandaramapuram
Andhra Pradesh,Y.S.R. Kadapa,Vallur,Koppolu
Andhra Pradesh,Y.S.R. Kadapa,Vallur,Kotluru
Andhra Pradesh,Y.S.R. Kadapa,Vallur,Kumarunipalle
Andhra Pradesh,Y.S.R. Kadapa,Vallur,Lebaka
Andhra Pradesh,Y.S.R. Kadapa,Vallur,Obana Somayajulapalle
Andhra Pradesh,Y.S.R. Kadapa,Vallur,Paidikalva
Andhra Pradesh,Y.S.R. Kadapa,Vallur,Peddaputha
Andhra Pradesh,Y.S.R. Kadapa,Vallur,Putha Chinnayapalle
Andhra Pradesh,Y.S.R. Kadapa,Vallur,Tappetla
Andhra Pradesh,Y.S.R. Kadapa,Vallur,Thollaganganapalle
Andhra Pradesh,Y.S.R. Kadapa,Vallur,Vallur
Andhra Pradesh,Y.S.R. Kadapa,Vallur,Venkatesapuram
Andhra Pradesh,Y.S.R. Kadapa,Vallur,Yadavapuram
Andhra Pradesh,Y.S.R. Kadapa,Veerapunayunipalle,Alidena
Andhra Pradesh,Y.S.R. Kadapa,Veerapunayunipalle,Animela
Andhra Pradesh,Y.S.R. Kadapa,Veerapunayunipalle,Ankireddipalle
Andhra Pradesh,Y.S.R. Kadapa,Veerapunayunipalle,Ayyavaripalle
Andhra Pradesh,Y.S.R. Kadapa,Veerapunayunipalle,Gangireddipalle
Andhra Pradesh,Y.S.R. Kadapa,Veerapunayunipalle,Gonumakulapalle
Andhra Pradesh,Y.S.R. Kadapa,Veerapunayunipalle,Indukur
Andhra Pradesh,Y.S.R. Kadapa,Veerapunayunipalle,Keerthipalle
Andhra Pradesh,Y.S.R. Kadapa,Veerapunayunipalle,Kommaddi
Andhra Pradesh,Y.S.R. Kadapa,Veerapunayunipalle,Lingala
Andhra Pradesh,Y.S.R. Kadapa,Veerapunayunipalle,Moillacheruvu
Andhra Pradesh,Y.S.R. Kadapa,Veerapunayunipalle,Northpalagiri
Andhra Pradesh,Y.S.R. Kadapa,Veerapunayunipalle,Payasampalle
Andhra Pradesh,Y.S.R. Kadapa,Veerapunayunipalle,Pillivaripalle
Andhra Pradesh,Y.S.R. Kadapa,Veerapunayunipalle,Southpalagiri
Andhra Pradesh,Y.S.R. Kadapa,Veerapunayunipalle,Talapanur
Andhra Pradesh,Y.S.R. Kadapa,Veerapunayunipalle,Tangedupalle
Andhra Pradesh,Y.S.R. Kadapa,Veerapunayunipalle,U.Rajupalem
Andhra Pradesh,Y.S.R. Kadapa,Veerapunayunipalle,Urutur
Andhra Pradesh,Y.S.R. Kadapa,Veerapunayunipalle,Veldurthi
Andhra Pradesh,Y.S.R. Kadapa,Vempalli,Alavalapadu
Andhra Pradesh,Y.S.R. Kadapa,Vempalli,Alireddipalle
Andhra Pradesh,Y.S.R. Kadapa,Vempalli,Idupulapaya
Andhra Pradesh,Y.S.R. Kadapa,Vempalli,Kathaluru
Andhra Pradesh,Y.S.R. Kadapa,Vempalli,Muthukuru
Andhra Pradesh,Y.S.R. Kadapa,Vempalli,Naguru
Andhra Pradesh,Y.S.R. Kadapa,Vempalli,Pamulur
Andhra Pradesh,Y.S.R. Kadapa,Vempalli,Ramireddipalle
Andhra Pradesh,Y.S.R. Kadapa,Vempalli,Tallapalle
Andhra Pradesh,Y.S.R. Kadapa,Vempalli,T.Velamvaripalle
Andhra Pradesh,Y.S.R. Kadapa,Vempalli,Vempalle
Andhra Pradesh,Y.S.R. Kadapa,Vemula,Chagaleru
Andhra Pradesh,Y.S.R. Kadapa,Vemula,Chintalajutur
Andhra Pradesh,Y.S.R. Kadapa,Vemula,Gollalagudur
Andhra Pradesh,Y.S.R. Kadapa,Vemula,Gondipalle
Andhra Pradesh,Y.S.R. Kadapa,Vemula,Meedipentla
Andhra Pradesh,Y.S.R. Kadapa,Vemula,Nallacheruvupalle
Andhra Pradesh,Y.S.R. Kadapa,Vemula,Peddajutur
Andhra Pradesh,Y.S.R. Kadapa,Vemula,Pendluru
Andhra Pradesh,Y.S.R. Kadapa,Vemula,Pernapadu
Andhra Pradesh,Y.S.R. Kadapa,Vemula,Velpula
Andhra Pradesh,Y.S.R. Kadapa,Vemula,Vemula
Andhra Pradesh,Y.S.R. Kadapa,Vemula,V.Kothapalle
Andhra Pradesh,Y.S.R. Kadapa,Vontimitta,Brahmanapalle
Andhra Pradesh,Y.S.R. Kadapa,Vontimitta,Chintarajupalle
Andhra Pradesh,Y.S.R. Kadapa,Vontimitta,Darjipalle
Andhra Pradesh,Y.S.R. Kadapa,Vontimitta,Gangaperuru
Andhra Pradesh,Y.S.R. Kadapa,Vontimitta,Gollapalle
Andhra Pradesh,Y.S.R. Kadapa,Vontimitta,Gundlamada
Andhra Pradesh,Y.S.R. Kadapa,Vontimitta,Jowkulapalle
Andhra Pradesh,Y.S.R. Kadapa,Vontimitta,Konarajupalle
Andhra Pradesh,Y.S.R. Kadapa,Vontimitta,Kotapadu
Andhra Pradesh,Y.S.R. Kadapa,Vontimitta,Kudumalur
Andhra Pradesh,Y.S.R. Kadapa,Vontimitta,Kuruguntlapalle
Andhra Pradesh,Y.S.R. Kadapa,Vontimitta,Madhavaram
Andhra Pradesh,Y.S.R. Kadapa,Vontimitta,Mangampeta
Andhra Pradesh,Y.S.R. Kadapa,Vontimitta,Mantapampalle
Andhra Pradesh,Y.S.R. Kadapa,Vontimitta,Narayanarajupeta
Andhra Pradesh,Y.S.R. Kadapa,Vontimitta,Pennaperuru
Andhra Pradesh,Y.S.R. Kadapa,Vontimitta,Ponnapalle
Andhra Pradesh,Y.S.R. Kadapa,Vontimitta,Rachagudipalle
Andhra Pradesh,Y.S.R. Kadapa,Vontimitta,Vontimitta
Andhra Pradesh,Y.S.R. Kadapa,Yerraguntla,Chilamkur
Andhra Pradesh,Y.S.R. Kadapa,Yerraguntla,Chinnadandluru
Andhra Pradesh,Y.S.R. Kadapa,Yerraguntla,Hanumanagutti
Andhra Pradesh,Y.S.R. Kadapa,Yerraguntla,Illuru
Andhra Pradesh,Y.S.R. Kadapa,Yerraguntla,Kalamalla
Andhra Pradesh,Y.S.R. Kadapa,Yerraguntla,Kathugutavengannagaripalle
Andhra Pradesh,Y.S.R. Kadapa,Yerraguntla,Koduru
Andhra Pradesh,Y.S.R. Kadapa,Yerraguntla,Malepadu
Andhra Pradesh,Y.S.R. Kadapa,Yerraguntla,Nidizivve
Andhra Pradesh,Y.S.R. Kadapa,Yerraguntla,Peddanapadu
Andhra Pradesh,Y.S.R. Kadapa,Yerraguntla,P.Gopalapuram
Andhra Pradesh,Y.S.R. Kadapa,Yerraguntla,Potladurthi
Andhra Pradesh,Y.S.R. Kadapa,Yerraguntla,Thippaluru
Andhra Pradesh,Y.S.R. Kadapa,Yerraguntla,T.Sunkesala
Andhra Pradesh,Y.S.R. Kadapa,Yerraguntla,Valasapalle
Andhra Pradesh,Y.S.R. Kadapa,Yerraguntla,Yerraguntla (Ct)
